[09/30/25 21:15:03] crowsnest: crowsnest - A webcam Service for multiple Cams and Stream Services.
[09/30/25 21:15:04] crowsnest: Version: v4.1.16-1-g059fa87
[09/30/25 21:15:04] crowsnest: Prepare Startup ...
[09/30/25 21:15:04] crowsnest: INFO: Host information:
[09/30/25 21:15:04] crowsnest: Host Info: Distribution: Debian GNU/Linux 12 (bookworm)
[09/30/25 21:15:04] crowsnest: Host Info: Release: MainsailOS release 2.2.2 (bookworm)
[09/30/25 21:15:04] crowsnest: Host Info: Kernel: Linux 6.12.47+rpt-rpi-v8 aarch64
[09/30/25 21:15:04] crowsnest: Host Info: Model:  Raspberry Pi 4 Model B Rev 1.1
[09/30/25 21:15:04] crowsnest: Host Info: Available CPU Cores: 4
[09/30/25 21:15:04] crowsnest: Host Info: Available Memory: 749052 kB
[09/30/25 21:15:04] crowsnest: Host Info: Diskspace (avail. / total): 6.3G / 15G
[09/30/25 21:15:04] crowsnest: INFO: Checking Dependencies
[09/30/25 21:15:04] crowsnest: Dependency: 'crudini' found in /usr/bin/crudini.
[09/30/25 21:15:04] crowsnest: Dependency: 'find' found in /usr/bin/find.
[09/30/25 21:15:04] crowsnest: Dependency: 'xargs' found in /usr/bin/xargs.
[09/30/25 21:15:04] crowsnest: Dependency: 'ustreamer' found in bin/ustreamer/src/ustreamer.bin.
[09/30/25 21:15:04] crowsnest: Dependency: 'camera-streamer' found in bin/camera-streamer/camera-streamer.
[09/30/25 21:15:04] crowsnest: Version Control: ustreamer is up to date. (v6.36)
[09/30/25 21:15:08] crowsnest: Version Control: camera-streamer is up to date. ((2f71a28))
[09/30/25 21:15:08] crowsnest: INFO: Print Configfile: '/home/jay/printer_data/config/crowsnest.conf'
[09/30/25 21:15:08] crowsnest:		[crowsnest]
[09/30/25 21:15:08] crowsnest:		log_path: /home/jay/printer_data/logs/crowsnest.log
[09/30/25 21:15:08] crowsnest:		log_level: verbose
[09/30/25 21:15:08] crowsnest:		delete_log: false
[09/30/25 21:15:08] crowsnest:		no_proxy: false
[09/30/25 21:15:08] crowsnest:		
[09/30/25 21:15:08] crowsnest:		[cam 1]
[09/30/25 21:15:08] crowsnest:		mode: ustreamer
[09/30/25 21:15:08] crowsnest:		
[09/30/25 21:15:08] crowsnest:		port: 8080
[09/30/25 21:15:08] crowsnest:		device: /dev/video0
[09/30/25 21:15:08] crowsnest:		resolution: 640x480
[09/30/25 21:15:08] crowsnest:		max_fps: 15
[09/30/25 21:15:08] crowsnest: INFO: Detect available Devices
[09/30/25 21:15:08] crowsnest: ERROR: No usable Devices Found. Stopping crowsnest.
[09/30/25 21:15:15] crowsnest: crowsnest - A webcam Service for multiple Cams and Stream Services.
[09/30/25 21:15:15] crowsnest: Version: v4.1.16-1-g059fa87
[09/30/25 21:15:15] crowsnest: Prepare Startup ...
[09/30/25 21:15:15] crowsnest: INFO: Host information:
[09/30/25 21:15:15] crowsnest: Host Info: Distribution: Debian GNU/Linux 12 (bookworm)
[09/30/25 21:15:15] crowsnest: Host Info: Release: MainsailOS release 2.2.2 (bookworm)
[09/30/25 21:15:15] crowsnest: Host Info: Kernel: Linux 6.12.47+rpt-rpi-v8 aarch64
[09/30/25 21:15:15] crowsnest: Host Info: Model:  Raspberry Pi 4 Model B Rev 1.1
[09/30/25 21:15:15] crowsnest: Host Info: Available CPU Cores: 4
[09/30/25 21:15:15] crowsnest: Host Info: Available Memory: 749052 kB
[09/30/25 21:15:15] crowsnest: Host Info: Diskspace (avail. / total): 6.3G / 15G
[09/30/25 21:15:15] crowsnest: INFO: Checking Dependencies
[09/30/25 21:15:15] crowsnest: Dependency: 'crudini' found in /usr/bin/crudini.
[09/30/25 21:15:15] crowsnest: Dependency: 'find' found in /usr/bin/find.
[09/30/25 21:15:15] crowsnest: Dependency: 'xargs' found in /usr/bin/xargs.
[09/30/25 21:15:15] crowsnest: Dependency: 'ustreamer' found in bin/ustreamer/src/ustreamer.bin.
[09/30/25 21:15:15] crowsnest: Dependency: 'camera-streamer' found in bin/camera-streamer/camera-streamer.
[09/30/25 21:15:15] crowsnest: Version Control: ustreamer is up to date. (v6.36)
[09/30/25 21:15:15] crowsnest: Version Control: camera-streamer is up to date. ((2f71a28))
[09/30/25 21:15:15] crowsnest: INFO: Print Configfile: '/home/jay/printer_data/config/crowsnest.conf'
[09/30/25 21:15:15] crowsnest:		[crowsnest]
[09/30/25 21:15:15] crowsnest:		log_path: /home/jay/printer_data/logs/crowsnest.log
[09/30/25 21:15:15] crowsnest:		log_level: verbose
[09/30/25 21:15:15] crowsnest:		delete_log: false
[09/30/25 21:15:15] crowsnest:		no_proxy: false
[09/30/25 21:15:15] crowsnest:		
[09/30/25 21:15:15] crowsnest:		[cam 1]
[09/30/25 21:15:15] crowsnest:		mode: ustreamer
[09/30/25 21:15:15] crowsnest:		
[09/30/25 21:15:15] crowsnest:		port: 8080
[09/30/25 21:15:15] crowsnest:		device: /dev/video0
[09/30/25 21:15:15] crowsnest:		resolution: 640x480
[09/30/25 21:15:15] crowsnest:		max_fps: 15
[09/30/25 21:15:15] crowsnest: INFO: Detect available Devices
[09/30/25 21:15:16] crowsnest: ERROR: No usable Devices Found. Stopping crowsnest.
[03/31/26 20:40:45] crowsnest: crowsnest - A webcam Service for multiple Cams and Stream Services.
[03/31/26 20:40:45] crowsnest: Version: v4.1.16-1-g059fa87
[03/31/26 20:40:45] crowsnest: Prepare Startup ...
[03/31/26 20:40:45] crowsnest: INFO: Host information:
[03/31/26 20:40:45] crowsnest: Host Info: Distribution: Debian GNU/Linux 12 (bookworm)
[03/31/26 20:40:45] crowsnest: Host Info: Release: MainsailOS release 2.2.2 (bookworm)
[03/31/26 20:40:45] crowsnest: Host Info: Kernel: Linux 6.12.47+rpt-rpi-v8 aarch64
[03/31/26 20:40:45] crowsnest: Host Info: Model:  Raspberry Pi 4 Model B Rev 1.1
[03/31/26 20:40:45] crowsnest: Host Info: Available CPU Cores: 4
[03/31/26 20:40:45] crowsnest: Host Info: Available Memory: 749052 kB
[03/31/26 20:40:45] crowsnest: Host Info: Diskspace (avail. / total): 6.2G / 15G
[03/31/26 20:40:45] crowsnest: INFO: Checking Dependencies
[03/31/26 20:40:45] crowsnest: Dependency: 'crudini' found in /usr/bin/crudini.
[03/31/26 20:40:45] crowsnest: Dependency: 'find' found in /usr/bin/find.
[03/31/26 20:40:45] crowsnest: Dependency: 'xargs' found in /usr/bin/xargs.
[03/31/26 20:40:45] crowsnest: Dependency: 'ustreamer' found in bin/ustreamer/src/ustreamer.bin.
[03/31/26 20:40:45] crowsnest: Dependency: 'camera-streamer' found in bin/camera-streamer/camera-streamer.
[03/31/26 20:40:46] crowsnest: Version Control: ustreamer is up to date. (v6.36)
[03/31/26 20:40:52] crowsnest: Shutdown or Killed by User!
[03/31/26 20:40:52] crowsnest: Please come again :)
[03/31/26 20:40:52] crowsnest: Goodbye...
[03/31/26 20:41:09] crowsnest: crowsnest - A webcam Service for multiple Cams and Stream Services.
[03/31/26 20:41:09] crowsnest: Version: v4.1.16-1-g059fa87
[03/31/26 20:41:09] crowsnest: Prepare Startup ...
[03/31/26 20:41:09] crowsnest: INFO: Host information:
[03/31/26 20:41:09] crowsnest: Host Info: Distribution: Debian GNU/Linux 12 (bookworm)
[03/31/26 20:41:09] crowsnest: Host Info: Release: MainsailOS release 2.2.2 (bookworm)
[03/31/26 20:41:09] crowsnest: Host Info: Kernel: Linux 6.12.47+rpt-rpi-v8 aarch64
[03/31/26 20:41:09] crowsnest: Host Info: Model:  Raspberry Pi 4 Model B Rev 1.1
[03/31/26 20:41:09] crowsnest: Host Info: Available CPU Cores: 4
[03/31/26 20:41:09] crowsnest: Host Info: Available Memory: 749048 kB
[03/31/26 20:41:09] crowsnest: Host Info: Diskspace (avail. / total): 6.2G / 15G
[03/31/26 20:41:09] crowsnest: INFO: Checking Dependencies
[03/31/26 20:41:09] crowsnest: Dependency: 'crudini' found in /usr/bin/crudini.
[03/31/26 20:41:09] crowsnest: Dependency: 'find' found in /usr/bin/find.
[03/31/26 20:41:09] crowsnest: Dependency: 'xargs' found in /usr/bin/xargs.
[03/31/26 20:41:09] crowsnest: Dependency: 'ustreamer' found in bin/ustreamer/src/ustreamer.bin.
[03/31/26 20:41:09] crowsnest: Dependency: 'camera-streamer' found in bin/camera-streamer/camera-streamer.
[03/31/26 20:41:09] crowsnest: Version Control: ustreamer is up to date. (v6.36)
[03/31/26 20:41:11] crowsnest: Version Control: camera-streamer is up to date. ((2f71a28))
[03/31/26 20:41:11] crowsnest: INFO: Print Configfile: '/home/jay/printer_data/config/crowsnest.conf'
[03/31/26 20:41:11] crowsnest:		[crowsnest]
[03/31/26 20:41:11] crowsnest:		log_path: /home/jay/printer_data/logs/crowsnest.log
[03/31/26 20:41:11] crowsnest:		log_level: verbose
[03/31/26 20:41:11] crowsnest:		delete_log: false
[03/31/26 20:41:11] crowsnest:		no_proxy: false
[03/31/26 20:41:11] crowsnest:		
[03/31/26 20:41:11] crowsnest:		[cam 1]
[03/31/26 20:41:11] crowsnest:		mode: ustreamer
[03/31/26 20:41:11] crowsnest:		
[03/31/26 20:41:11] crowsnest:		port: 8080
[03/31/26 20:41:11] crowsnest:		device: /dev/video0
[03/31/26 20:41:11] crowsnest:		resolution: 640x480
[03/31/26 20:41:11] crowsnest:		max_fps: 15
[03/31/26 20:41:11] crowsnest: INFO: Detect available Devices
[03/31/26 20:41:12] crowsnest: ERROR: No usable Devices Found. Stopping crowsnest.
[03/31/26 20:41:17] crowsnest: crowsnest - A webcam Service for multiple Cams and Stream Services.
[03/31/26 20:41:17] crowsnest: Version: v4.1.16-1-g059fa87
[03/31/26 20:41:17] crowsnest: Prepare Startup ...
[03/31/26 20:41:17] crowsnest: INFO: Host information:
[03/31/26 20:41:17] crowsnest: Host Info: Distribution: Debian GNU/Linux 12 (bookworm)
[03/31/26 20:41:18] crowsnest: Host Info: Release: MainsailOS release 2.2.2 (bookworm)
[03/31/26 20:41:18] crowsnest: Host Info: Kernel: Linux 6.12.47+rpt-rpi-v8 aarch64
[03/31/26 20:41:18] crowsnest: Host Info: Model:  Raspberry Pi 4 Model B Rev 1.1
[03/31/26 20:41:18] crowsnest: Host Info: Available CPU Cores: 4
[03/31/26 20:41:18] crowsnest: Host Info: Available Memory: 749048 kB
[03/31/26 20:41:18] crowsnest: Host Info: Diskspace (avail. / total): 6.2G / 15G
[03/31/26 20:41:18] crowsnest: INFO: Checking Dependencies
[03/31/26 20:41:18] crowsnest: Dependency: 'crudini' found in /usr/bin/crudini.
[03/31/26 20:41:18] crowsnest: Dependency: 'find' found in /usr/bin/find.
[03/31/26 20:41:18] crowsnest: Dependency: 'xargs' found in /usr/bin/xargs.
[03/31/26 20:41:18] crowsnest: Dependency: 'ustreamer' found in bin/ustreamer/src/ustreamer.bin.
[03/31/26 20:41:18] crowsnest: Dependency: 'camera-streamer' found in bin/camera-streamer/camera-streamer.
[03/31/26 20:41:18] crowsnest: Version Control: ustreamer is up to date. (v6.36)
[03/31/26 20:41:18] crowsnest: Version Control: camera-streamer is up to date. ((2f71a28))
[03/31/26 20:41:18] crowsnest: INFO: Print Configfile: '/home/jay/printer_data/config/crowsnest.conf'
[03/31/26 20:41:18] crowsnest:		[crowsnest]
[03/31/26 20:41:18] crowsnest:		log_path: /home/jay/printer_data/logs/crowsnest.log
[03/31/26 20:41:18] crowsnest:		log_level: verbose
[03/31/26 20:41:18] crowsnest:		delete_log: false
[03/31/26 20:41:18] crowsnest:		no_proxy: false
[03/31/26 20:41:18] crowsnest:		
[03/31/26 20:41:18] crowsnest:		[cam 1]
[03/31/26 20:41:18] crowsnest:		mode: ustreamer
[03/31/26 20:41:18] crowsnest:		
[03/31/26 20:41:18] crowsnest:		port: 8080
[03/31/26 20:41:18] crowsnest:		device: /dev/video0
[03/31/26 20:41:18] crowsnest:		resolution: 640x480
[03/31/26 20:41:18] crowsnest:		max_fps: 15
[03/31/26 20:41:18] crowsnest: INFO: Detect available Devices
[03/31/26 20:41:18] crowsnest: ERROR: No usable Devices Found. Stopping crowsnest.
[03/31/26 20:41:25] crowsnest: crowsnest - A webcam Service for multiple Cams and Stream Services.
[03/31/26 20:41:25] crowsnest: Version: v4.1.16-1-g059fa87
[03/31/26 20:41:25] crowsnest: Prepare Startup ...
[03/31/26 20:41:25] crowsnest: INFO: Host information:
[03/31/26 20:41:25] crowsnest: Host Info: Distribution: Debian GNU/Linux 12 (bookworm)
[03/31/26 20:41:25] crowsnest: Host Info: Release: MainsailOS release 2.2.2 (bookworm)
[03/31/26 20:41:25] crowsnest: Host Info: Kernel: Linux 6.12.47+rpt-rpi-v8 aarch64
[03/31/26 20:41:25] crowsnest: Host Info: Model:  Raspberry Pi 4 Model B Rev 1.1
[03/31/26 20:41:25] crowsnest: Host Info: Available CPU Cores: 4
[03/31/26 20:41:25] crowsnest: Host Info: Available Memory: 749048 kB
[03/31/26 20:41:25] crowsnest: Host Info: Diskspace (avail. / total): 6.2G / 15G
[03/31/26 20:41:25] crowsnest: INFO: Checking Dependencies
[03/31/26 20:41:25] crowsnest: Dependency: 'crudini' found in /usr/bin/crudini.
[03/31/26 20:41:25] crowsnest: Dependency: 'find' found in /usr/bin/find.
[03/31/26 20:41:25] crowsnest: Dependency: 'xargs' found in /usr/bin/xargs.
[03/31/26 20:41:25] crowsnest: Dependency: 'ustreamer' found in bin/ustreamer/src/ustreamer.bin.
[03/31/26 20:41:25] crowsnest: Dependency: 'camera-streamer' found in bin/camera-streamer/camera-streamer.
[03/31/26 20:41:25] crowsnest: Version Control: ustreamer is up to date. (v6.36)
[03/31/26 20:41:25] crowsnest: Version Control: camera-streamer is up to date. ((2f71a28))
[03/31/26 20:41:25] crowsnest: INFO: Print Configfile: '/home/jay/printer_data/config/crowsnest.conf'
[03/31/26 20:41:25] crowsnest:		[crowsnest]
[03/31/26 20:41:25] crowsnest:		log_path: /home/jay/printer_data/logs/crowsnest.log
[03/31/26 20:41:25] crowsnest:		log_level: verbose
[03/31/26 20:41:25] crowsnest:		delete_log: false
[03/31/26 20:41:25] crowsnest:		no_proxy: false
[03/31/26 20:41:25] crowsnest:		
[03/31/26 20:41:25] crowsnest:		[cam 1]
[03/31/26 20:41:25] crowsnest:		mode: ustreamer
[03/31/26 20:41:25] crowsnest:		
[03/31/26 20:41:25] crowsnest:		port: 8080
[03/31/26 20:41:25] crowsnest:		device: /dev/video0
[03/31/26 20:41:25] crowsnest:		resolution: 640x480
[03/31/26 20:41:25] crowsnest:		max_fps: 15
[03/31/26 20:41:25] crowsnest: INFO: Detect available Devices
[03/31/26 20:41:25] crowsnest: ERROR: No usable Devices Found. Stopping crowsnest.
[03/31/26 20:41:31] crowsnest: crowsnest - A webcam Service for multiple Cams and Stream Services.
[03/31/26 20:41:31] crowsnest: Version: v4.1.16-1-g059fa87
[03/31/26 20:41:31] crowsnest: Prepare Startup ...
[03/31/26 20:41:31] crowsnest: INFO: Host information:
[03/31/26 20:41:31] crowsnest: Host Info: Distribution: Debian GNU/Linux 12 (bookworm)
[03/31/26 20:41:31] crowsnest: Host Info: Release: MainsailOS release 2.2.2 (bookworm)
[03/31/26 20:41:31] crowsnest: Host Info: Kernel: Linux 6.12.47+rpt-rpi-v8 aarch64
[03/31/26 20:41:31] crowsnest: Host Info: Model:  Raspberry Pi 4 Model B Rev 1.1
[03/31/26 20:41:31] crowsnest: Host Info: Available CPU Cores: 4
[03/31/26 20:41:31] crowsnest: Host Info: Available Memory: 749048 kB
[03/31/26 20:41:31] crowsnest: Host Info: Diskspace (avail. / total): 6.2G / 15G
[03/31/26 20:41:31] crowsnest: INFO: Checking Dependencies
[03/31/26 20:41:31] crowsnest: Dependency: 'crudini' found in /usr/bin/crudini.
[03/31/26 20:41:32] crowsnest: Dependency: 'find' found in /usr/bin/find.
[03/31/26 20:41:32] crowsnest: Dependency: 'xargs' found in /usr/bin/xargs.
[03/31/26 20:41:32] crowsnest: Dependency: 'ustreamer' found in bin/ustreamer/src/ustreamer.bin.
[03/31/26 20:41:32] crowsnest: Dependency: 'camera-streamer' found in bin/camera-streamer/camera-streamer.
[03/31/26 20:41:32] crowsnest: Version Control: ustreamer is up to date. (v6.36)
[03/31/26 20:41:32] crowsnest: Version Control: camera-streamer is up to date. ((2f71a28))
[03/31/26 20:41:32] crowsnest: INFO: Print Configfile: '/home/jay/printer_data/config/crowsnest.conf'
[03/31/26 20:41:32] crowsnest:		[crowsnest]
[03/31/26 20:41:32] crowsnest:		log_path: /home/jay/printer_data/logs/crowsnest.log
[03/31/26 20:41:32] crowsnest:		log_level: verbose
[03/31/26 20:41:32] crowsnest:		delete_log: false
[03/31/26 20:41:32] crowsnest:		no_proxy: false
[03/31/26 20:41:32] crowsnest:		
[03/31/26 20:41:32] crowsnest:		[cam 1]
[03/31/26 20:41:32] crowsnest:		mode: ustreamer
[03/31/26 20:41:32] crowsnest:		
[03/31/26 20:41:32] crowsnest:		port: 8080
[03/31/26 20:41:32] crowsnest:		device: /dev/video0
[03/31/26 20:41:32] crowsnest:		resolution: 640x480
[03/31/26 20:41:32] crowsnest:		max_fps: 15
[03/31/26 20:41:32] crowsnest: INFO: Detect available Devices
[03/31/26 20:41:32] crowsnest: ERROR: No usable Devices Found. Stopping crowsnest.
[03/31/26 20:41:38] crowsnest: crowsnest - A webcam Service for multiple Cams and Stream Services.
[03/31/26 20:41:38] crowsnest: Version: v4.1.16-1-g059fa87
[03/31/26 20:41:38] crowsnest: Prepare Startup ...
[03/31/26 20:41:38] crowsnest: INFO: Host information:
[03/31/26 20:41:38] crowsnest: Host Info: Distribution: Debian GNU/Linux 12 (bookworm)
[03/31/26 20:41:38] crowsnest: Host Info: Release: MainsailOS release 2.2.2 (bookworm)
[03/31/26 20:41:38] crowsnest: Host Info: Kernel: Linux 6.12.47+rpt-rpi-v8 aarch64
[03/31/26 20:41:38] crowsnest: Host Info: Model:  Raspberry Pi 4 Model B Rev 1.1
[03/31/26 20:41:38] crowsnest: Host Info: Available CPU Cores: 4
[03/31/26 20:41:38] crowsnest: Host Info: Available Memory: 749048 kB
[03/31/26 20:41:38] crowsnest: Host Info: Diskspace (avail. / total): 6.2G / 15G
[03/31/26 20:41:38] crowsnest: INFO: Checking Dependencies
[03/31/26 20:41:38] crowsnest: Dependency: 'crudini' found in /usr/bin/crudini.
[03/31/26 20:41:38] crowsnest: Dependency: 'find' found in /usr/bin/find.
[03/31/26 20:41:38] crowsnest: Dependency: 'xargs' found in /usr/bin/xargs.
[03/31/26 20:41:38] crowsnest: Dependency: 'ustreamer' found in bin/ustreamer/src/ustreamer.bin.
[03/31/26 20:41:38] crowsnest: Dependency: 'camera-streamer' found in bin/camera-streamer/camera-streamer.
[03/31/26 20:41:38] crowsnest: Version Control: ustreamer is up to date. (v6.36)
[03/31/26 20:41:38] crowsnest: Version Control: camera-streamer is up to date. ((2f71a28))
[03/31/26 20:41:38] crowsnest: INFO: Print Configfile: '/home/jay/printer_data/config/crowsnest.conf'
[03/31/26 20:41:38] crowsnest:		[crowsnest]
[03/31/26 20:41:38] crowsnest:		log_path: /home/jay/printer_data/logs/crowsnest.log
[03/31/26 20:41:38] crowsnest:		log_level: verbose
[03/31/26 20:41:38] crowsnest:		delete_log: false
[03/31/26 20:41:38] crowsnest:		no_proxy: false
[03/31/26 20:41:38] crowsnest:		
[03/31/26 20:41:38] crowsnest:		[cam 1]
[03/31/26 20:41:38] crowsnest:		mode: ustreamer
[03/31/26 20:41:38] crowsnest:		
[03/31/26 20:41:38] crowsnest:		port: 8080
[03/31/26 20:41:38] crowsnest:		device: /dev/video0
[03/31/26 20:41:38] crowsnest:		resolution: 640x480
[03/31/26 20:41:38] crowsnest:		max_fps: 15
[03/31/26 20:41:38] crowsnest: INFO: Detect available Devices
[03/31/26 20:41:38] crowsnest: ERROR: No usable Devices Found. Stopping crowsnest.
[03/31/26 20:41:44] crowsnest: crowsnest - A webcam Service for multiple Cams and Stream Services.
[03/31/26 20:41:44] crowsnest: Version: v4.1.16-1-g059fa87
[03/31/26 20:41:44] crowsnest: Prepare Startup ...
[03/31/26 20:41:44] crowsnest: INFO: Host information:
[03/31/26 20:41:44] crowsnest: Host Info: Distribution: Debian GNU/Linux 12 (bookworm)
[03/31/26 20:41:44] crowsnest: Host Info: Release: MainsailOS release 2.2.2 (bookworm)
[03/31/26 20:41:44] crowsnest: Host Info: Kernel: Linux 6.12.47+rpt-rpi-v8 aarch64
[03/31/26 20:41:44] crowsnest: Host Info: Model:  Raspberry Pi 4 Model B Rev 1.1
[03/31/26 20:41:44] crowsnest: Host Info: Available CPU Cores: 4
[03/31/26 20:41:44] crowsnest: Host Info: Available Memory: 749048 kB
[03/31/26 20:41:44] crowsnest: Host Info: Diskspace (avail. / total): 6.2G / 15G
[03/31/26 20:41:44] crowsnest: INFO: Checking Dependencies
[03/31/26 20:41:44] crowsnest: Dependency: 'crudini' found in /usr/bin/crudini.
[03/31/26 20:41:44] crowsnest: Dependency: 'find' found in /usr/bin/find.
[03/31/26 20:41:44] crowsnest: Dependency: 'xargs' found in /usr/bin/xargs.
[03/31/26 20:41:44] crowsnest: Dependency: 'ustreamer' found in bin/ustreamer/src/ustreamer.bin.
[03/31/26 20:41:44] crowsnest: Dependency: 'camera-streamer' found in bin/camera-streamer/camera-streamer.
[03/31/26 20:41:44] crowsnest: Version Control: ustreamer is up to date. (v6.36)
[03/31/26 20:41:45] crowsnest: Version Control: camera-streamer is up to date. ((2f71a28))
[03/31/26 20:41:45] crowsnest: INFO: Print Configfile: '/home/jay/printer_data/config/crowsnest.conf'
[03/31/26 20:41:45] crowsnest:		[crowsnest]
[03/31/26 20:41:45] crowsnest:		log_path: /home/jay/printer_data/logs/crowsnest.log
[03/31/26 20:41:45] crowsnest:		log_level: verbose
[03/31/26 20:41:45] crowsnest:		delete_log: false
[03/31/26 20:41:45] crowsnest:		no_proxy: false
[03/31/26 20:41:45] crowsnest:		
[03/31/26 20:41:45] crowsnest:		[cam 1]
[03/31/26 20:41:45] crowsnest:		mode: ustreamer
[03/31/26 20:41:45] crowsnest:		
[03/31/26 20:41:45] crowsnest:		port: 8080
[03/31/26 20:41:45] crowsnest:		device: /dev/video0
[03/31/26 20:41:45] crowsnest:		resolution: 640x480
[03/31/26 20:41:45] crowsnest:		max_fps: 15
[03/31/26 20:41:45] crowsnest: INFO: Detect available Devices
[03/31/26 20:41:45] crowsnest: ERROR: No usable Devices Found. Stopping crowsnest.
[03/31/26 20:54:34] crowsnest: crowsnest - A webcam Service for multiple Cams and Stream Services.
[03/31/26 20:54:34] crowsnest: Version: v4.1.16-1-g059fa87
[03/31/26 20:54:34] crowsnest: Prepare Startup ...
[03/31/26 20:54:35] crowsnest: INFO: Host information:
[03/31/26 20:54:36] crowsnest: Host Info: Distribution: Debian GNU/Linux 12 (bookworm)
[03/31/26 20:54:39] crowsnest: Host Info: Release: MainsailOS release 2.2.2 (bookworm)
[03/31/26 20:54:45] crowsnest: Host Info: Kernel: Linux 6.12.47+rpt-rpi-v8 aarch64
[03/31/26 20:54:45] crowsnest: Host Info: Model:  Raspberry Pi 4 Model B Rev 1.1
[03/31/26 20:54:45] crowsnest: Host Info: Available CPU Cores: 4
[03/31/26 20:54:45] crowsnest: Host Info: Available Memory: 749048 kB
[03/31/26 20:54:45] crowsnest: Host Info: Diskspace (avail. / total): 6.1G / 15G
[03/31/26 20:54:46] crowsnest: INFO: Checking Dependencies
[03/31/26 20:54:46] crowsnest: Dependency: 'crudini' found in /usr/bin/crudini.
[03/31/26 20:54:46] crowsnest: Dependency: 'find' found in /usr/bin/find.
[03/31/26 20:54:46] crowsnest: Dependency: 'xargs' found in /usr/bin/xargs.
[03/31/26 20:54:47] crowsnest: Dependency: 'ustreamer' found in bin/ustreamer/src/ustreamer.bin.
[03/31/26 20:54:47] crowsnest: Dependency: 'camera-streamer' found in bin/camera-streamer/camera-streamer.
[03/31/26 20:54:48] crowsnest: Version Control: ustreamer is up to date. (v6.36)
[03/31/26 20:54:48] crowsnest: Version Control: camera-streamer is up to date. ((2f71a28))
[03/31/26 20:54:48] crowsnest: INFO: Print Configfile: '/home/jay/printer_data/config/crowsnest.conf'
[03/31/26 20:54:48] crowsnest:		[crowsnest]
[03/31/26 20:54:48] crowsnest:		log_path: /home/jay/printer_data/logs/crowsnest.log
[03/31/26 20:54:48] crowsnest:		log_level: verbose
[03/31/26 20:54:48] crowsnest:		delete_log: false
[03/31/26 20:54:48] crowsnest:		no_proxy: false
[03/31/26 20:54:48] crowsnest:		
[03/31/26 20:54:48] crowsnest:		[cam 1]
[03/31/26 20:54:48] crowsnest:		mode: ustreamer
[03/31/26 20:54:48] crowsnest:		
[03/31/26 20:54:48] crowsnest:		port: 8080
[03/31/26 20:54:48] crowsnest:		device: /dev/video0
[03/31/26 20:54:48] crowsnest:		resolution: 640x480
[03/31/26 20:54:48] crowsnest:		max_fps: 15
[03/31/26 20:54:48] crowsnest: INFO: Detect available Devices
[03/31/26 20:54:49] crowsnest: ERROR: No usable Devices Found. Stopping crowsnest.
[03/31/26 20:54:56] crowsnest: crowsnest - A webcam Service for multiple Cams and Stream Services.
[03/31/26 20:54:57] crowsnest: Version: v4.1.16-1-g059fa87
[03/31/26 20:54:57] crowsnest: Prepare Startup ...
[03/31/26 20:54:57] crowsnest: INFO: Host information:
[03/31/26 20:54:57] crowsnest: Host Info: Distribution: Debian GNU/Linux 12 (bookworm)
[03/31/26 20:54:57] crowsnest: Host Info: Release: MainsailOS release 2.2.2 (bookworm)
[03/31/26 20:54:57] crowsnest: Host Info: Kernel: Linux 6.12.47+rpt-rpi-v8 aarch64
[03/31/26 20:54:57] crowsnest: Host Info: Model:  Raspberry Pi 4 Model B Rev 1.1
[03/31/26 20:54:57] crowsnest: Host Info: Available CPU Cores: 4
[03/31/26 20:54:57] crowsnest: Host Info: Available Memory: 749048 kB
[03/31/26 20:54:57] crowsnest: Host Info: Diskspace (avail. / total): 6.3G / 15G
[03/31/26 20:54:57] crowsnest: INFO: Checking Dependencies
[03/31/26 20:54:57] crowsnest: Dependency: 'crudini' found in /usr/bin/crudini.
[03/31/26 20:54:57] crowsnest: Dependency: 'find' found in /usr/bin/find.
[03/31/26 20:54:57] crowsnest: Dependency: 'xargs' found in /usr/bin/xargs.
[03/31/26 20:54:57] crowsnest: Dependency: 'ustreamer' found in bin/ustreamer/src/ustreamer.bin.
[03/31/26 20:54:57] crowsnest: Dependency: 'camera-streamer' found in bin/camera-streamer/camera-streamer.
[03/31/26 20:54:57] crowsnest: Version Control: ustreamer is up to date. (v6.36)
[03/31/26 20:54:57] crowsnest: Version Control: camera-streamer is up to date. ((2f71a28))
[03/31/26 20:54:57] crowsnest: INFO: Print Configfile: '/home/jay/printer_data/config/crowsnest.conf'
[03/31/26 20:54:57] crowsnest:		[crowsnest]
[03/31/26 20:54:57] crowsnest:		log_path: /home/jay/printer_data/logs/crowsnest.log
[03/31/26 20:54:57] crowsnest:		log_level: verbose
[03/31/26 20:54:57] crowsnest:		delete_log: false
[03/31/26 20:54:57] crowsnest:		no_proxy: false
[03/31/26 20:54:57] crowsnest:		
[03/31/26 20:54:57] crowsnest:		[cam 1]
[03/31/26 20:54:57] crowsnest:		mode: ustreamer
[03/31/26 20:54:57] crowsnest:		
[03/31/26 20:54:57] crowsnest:		port: 8080
[03/31/26 20:54:57] crowsnest:		device: /dev/video0
[03/31/26 20:54:57] crowsnest:		resolution: 640x480
[03/31/26 20:54:57] crowsnest:		max_fps: 15
[03/31/26 20:54:57] crowsnest: INFO: Detect available Devices
[03/31/26 20:54:57] crowsnest: ERROR: No usable Devices Found. Stopping crowsnest.
[03/31/26 20:55:14] crowsnest: crowsnest - A webcam Service for multiple Cams and Stream Services.
[03/31/26 20:55:14] crowsnest: Version: v4.1.16-1-g059fa87
[03/31/26 20:55:14] crowsnest: Prepare Startup ...
[03/31/26 20:55:14] crowsnest: INFO: Host information:
[03/31/26 20:55:14] crowsnest: Host Info: Distribution: Debian GNU/Linux 12 (bookworm)
[03/31/26 20:55:14] crowsnest: Host Info: Release: MainsailOS release 2.2.2 (bookworm)
[03/31/26 20:55:14] crowsnest: Host Info: Kernel: Linux 6.12.47+rpt-rpi-v8 aarch64
[03/31/26 20:55:14] crowsnest: Host Info: Model:  Raspberry Pi 4 Model B Rev 1.1
[03/31/26 20:55:14] crowsnest: Host Info: Available CPU Cores: 4
[03/31/26 20:55:14] crowsnest: Host Info: Available Memory: 749048 kB
[03/31/26 20:55:14] crowsnest: Host Info: Diskspace (avail. / total): 6.2G / 15G
[03/31/26 20:55:14] crowsnest: INFO: Checking Dependencies
[03/31/26 20:55:14] crowsnest: Dependency: 'crudini' found in /usr/bin/crudini.
[03/31/26 20:55:14] crowsnest: Dependency: 'find' found in /usr/bin/find.
[03/31/26 20:55:14] crowsnest: Dependency: 'xargs' found in /usr/bin/xargs.
[03/31/26 20:55:14] crowsnest: Dependency: 'ustreamer' found in bin/ustreamer/src/ustreamer.bin.
[03/31/26 20:55:14] crowsnest: Dependency: 'camera-streamer' found in bin/camera-streamer/camera-streamer.
[03/31/26 20:55:14] crowsnest: Version Control: ustreamer is up to date. (v6.36)
[03/31/26 20:55:14] crowsnest: Version Control: camera-streamer is up to date. ((2f71a28))
[03/31/26 20:55:14] crowsnest: INFO: Print Configfile: '/home/jay/printer_data/config/crowsnest.conf'
[03/31/26 20:55:14] crowsnest:		[crowsnest]
[03/31/26 20:55:14] crowsnest:		log_path: /home/jay/printer_data/logs/crowsnest.log
[03/31/26 20:55:14] crowsnest:		log_level: verbose
[03/31/26 20:55:14] crowsnest:		delete_log: false
[03/31/26 20:55:14] crowsnest:		no_proxy: false
[03/31/26 20:55:14] crowsnest:		
[03/31/26 20:55:14] crowsnest:		[cam 1]
[03/31/26 20:55:14] crowsnest:		mode: ustreamer
[03/31/26 20:55:14] crowsnest:		
[03/31/26 20:55:14] crowsnest:		port: 8080
[03/31/26 20:55:14] crowsnest:		device: /dev/video0
[03/31/26 20:55:14] crowsnest:		resolution: 640x480
[03/31/26 20:55:14] crowsnest:		max_fps: 15
[03/31/26 20:55:14] crowsnest: INFO: Detect available Devices
[03/31/26 20:55:14] crowsnest: ERROR: No usable Devices Found. Stopping crowsnest.
[03/31/26 20:55:20] crowsnest: crowsnest - A webcam Service for multiple Cams and Stream Services.
[03/31/26 20:55:20] crowsnest: Version: v4.1.16-1-g059fa87
[03/31/26 20:55:20] crowsnest: Prepare Startup ...
[03/31/26 20:55:20] crowsnest: INFO: Host information:
[03/31/26 20:55:20] crowsnest: Host Info: Distribution: Debian GNU/Linux 12 (bookworm)
[03/31/26 20:55:20] crowsnest: Host Info: Release: MainsailOS release 2.2.2 (bookworm)
[03/31/26 20:55:20] crowsnest: Host Info: Kernel: Linux 6.12.47+rpt-rpi-v8 aarch64
[03/31/26 20:55:20] crowsnest: Host Info: Model:  Raspberry Pi 4 Model B Rev 1.1
[03/31/26 20:55:20] crowsnest: Host Info: Available CPU Cores: 4
[03/31/26 20:55:20] crowsnest: Host Info: Available Memory: 749048 kB
[03/31/26 20:55:20] crowsnest: Host Info: Diskspace (avail. / total): 6.2G / 15G
[03/31/26 20:55:20] crowsnest: INFO: Checking Dependencies
[03/31/26 20:55:20] crowsnest: Dependency: 'crudini' found in /usr/bin/crudini.
[03/31/26 20:55:20] crowsnest: Dependency: 'find' found in /usr/bin/find.
[03/31/26 20:55:20] crowsnest: Dependency: 'xargs' found in /usr/bin/xargs.
[03/31/26 20:55:20] crowsnest: Dependency: 'ustreamer' found in bin/ustreamer/src/ustreamer.bin.
[03/31/26 20:55:20] crowsnest: Dependency: 'camera-streamer' found in bin/camera-streamer/camera-streamer.
[03/31/26 20:55:20] crowsnest: Version Control: ustreamer is up to date. (v6.36)
[03/31/26 20:55:20] crowsnest: Version Control: camera-streamer is up to date. ((2f71a28))
[03/31/26 20:55:20] crowsnest: INFO: Print Configfile: '/home/jay/printer_data/config/crowsnest.conf'
[03/31/26 20:55:20] crowsnest:		[crowsnest]
[03/31/26 20:55:20] crowsnest:		log_path: /home/jay/printer_data/logs/crowsnest.log
[03/31/26 20:55:20] crowsnest:		log_level: verbose
[03/31/26 20:55:20] crowsnest:		delete_log: false
[03/31/26 20:55:20] crowsnest:		no_proxy: false
[03/31/26 20:55:20] crowsnest:		
[03/31/26 20:55:20] crowsnest:		[cam 1]
[03/31/26 20:55:20] crowsnest:		mode: ustreamer
[03/31/26 20:55:20] crowsnest:		
[03/31/26 20:55:20] crowsnest:		port: 8080
[03/31/26 20:55:20] crowsnest:		device: /dev/video0
[03/31/26 20:55:20] crowsnest:		resolution: 640x480
[03/31/26 20:55:20] crowsnest:		max_fps: 15
[03/31/26 20:55:20] crowsnest: INFO: Detect available Devices
[03/31/26 20:55:20] crowsnest: ERROR: No usable Devices Found. Stopping crowsnest.
[03/31/26 21:03:28] crowsnest: crowsnest - A webcam Service for multiple Cams and Stream Services.
[03/31/26 21:03:28] crowsnest: Version: v4.1.17-1-g9cc3d4a
[03/31/26 21:03:28] crowsnest: Prepare Startup ...
[03/31/26 21:03:28] crowsnest: INFO: Host information:
[03/31/26 21:03:28] crowsnest: Host Info: Distribution: Debian GNU/Linux 12 (bookworm)
[03/31/26 21:03:28] crowsnest: Host Info: Release: MainsailOS release 2.2.2 (bookworm)
[03/31/26 21:03:28] crowsnest: Host Info: Kernel: Linux 6.12.47+rpt-rpi-v8 aarch64
[03/31/26 21:03:28] crowsnest: Host Info: Model:  Raspberry Pi 4 Model B Rev 1.1
[03/31/26 21:03:28] crowsnest: Host Info: Available CPU Cores: 4
[03/31/26 21:03:28] crowsnest: Host Info: Available Memory: 749048 kB
[03/31/26 21:03:28] crowsnest: Host Info: Diskspace (avail. / total): 6.1G / 15G
[03/31/26 21:03:28] crowsnest: INFO: Checking Dependencies
[03/31/26 21:03:28] crowsnest: Dependency: 'crudini' found in /usr/bin/crudini.
[03/31/26 21:03:28] crowsnest: Dependency: 'find' found in /usr/bin/find.
[03/31/26 21:03:28] crowsnest: Dependency: 'xargs' found in /usr/bin/xargs.
[03/31/26 21:03:28] crowsnest: Dependency: 'ustreamer' found in bin/ustreamer/src/ustreamer.bin.
[03/31/26 21:03:28] crowsnest: Dependency: 'camera-streamer' found in bin/camera-streamer/camera-streamer.
[03/31/26 21:03:28] crowsnest: Version Control: ustreamer is up to date. (v6.36)
[03/31/26 21:03:29] crowsnest: Version Control: camera-streamer is up to date. ((2f71a28))
[03/31/26 21:03:29] crowsnest: INFO: Print Configfile: '/home/jay/printer_data/config/crowsnest.conf'
[03/31/26 21:03:29] crowsnest:		[crowsnest]
[03/31/26 21:03:29] crowsnest:		log_path: /home/jay/printer_data/logs/crowsnest.log
[03/31/26 21:03:29] crowsnest:		log_level: verbose
[03/31/26 21:03:29] crowsnest:		delete_log: false
[03/31/26 21:03:29] crowsnest:		no_proxy: false
[03/31/26 21:03:29] crowsnest:		
[03/31/26 21:03:29] crowsnest:		[cam 1]
[03/31/26 21:03:29] crowsnest:		mode: ustreamer
[03/31/26 21:03:29] crowsnest:		
[03/31/26 21:03:29] crowsnest:		port: 8080
[03/31/26 21:03:29] crowsnest:		device: /dev/video0
[03/31/26 21:03:29] crowsnest:		resolution: 640x480
[03/31/26 21:03:29] crowsnest:		max_fps: 15
[03/31/26 21:03:29] crowsnest: INFO: Detect available Devices
[03/31/26 21:03:29] crowsnest: ERROR: No usable Devices Found. Stopping crowsnest.
[03/31/26 21:03:35] crowsnest: crowsnest - A webcam Service for multiple Cams and Stream Services.
[03/31/26 21:03:35] crowsnest: Version: v4.1.17-1-g9cc3d4a
[03/31/26 21:03:35] crowsnest: Prepare Startup ...
[03/31/26 21:03:35] crowsnest: INFO: Host information:
[03/31/26 21:03:35] crowsnest: Host Info: Distribution: Debian GNU/Linux 12 (bookworm)
[03/31/26 21:03:35] crowsnest: Host Info: Release: MainsailOS release 2.2.2 (bookworm)
[03/31/26 21:03:35] crowsnest: Host Info: Kernel: Linux 6.12.47+rpt-rpi-v8 aarch64
[03/31/26 21:03:35] crowsnest: Host Info: Model:  Raspberry Pi 4 Model B Rev 1.1
[03/31/26 21:03:35] crowsnest: Host Info: Available CPU Cores: 4
[03/31/26 21:03:35] crowsnest: Host Info: Available Memory: 749048 kB
[03/31/26 21:03:35] crowsnest: Host Info: Diskspace (avail. / total): 6.0G / 15G
[03/31/26 21:03:35] crowsnest: INFO: Checking Dependencies
[03/31/26 21:03:35] crowsnest: Dependency: 'crudini' found in /usr/bin/crudini.
[03/31/26 21:03:35] crowsnest: Dependency: 'find' found in /usr/bin/find.
[03/31/26 21:03:36] crowsnest: Dependency: 'xargs' found in /usr/bin/xargs.
[03/31/26 21:03:36] crowsnest: Dependency: 'ustreamer' found in bin/ustreamer/src/ustreamer.bin.
[03/31/26 21:03:36] crowsnest: Dependency: 'camera-streamer' found in bin/camera-streamer/camera-streamer.
[03/31/26 21:03:36] crowsnest: Version Control: ustreamer is up to date. (v6.36)
[03/31/26 21:03:36] crowsnest: Version Control: camera-streamer is up to date. ((2f71a28))
[03/31/26 21:03:36] crowsnest: INFO: Print Configfile: '/home/jay/printer_data/config/crowsnest.conf'
[03/31/26 21:03:36] crowsnest:		[crowsnest]
[03/31/26 21:03:36] crowsnest:		log_path: /home/jay/printer_data/logs/crowsnest.log
[03/31/26 21:03:36] crowsnest:		log_level: verbose
[03/31/26 21:03:36] crowsnest:		delete_log: false
[03/31/26 21:03:36] crowsnest:		no_proxy: false
[03/31/26 21:03:36] crowsnest:		
[03/31/26 21:03:36] crowsnest:		[cam 1]
[03/31/26 21:03:36] crowsnest:		mode: ustreamer
[03/31/26 21:03:36] crowsnest:		
[03/31/26 21:03:36] crowsnest:		port: 8080
[03/31/26 21:03:36] crowsnest:		device: /dev/video0
[03/31/26 21:03:36] crowsnest:		resolution: 640x480
[03/31/26 21:03:36] crowsnest:		max_fps: 15
[03/31/26 21:03:36] crowsnest: INFO: Detect available Devices
[03/31/26 21:03:36] crowsnest: ERROR: No usable Devices Found. Stopping crowsnest.
[03/31/26 21:03:41] crowsnest: crowsnest - A webcam Service for multiple Cams and Stream Services.
[03/31/26 21:03:43] crowsnest: Version: v4.1.17-1-g9cc3d4a
[03/31/26 21:03:43] crowsnest: Prepare Startup ...
[03/31/26 21:03:43] crowsnest: INFO: Host information:
[03/31/26 21:03:43] crowsnest: Host Info: Distribution: Debian GNU/Linux 12 (bookworm)
[03/31/26 21:03:43] crowsnest: Host Info: Release: MainsailOS release 2.2.2 (bookworm)
[03/31/26 21:03:43] crowsnest: Host Info: Kernel: Linux 6.12.47+rpt-rpi-v8 aarch64
[03/31/26 21:03:43] crowsnest: Host Info: Model:  Raspberry Pi 4 Model B Rev 1.1
[03/31/26 21:03:43] crowsnest: Host Info: Available CPU Cores: 4
[03/31/26 21:03:43] crowsnest: Host Info: Available Memory: 749048 kB
[03/31/26 21:03:43] crowsnest: Host Info: Diskspace (avail. / total): 6.0G / 15G
[03/31/26 21:03:43] crowsnest: INFO: Checking Dependencies
[03/31/26 21:03:43] crowsnest: Dependency: 'crudini' found in /usr/bin/crudini.
[03/31/26 21:03:43] crowsnest: Dependency: 'find' found in /usr/bin/find.
[03/31/26 21:03:43] crowsnest: Dependency: 'xargs' found in /usr/bin/xargs.
[03/31/26 21:03:43] crowsnest: Dependency: 'ustreamer' found in bin/ustreamer/src/ustreamer.bin.
[03/31/26 21:03:43] crowsnest: Dependency: 'camera-streamer' found in bin/camera-streamer/camera-streamer.
[03/31/26 21:03:43] crowsnest: Version Control: ustreamer is up to date. (v6.36)
[03/31/26 21:03:44] crowsnest: Version Control: camera-streamer is up to date. ((2f71a28))
[03/31/26 21:03:44] crowsnest: INFO: Print Configfile: '/home/jay/printer_data/config/crowsnest.conf'
[03/31/26 21:03:44] crowsnest:		[crowsnest]
[03/31/26 21:03:44] crowsnest:		log_path: /home/jay/printer_data/logs/crowsnest.log
[03/31/26 21:03:44] crowsnest:		log_level: verbose
[03/31/26 21:03:44] crowsnest:		delete_log: false
[03/31/26 21:03:44] crowsnest:		no_proxy: false
[03/31/26 21:03:44] crowsnest:		
[03/31/26 21:03:44] crowsnest:		[cam 1]
[03/31/26 21:03:44] crowsnest:		mode: ustreamer
[03/31/26 21:03:44] crowsnest:		
[03/31/26 21:03:44] crowsnest:		port: 8080
[03/31/26 21:03:44] crowsnest:		device: /dev/video0
[03/31/26 21:03:44] crowsnest:		resolution: 640x480
[03/31/26 21:03:44] crowsnest:		max_fps: 15
[03/31/26 21:03:44] crowsnest: INFO: Detect available Devices
[03/31/26 21:03:44] crowsnest: ERROR: No usable Devices Found. Stopping crowsnest.
[03/31/26 21:03:49] crowsnest: crowsnest - A webcam Service for multiple Cams and Stream Services.
[03/31/26 21:03:53] crowsnest: Version: v4.1.17-1-g9cc3d4a
[03/31/26 21:03:53] crowsnest: Prepare Startup ...
[03/31/26 21:03:53] crowsnest: INFO: Host information:
[03/31/26 21:03:53] crowsnest: Host Info: Distribution: Debian GNU/Linux 12 (bookworm)
[03/31/26 21:03:53] crowsnest: Host Info: Release: MainsailOS release 2.2.2 (bookworm)
[03/31/26 21:03:53] crowsnest: Host Info: Kernel: Linux 6.12.47+rpt-rpi-v8 aarch64
[03/31/26 21:03:53] crowsnest: Host Info: Model:  Raspberry Pi 4 Model B Rev 1.1
[03/31/26 21:03:53] crowsnest: Host Info: Available CPU Cores: 4
[03/31/26 21:03:53] crowsnest: Host Info: Available Memory: 749048 kB
[03/31/26 21:03:53] crowsnest: Host Info: Diskspace (avail. / total): 6.0G / 15G
[03/31/26 21:03:53] crowsnest: INFO: Checking Dependencies
[03/31/26 21:03:53] crowsnest: Dependency: 'crudini' found in /usr/bin/crudini.
[03/31/26 21:03:53] crowsnest: Dependency: 'find' found in /usr/bin/find.
[03/31/26 21:03:53] crowsnest: Dependency: 'xargs' found in /usr/bin/xargs.
[03/31/26 21:03:53] crowsnest: Dependency: 'ustreamer' found in bin/ustreamer/src/ustreamer.bin.
[03/31/26 21:03:53] crowsnest: Dependency: 'camera-streamer' found in bin/camera-streamer/camera-streamer.
[03/31/26 21:03:53] crowsnest: Version Control: ustreamer is up to date. (v6.36)
[03/31/26 21:03:54] crowsnest: Version Control: camera-streamer is up to date. ((2f71a28))
[03/31/26 21:03:54] crowsnest: INFO: Print Configfile: '/home/jay/printer_data/config/crowsnest.conf'
[03/31/26 21:03:54] crowsnest:		[crowsnest]
[03/31/26 21:03:54] crowsnest:		log_path: /home/jay/printer_data/logs/crowsnest.log
[03/31/26 21:03:54] crowsnest:		log_level: verbose
[03/31/26 21:03:54] crowsnest:		delete_log: false
[03/31/26 21:03:54] crowsnest:		no_proxy: false
[03/31/26 21:03:54] crowsnest:		
[03/31/26 21:03:54] crowsnest:		[cam 1]
[03/31/26 21:03:54] crowsnest:		mode: ustreamer
[03/31/26 21:03:54] crowsnest:		
[03/31/26 21:03:54] crowsnest:		port: 8080
[03/31/26 21:03:54] crowsnest:		device: /dev/video0
[03/31/26 21:03:54] crowsnest:		resolution: 640x480
[03/31/26 21:03:54] crowsnest:		max_fps: 15
[03/31/26 21:03:54] crowsnest: INFO: Detect available Devices
[03/31/26 21:03:54] crowsnest: ERROR: No usable Devices Found. Stopping crowsnest.
[03/31/26 21:03:59] crowsnest: crowsnest - A webcam Service for multiple Cams and Stream Services.
[03/31/26 21:04:00] crowsnest: Version: v4.1.17-1-g9cc3d4a
[03/31/26 21:04:00] crowsnest: Prepare Startup ...
[03/31/26 21:04:00] crowsnest: INFO: Host information:
[03/31/26 21:04:00] crowsnest: Host Info: Distribution: Debian GNU/Linux 12 (bookworm)
[03/31/26 21:04:00] crowsnest: Host Info: Release: MainsailOS release 2.2.2 (bookworm)
[03/31/26 21:04:00] crowsnest: Host Info: Kernel: Linux 6.12.47+rpt-rpi-v8 aarch64
[03/31/26 21:04:00] crowsnest: Host Info: Model:  Raspberry Pi 4 Model B Rev 1.1
[03/31/26 21:04:00] crowsnest: Host Info: Available CPU Cores: 4
[03/31/26 21:04:00] crowsnest: Host Info: Available Memory: 749048 kB
[03/31/26 21:04:00] crowsnest: Host Info: Diskspace (avail. / total): 6.0G / 15G
[03/31/26 21:04:00] crowsnest: INFO: Checking Dependencies
[03/31/26 21:04:00] crowsnest: Dependency: 'crudini' found in /usr/bin/crudini.
[03/31/26 21:04:00] crowsnest: Dependency: 'find' found in /usr/bin/find.
[03/31/26 21:04:00] crowsnest: Dependency: 'xargs' found in /usr/bin/xargs.
[03/31/26 21:04:00] crowsnest: Dependency: 'ustreamer' found in bin/ustreamer/src/ustreamer.bin.
[03/31/26 21:04:00] crowsnest: Dependency: 'camera-streamer' found in bin/camera-streamer/camera-streamer.
[03/31/26 21:04:00] crowsnest: Version Control: ustreamer is up to date. (v6.36)
[03/31/26 21:04:00] crowsnest: Version Control: camera-streamer is up to date. ((2f71a28))
[03/31/26 21:04:00] crowsnest: INFO: Print Configfile: '/home/jay/printer_data/config/crowsnest.conf'
[03/31/26 21:04:00] crowsnest:		[crowsnest]
[03/31/26 21:04:00] crowsnest:		log_path: /home/jay/printer_data/logs/crowsnest.log
[03/31/26 21:04:00] crowsnest:		log_level: verbose
[03/31/26 21:04:00] crowsnest:		delete_log: false
[03/31/26 21:04:00] crowsnest:		no_proxy: false
[03/31/26 21:04:00] crowsnest:		
[03/31/26 21:04:00] crowsnest:		[cam 1]
[03/31/26 21:04:00] crowsnest:		mode: ustreamer
[03/31/26 21:04:00] crowsnest:		
[03/31/26 21:04:00] crowsnest:		port: 8080
[03/31/26 21:04:00] crowsnest:		device: /dev/video0
[03/31/26 21:04:00] crowsnest:		resolution: 640x480
[03/31/26 21:04:00] crowsnest:		max_fps: 15
[03/31/26 21:04:00] crowsnest: INFO: Detect available Devices
[03/31/26 21:04:00] crowsnest: ERROR: No usable Devices Found. Stopping crowsnest.
[03/31/26 21:04:06] crowsnest: crowsnest - A webcam Service for multiple Cams and Stream Services.
[03/31/26 21:04:06] crowsnest: Version: v4.1.17-1-g9cc3d4a
[03/31/26 21:04:06] crowsnest: Prepare Startup ...
[03/31/26 21:04:06] crowsnest: INFO: Host information:
[03/31/26 21:04:06] crowsnest: Host Info: Distribution: Debian GNU/Linux 12 (bookworm)
[03/31/26 21:04:06] crowsnest: Host Info: Release: MainsailOS release 2.2.2 (bookworm)
[03/31/26 21:04:06] crowsnest: Host Info: Kernel: Linux 6.12.47+rpt-rpi-v8 aarch64
[03/31/26 21:04:06] crowsnest: Host Info: Model:  Raspberry Pi 4 Model B Rev 1.1
[03/31/26 21:04:06] crowsnest: Host Info: Available CPU Cores: 4
[03/31/26 21:04:06] crowsnest: Host Info: Available Memory: 749048 kB
[03/31/26 21:04:06] crowsnest: Host Info: Diskspace (avail. / total): 6.0G / 15G
[03/31/26 21:04:06] crowsnest: INFO: Checking Dependencies
[03/31/26 21:04:06] crowsnest: Dependency: 'crudini' found in /usr/bin/crudini.
[03/31/26 21:04:06] crowsnest: Dependency: 'find' found in /usr/bin/find.
[03/31/26 21:04:06] crowsnest: Dependency: 'xargs' found in /usr/bin/xargs.
[03/31/26 21:04:06] crowsnest: Dependency: 'ustreamer' found in bin/ustreamer/src/ustreamer.bin.
[03/31/26 21:04:06] crowsnest: Dependency: 'camera-streamer' found in bin/camera-streamer/camera-streamer.
[03/31/26 21:04:06] crowsnest: Version Control: ustreamer is up to date. (v6.36)
[03/31/26 21:04:06] crowsnest: Version Control: camera-streamer is up to date. ((2f71a28))
[03/31/26 21:04:06] crowsnest: INFO: Print Configfile: '/home/jay/printer_data/config/crowsnest.conf'
[03/31/26 21:04:06] crowsnest:		[crowsnest]
[03/31/26 21:04:06] crowsnest:		log_path: /home/jay/printer_data/logs/crowsnest.log
[03/31/26 21:04:06] crowsnest:		log_level: verbose
[03/31/26 21:04:06] crowsnest:		delete_log: false
[03/31/26 21:04:06] crowsnest:		no_proxy: false
[03/31/26 21:04:06] crowsnest:		
[03/31/26 21:04:06] crowsnest:		[cam 1]
[03/31/26 21:04:06] crowsnest:		mode: ustreamer
[03/31/26 21:04:06] crowsnest:		
[03/31/26 21:04:06] crowsnest:		port: 8080
[03/31/26 21:04:06] crowsnest:		device: /dev/video0
[03/31/26 21:04:06] crowsnest:		resolution: 640x480
[03/31/26 21:04:06] crowsnest:		max_fps: 15
[03/31/26 21:04:06] crowsnest: INFO: Detect available Devices
[03/31/26 21:04:06] crowsnest: ERROR: No usable Devices Found. Stopping crowsnest.
[03/31/26 21:04:12] crowsnest: crowsnest - A webcam Service for multiple Cams and Stream Services.
[03/31/26 21:04:12] crowsnest: Version: v4.1.17-1-g9cc3d4a
[03/31/26 21:04:12] crowsnest: Prepare Startup ...
[03/31/26 21:04:12] crowsnest: INFO: Host information:
[03/31/26 21:04:12] crowsnest: Host Info: Distribution: Debian GNU/Linux 12 (bookworm)
[03/31/26 21:04:12] crowsnest: Host Info: Release: MainsailOS release 2.2.2 (bookworm)
[03/31/26 21:04:12] crowsnest: Host Info: Kernel: Linux 6.12.47+rpt-rpi-v8 aarch64
[03/31/26 21:04:12] crowsnest: Host Info: Model:  Raspberry Pi 4 Model B Rev 1.1
[03/31/26 21:04:12] crowsnest: Host Info: Available CPU Cores: 4
[03/31/26 21:04:12] crowsnest: Host Info: Available Memory: 749048 kB
[03/31/26 21:04:12] crowsnest: Host Info: Diskspace (avail. / total): 6.0G / 15G
[03/31/26 21:04:12] crowsnest: INFO: Checking Dependencies
[03/31/26 21:04:12] crowsnest: Dependency: 'crudini' found in /usr/bin/crudini.
[03/31/26 21:04:12] crowsnest: Dependency: 'find' found in /usr/bin/find.
[03/31/26 21:04:12] crowsnest: Dependency: 'xargs' found in /usr/bin/xargs.
[03/31/26 21:04:12] crowsnest: Dependency: 'ustreamer' found in bin/ustreamer/src/ustreamer.bin.
[03/31/26 21:04:12] crowsnest: Dependency: 'camera-streamer' found in bin/camera-streamer/camera-streamer.
[03/31/26 21:04:12] crowsnest: Version Control: ustreamer is up to date. (v6.36)
[03/31/26 21:04:12] crowsnest: Version Control: camera-streamer is up to date. ((2f71a28))
[03/31/26 21:04:12] crowsnest: INFO: Print Configfile: '/home/jay/printer_data/config/crowsnest.conf'
[03/31/26 21:04:12] crowsnest:		[crowsnest]
[03/31/26 21:04:12] crowsnest:		log_path: /home/jay/printer_data/logs/crowsnest.log
[03/31/26 21:04:12] crowsnest:		log_level: verbose
[03/31/26 21:04:12] crowsnest:		delete_log: false
[03/31/26 21:04:12] crowsnest:		no_proxy: false
[03/31/26 21:04:12] crowsnest:		
[03/31/26 21:04:12] crowsnest:		[cam 1]
[03/31/26 21:04:12] crowsnest:		mode: ustreamer
[03/31/26 21:04:12] crowsnest:		
[03/31/26 21:04:12] crowsnest:		port: 8080
[03/31/26 21:04:12] crowsnest:		device: /dev/video0
[03/31/26 21:04:12] crowsnest:		resolution: 640x480
[03/31/26 21:04:12] crowsnest:		max_fps: 15
[03/31/26 21:04:12] crowsnest: INFO: Detect available Devices
[03/31/26 21:04:12] crowsnest: ERROR: No usable Devices Found. Stopping crowsnest.
[03/31/26 21:04:18] crowsnest: crowsnest - A webcam Service for multiple Cams and Stream Services.
[03/31/26 21:04:18] crowsnest: Version: v4.1.17-1-g9cc3d4a
[03/31/26 21:04:18] crowsnest: Prepare Startup ...
[03/31/26 21:04:18] crowsnest: INFO: Host information:
[03/31/26 21:04:18] crowsnest: Host Info: Distribution: Debian GNU/Linux 12 (bookworm)
[03/31/26 21:04:18] crowsnest: Host Info: Release: MainsailOS release 2.2.2 (bookworm)
[03/31/26 21:04:18] crowsnest: Host Info: Kernel: Linux 6.12.47+rpt-rpi-v8 aarch64
[03/31/26 21:04:18] crowsnest: Host Info: Model:  Raspberry Pi 4 Model B Rev 1.1
[03/31/26 21:04:18] crowsnest: Host Info: Available CPU Cores: 4
[03/31/26 21:04:18] crowsnest: Host Info: Available Memory: 749048 kB
[03/31/26 21:04:18] crowsnest: Host Info: Diskspace (avail. / total): 6.0G / 15G
[03/31/26 21:04:18] crowsnest: INFO: Checking Dependencies
[03/31/26 21:04:18] crowsnest: Dependency: 'crudini' found in /usr/bin/crudini.
[03/31/26 21:04:19] crowsnest: Dependency: 'find' found in /usr/bin/find.
[03/31/26 21:04:19] crowsnest: Dependency: 'xargs' found in /usr/bin/xargs.
[03/31/26 21:04:19] crowsnest: Dependency: 'ustreamer' found in bin/ustreamer/src/ustreamer.bin.
[03/31/26 21:04:19] crowsnest: Dependency: 'camera-streamer' found in bin/camera-streamer/camera-streamer.
[03/31/26 21:04:19] crowsnest: Version Control: ustreamer is up to date. (v6.36)
[03/31/26 21:04:19] crowsnest: Version Control: camera-streamer is up to date. ((2f71a28))
[03/31/26 21:04:19] crowsnest: INFO: Print Configfile: '/home/jay/printer_data/config/crowsnest.conf'
[03/31/26 21:04:19] crowsnest:		[crowsnest]
[03/31/26 21:04:19] crowsnest:		log_path: /home/jay/printer_data/logs/crowsnest.log
[03/31/26 21:04:19] crowsnest:		log_level: verbose
[03/31/26 21:04:19] crowsnest:		delete_log: false
[03/31/26 21:04:19] crowsnest:		no_proxy: false
[03/31/26 21:04:19] crowsnest:		
[03/31/26 21:04:19] crowsnest:		[cam 1]
[03/31/26 21:04:19] crowsnest:		mode: ustreamer
[03/31/26 21:04:19] crowsnest:		
[03/31/26 21:04:19] crowsnest:		port: 8080
[03/31/26 21:04:19] crowsnest:		device: /dev/video0
[03/31/26 21:04:19] crowsnest:		resolution: 640x480
[03/31/26 21:04:19] crowsnest:		max_fps: 15
[03/31/26 21:04:19] crowsnest: INFO: Detect available Devices
[03/31/26 21:04:19] crowsnest: ERROR: No usable Devices Found. Stopping crowsnest.
[03/31/26 21:04:25] crowsnest: crowsnest - A webcam Service for multiple Cams and Stream Services.
[03/31/26 21:04:25] crowsnest: Version: v4.1.17-1-g9cc3d4a
[03/31/26 21:04:25] crowsnest: Prepare Startup ...
[03/31/26 21:04:25] crowsnest: INFO: Host information:
[03/31/26 21:04:25] crowsnest: Host Info: Distribution: Debian GNU/Linux 12 (bookworm)
[03/31/26 21:04:25] crowsnest: Host Info: Release: MainsailOS release 2.2.2 (bookworm)
[03/31/26 21:04:25] crowsnest: Host Info: Kernel: Linux 6.12.47+rpt-rpi-v8 aarch64
[03/31/26 21:04:25] crowsnest: Host Info: Model:  Raspberry Pi 4 Model B Rev 1.1
[03/31/26 21:04:25] crowsnest: Host Info: Available CPU Cores: 4
[03/31/26 21:04:25] crowsnest: Host Info: Available Memory: 749048 kB
[03/31/26 21:04:25] crowsnest: Host Info: Diskspace (avail. / total): 6.0G / 15G
[03/31/26 21:04:25] crowsnest: INFO: Checking Dependencies
[03/31/26 21:04:25] crowsnest: Dependency: 'crudini' found in /usr/bin/crudini.
[03/31/26 21:04:25] crowsnest: Dependency: 'find' found in /usr/bin/find.
[03/31/26 21:04:25] crowsnest: Dependency: 'xargs' found in /usr/bin/xargs.
[03/31/26 21:04:25] crowsnest: Dependency: 'ustreamer' found in bin/ustreamer/src/ustreamer.bin.
[03/31/26 21:04:25] crowsnest: Dependency: 'camera-streamer' found in bin/camera-streamer/camera-streamer.
[03/31/26 21:04:25] crowsnest: Version Control: ustreamer is up to date. (v6.36)
[03/31/26 21:04:25] crowsnest: Version Control: camera-streamer is up to date. ((2f71a28))
[03/31/26 21:04:25] crowsnest: INFO: Print Configfile: '/home/jay/printer_data/config/crowsnest.conf'
[03/31/26 21:04:25] crowsnest:		[crowsnest]
[03/31/26 21:04:25] crowsnest:		log_path: /home/jay/printer_data/logs/crowsnest.log
[03/31/26 21:04:25] crowsnest:		log_level: verbose
[03/31/26 21:04:25] crowsnest:		delete_log: false
[03/31/26 21:04:25] crowsnest:		no_proxy: false
[03/31/26 21:04:25] crowsnest:		
[03/31/26 21:04:25] crowsnest:		[cam 1]
[03/31/26 21:04:25] crowsnest:		mode: ustreamer
[03/31/26 21:04:25] crowsnest:		
[03/31/26 21:04:25] crowsnest:		port: 8080
[03/31/26 21:04:25] crowsnest:		device: /dev/video0
[03/31/26 21:04:25] crowsnest:		resolution: 640x480
[03/31/26 21:04:25] crowsnest:		max_fps: 15
[03/31/26 21:04:25] crowsnest: INFO: Detect available Devices
[03/31/26 21:04:25] crowsnest: ERROR: No usable Devices Found. Stopping crowsnest.
[03/31/26 21:04:31] crowsnest: crowsnest - A webcam Service for multiple Cams and Stream Services.
[03/31/26 21:04:31] crowsnest: Version: v4.1.17-1-g9cc3d4a
[03/31/26 21:04:31] crowsnest: Prepare Startup ...
[03/31/26 21:04:31] crowsnest: INFO: Host information:
[03/31/26 21:04:31] crowsnest: Host Info: Distribution: Debian GNU/Linux 12 (bookworm)
[03/31/26 21:04:31] crowsnest: Host Info: Release: MainsailOS release 2.2.2 (bookworm)
[03/31/26 21:04:31] crowsnest: Host Info: Kernel: Linux 6.12.47+rpt-rpi-v8 aarch64
[03/31/26 21:04:31] crowsnest: Host Info: Model:  Raspberry Pi 4 Model B Rev 1.1
[03/31/26 21:04:31] crowsnest: Host Info: Available CPU Cores: 4
[03/31/26 21:04:31] crowsnest: Host Info: Available Memory: 749048 kB
[03/31/26 21:04:31] crowsnest: Host Info: Diskspace (avail. / total): 6.0G / 15G
[03/31/26 21:04:31] crowsnest: INFO: Checking Dependencies
[03/31/26 21:04:31] crowsnest: Dependency: 'crudini' found in /usr/bin/crudini.
[03/31/26 21:04:31] crowsnest: Dependency: 'find' found in /usr/bin/find.
[03/31/26 21:04:31] crowsnest: Dependency: 'xargs' found in /usr/bin/xargs.
[03/31/26 21:04:31] crowsnest: Dependency: 'ustreamer' found in bin/ustreamer/src/ustreamer.bin.
[03/31/26 21:04:31] crowsnest: Dependency: 'camera-streamer' found in bin/camera-streamer/camera-streamer.
[03/31/26 21:04:31] crowsnest: Version Control: ustreamer is up to date. (v6.36)
[03/31/26 21:04:32] crowsnest: Version Control: camera-streamer is up to date. ((2f71a28))
[03/31/26 21:04:32] crowsnest: INFO: Print Configfile: '/home/jay/printer_data/config/crowsnest.conf'
[03/31/26 21:04:32] crowsnest:		[crowsnest]
[03/31/26 21:04:32] crowsnest:		log_path: /home/jay/printer_data/logs/crowsnest.log
[03/31/26 21:04:32] crowsnest:		log_level: verbose
[03/31/26 21:04:32] crowsnest:		delete_log: false
[03/31/26 21:04:32] crowsnest:		no_proxy: false
[03/31/26 21:04:32] crowsnest:		
[03/31/26 21:04:32] crowsnest:		[cam 1]
[03/31/26 21:04:32] crowsnest:		mode: ustreamer
[03/31/26 21:04:32] crowsnest:		
[03/31/26 21:04:32] crowsnest:		port: 8080
[03/31/26 21:04:32] crowsnest:		device: /dev/video0
[03/31/26 21:04:32] crowsnest:		resolution: 640x480
[03/31/26 21:04:32] crowsnest:		max_fps: 15
[03/31/26 21:04:32] crowsnest: INFO: Detect available Devices
[03/31/26 21:04:32] crowsnest: ERROR: No usable Devices Found. Stopping crowsnest.
[03/31/26 21:06:05] crowsnest: crowsnest - A webcam Service for multiple Cams and Stream Services.
[03/31/26 21:06:06] crowsnest: Version: v4.1.17-1-g9cc3d4a
[03/31/26 21:06:06] crowsnest: Prepare Startup ...
[03/31/26 21:06:06] crowsnest: INFO: Host information:
[03/31/26 21:06:06] crowsnest: Host Info: Distribution: Debian GNU/Linux 12 (bookworm)
[03/31/26 21:06:06] crowsnest: Host Info: Release: MainsailOS release 2.2.2 (bookworm)
[03/31/26 21:06:06] crowsnest: Host Info: Kernel: Linux 6.12.47+rpt-rpi-v8 aarch64
[03/31/26 21:06:06] crowsnest: Host Info: Model:  Raspberry Pi 4 Model B Rev 1.1
[03/31/26 21:06:06] crowsnest: Host Info: Available CPU Cores: 4
[03/31/26 21:06:06] crowsnest: Host Info: Available Memory: 749048 kB
[03/31/26 21:06:06] crowsnest: Host Info: Diskspace (avail. / total): 6.1G / 15G
[03/31/26 21:06:06] crowsnest: INFO: Checking Dependencies
[03/31/26 21:06:06] crowsnest: Dependency: 'crudini' found in /usr/bin/crudini.
[03/31/26 21:06:06] crowsnest: Dependency: 'find' found in /usr/bin/find.
[03/31/26 21:06:06] crowsnest: Dependency: 'xargs' found in /usr/bin/xargs.
[03/31/26 21:06:06] crowsnest: Dependency: 'ustreamer' found in bin/ustreamer/src/ustreamer.bin.
[03/31/26 21:06:06] crowsnest: Dependency: 'camera-streamer' found in bin/camera-streamer/camera-streamer.
[03/31/26 21:06:06] crowsnest: Version Control: ustreamer is up to date. (v6.36)
[03/31/26 21:06:08] crowsnest: Version Control: camera-streamer is up to date. ((2f71a28))
[03/31/26 21:06:08] crowsnest: INFO: Print Configfile: '/home/jay/printer_data/config/crowsnest.conf'
[03/31/26 21:06:08] crowsnest:		[crowsnest]
[03/31/26 21:06:08] crowsnest:		log_path: /home/jay/printer_data/logs/crowsnest.log
[03/31/26 21:06:08] crowsnest:		log_level: verbose
[03/31/26 21:06:08] crowsnest:		delete_log: false
[03/31/26 21:06:08] crowsnest:		no_proxy: false
[03/31/26 21:06:08] crowsnest:		
[03/31/26 21:06:08] crowsnest:		[cam 1]
[03/31/26 21:06:08] crowsnest:		mode: ustreamer
[03/31/26 21:06:08] crowsnest:		
[03/31/26 21:06:08] crowsnest:		port: 8080
[03/31/26 21:06:08] crowsnest:		device: /dev/video0
[03/31/26 21:06:08] crowsnest:		resolution: 640x480
[03/31/26 21:06:08] crowsnest:		max_fps: 15
[03/31/26 21:06:08] crowsnest: INFO: Detect available Devices
[03/31/26 21:06:08] crowsnest: ERROR: No usable Devices Found. Stopping crowsnest.
[03/31/26 21:06:14] crowsnest: crowsnest - A webcam Service for multiple Cams and Stream Services.
[03/31/26 21:06:14] crowsnest: Version: v4.1.17-1-g9cc3d4a
[03/31/26 21:06:14] crowsnest: Prepare Startup ...
[03/31/26 21:06:14] crowsnest: INFO: Host information:
[03/31/26 21:06:14] crowsnest: Host Info: Distribution: Debian GNU/Linux 12 (bookworm)
[03/31/26 21:06:14] crowsnest: Host Info: Release: MainsailOS release 2.2.2 (bookworm)
[03/31/26 21:06:14] crowsnest: Host Info: Kernel: Linux 6.12.47+rpt-rpi-v8 aarch64
[03/31/26 21:06:14] crowsnest: Host Info: Model:  Raspberry Pi 4 Model B Rev 1.1
[03/31/26 21:06:14] crowsnest: Host Info: Available CPU Cores: 4
[03/31/26 21:06:14] crowsnest: Host Info: Available Memory: 749048 kB
[03/31/26 21:06:14] crowsnest: Host Info: Diskspace (avail. / total): 6.1G / 15G
[03/31/26 21:06:14] crowsnest: INFO: Checking Dependencies
[03/31/26 21:06:14] crowsnest: Dependency: 'crudini' found in /usr/bin/crudini.
[03/31/26 21:06:14] crowsnest: Dependency: 'find' found in /usr/bin/find.
[03/31/26 21:06:14] crowsnest: Dependency: 'xargs' found in /usr/bin/xargs.
[03/31/26 21:06:14] crowsnest: Dependency: 'ustreamer' found in bin/ustreamer/src/ustreamer.bin.
[03/31/26 21:06:14] crowsnest: Dependency: 'camera-streamer' found in bin/camera-streamer/camera-streamer.
[03/31/26 21:06:14] crowsnest: Version Control: ustreamer is up to date. (v6.36)
[03/31/26 21:06:14] crowsnest: Version Control: camera-streamer is up to date. ((2f71a28))
[03/31/26 21:06:14] crowsnest: INFO: Print Configfile: '/home/jay/printer_data/config/crowsnest.conf'
[03/31/26 21:06:14] crowsnest:		[crowsnest]
[03/31/26 21:06:14] crowsnest:		log_path: /home/jay/printer_data/logs/crowsnest.log
[03/31/26 21:06:14] crowsnest:		log_level: verbose
[03/31/26 21:06:14] crowsnest:		delete_log: false
[03/31/26 21:06:14] crowsnest:		no_proxy: false
[03/31/26 21:06:14] crowsnest:		
[03/31/26 21:06:14] crowsnest:		[cam 1]
[03/31/26 21:06:14] crowsnest:		mode: ustreamer
[03/31/26 21:06:14] crowsnest:		
[03/31/26 21:06:14] crowsnest:		port: 8080
[03/31/26 21:06:14] crowsnest:		device: /dev/video0
[03/31/26 21:06:14] crowsnest:		resolution: 640x480
[03/31/26 21:06:14] crowsnest:		max_fps: 15
[03/31/26 21:06:14] crowsnest: INFO: Detect available Devices
[03/31/26 21:06:14] crowsnest: ERROR: No usable Devices Found. Stopping crowsnest.
[03/31/26 21:06:20] crowsnest: crowsnest - A webcam Service for multiple Cams and Stream Services.
[03/31/26 21:06:20] crowsnest: Version: v4.1.17-1-g9cc3d4a
[03/31/26 21:06:20] crowsnest: Prepare Startup ...
[03/31/26 21:06:20] crowsnest: INFO: Host information:
[03/31/26 21:06:20] crowsnest: Host Info: Distribution: Debian GNU/Linux 12 (bookworm)
[03/31/26 21:06:20] crowsnest: Host Info: Release: MainsailOS release 2.2.2 (bookworm)
[03/31/26 21:06:20] crowsnest: Host Info: Kernel: Linux 6.12.47+rpt-rpi-v8 aarch64
[03/31/26 21:06:20] crowsnest: Host Info: Model:  Raspberry Pi 4 Model B Rev 1.1
[03/31/26 21:06:20] crowsnest: Host Info: Available CPU Cores: 4
[03/31/26 21:06:20] crowsnest: Host Info: Available Memory: 749048 kB
[03/31/26 21:06:20] crowsnest: Host Info: Diskspace (avail. / total): 6.1G / 15G
[03/31/26 21:06:20] crowsnest: INFO: Checking Dependencies
[03/31/26 21:06:20] crowsnest: Dependency: 'crudini' found in /usr/bin/crudini.
[03/31/26 21:06:20] crowsnest: Dependency: 'find' found in /usr/bin/find.
[03/31/26 21:06:20] crowsnest: Dependency: 'xargs' found in /usr/bin/xargs.
[03/31/26 21:06:20] crowsnest: Dependency: 'ustreamer' found in bin/ustreamer/src/ustreamer.bin.
[03/31/26 21:06:20] crowsnest: Dependency: 'camera-streamer' found in bin/camera-streamer/camera-streamer.
[03/31/26 21:06:20] crowsnest: Version Control: ustreamer is up to date. (v6.36)
[03/31/26 21:06:20] crowsnest: Version Control: camera-streamer is up to date. ((2f71a28))
[03/31/26 21:06:20] crowsnest: INFO: Print Configfile: '/home/jay/printer_data/config/crowsnest.conf'
[03/31/26 21:06:20] crowsnest:		[crowsnest]
[03/31/26 21:06:20] crowsnest:		log_path: /home/jay/printer_data/logs/crowsnest.log
[03/31/26 21:06:20] crowsnest:		log_level: verbose
[03/31/26 21:06:20] crowsnest:		delete_log: false
[03/31/26 21:06:20] crowsnest:		no_proxy: false
[03/31/26 21:06:20] crowsnest:		
[03/31/26 21:06:20] crowsnest:		[cam 1]
[03/31/26 21:06:20] crowsnest:		mode: ustreamer
[03/31/26 21:06:20] crowsnest:		
[03/31/26 21:06:20] crowsnest:		port: 8080
[03/31/26 21:06:20] crowsnest:		device: /dev/video0
[03/31/26 21:06:20] crowsnest:		resolution: 640x480
[03/31/26 21:06:20] crowsnest:		max_fps: 15
[03/31/26 21:06:20] crowsnest: INFO: Detect available Devices
[03/31/26 21:06:20] crowsnest: ERROR: No usable Devices Found. Stopping crowsnest.
[03/31/26 21:06:26] crowsnest: crowsnest - A webcam Service for multiple Cams and Stream Services.
[03/31/26 21:06:26] crowsnest: Version: v4.1.17-1-g9cc3d4a
[03/31/26 21:06:26] crowsnest: Prepare Startup ...
[03/31/26 21:06:26] crowsnest: INFO: Host information:
[03/31/26 21:06:26] crowsnest: Host Info: Distribution: Debian GNU/Linux 12 (bookworm)
[03/31/26 21:06:26] crowsnest: Host Info: Release: MainsailOS release 2.2.2 (bookworm)
[03/31/26 21:06:26] crowsnest: Host Info: Kernel: Linux 6.12.47+rpt-rpi-v8 aarch64
[03/31/26 21:06:26] crowsnest: Host Info: Model:  Raspberry Pi 4 Model B Rev 1.1
[03/31/26 21:06:26] crowsnest: Host Info: Available CPU Cores: 4
[03/31/26 21:06:26] crowsnest: Host Info: Available Memory: 749048 kB
[03/31/26 21:06:26] crowsnest: Host Info: Diskspace (avail. / total): 6.1G / 15G
[03/31/26 21:06:26] crowsnest: INFO: Checking Dependencies
[03/31/26 21:06:26] crowsnest: Dependency: 'crudini' found in /usr/bin/crudini.
[03/31/26 21:06:26] crowsnest: Dependency: 'find' found in /usr/bin/find.
[03/31/26 21:06:26] crowsnest: Dependency: 'xargs' found in /usr/bin/xargs.
[03/31/26 21:06:26] crowsnest: Dependency: 'ustreamer' found in bin/ustreamer/src/ustreamer.bin.
[03/31/26 21:06:26] crowsnest: Dependency: 'camera-streamer' found in bin/camera-streamer/camera-streamer.
[03/31/26 21:06:26] crowsnest: Version Control: ustreamer is up to date. (v6.36)
[03/31/26 21:06:27] crowsnest: Version Control: camera-streamer is up to date. ((2f71a28))
[03/31/26 21:06:27] crowsnest: INFO: Print Configfile: '/home/jay/printer_data/config/crowsnest.conf'
[03/31/26 21:06:27] crowsnest:		[crowsnest]
[03/31/26 21:06:27] crowsnest:		log_path: /home/jay/printer_data/logs/crowsnest.log
[03/31/26 21:06:27] crowsnest:		log_level: verbose
[03/31/26 21:06:27] crowsnest:		delete_log: false
[03/31/26 21:06:27] crowsnest:		no_proxy: false
[03/31/26 21:06:27] crowsnest:		
[03/31/26 21:06:27] crowsnest:		[cam 1]
[03/31/26 21:06:27] crowsnest:		mode: ustreamer
[03/31/26 21:06:27] crowsnest:		
[03/31/26 21:06:27] crowsnest:		port: 8080
[03/31/26 21:06:27] crowsnest:		device: /dev/video0
[03/31/26 21:06:27] crowsnest:		resolution: 640x480
[03/31/26 21:06:27] crowsnest:		max_fps: 15
[03/31/26 21:06:27] crowsnest: INFO: Detect available Devices
[03/31/26 21:06:27] crowsnest: ERROR: No usable Devices Found. Stopping crowsnest.
[03/31/26 21:06:32] crowsnest: crowsnest - A webcam Service for multiple Cams and Stream Services.
[03/31/26 21:06:32] crowsnest: Version: v4.1.17-1-g9cc3d4a
[03/31/26 21:06:32] crowsnest: Prepare Startup ...
[03/31/26 21:06:32] crowsnest: INFO: Host information:
[03/31/26 21:06:32] crowsnest: Host Info: Distribution: Debian GNU/Linux 12 (bookworm)
[03/31/26 21:06:32] crowsnest: Host Info: Release: MainsailOS release 2.2.2 (bookworm)
[03/31/26 21:06:33] crowsnest: Host Info: Kernel: Linux 6.12.47+rpt-rpi-v8 aarch64
[03/31/26 21:06:33] crowsnest: Host Info: Model:  Raspberry Pi 4 Model B Rev 1.1
[03/31/26 21:06:33] crowsnest: Host Info: Available CPU Cores: 4
[03/31/26 21:06:33] crowsnest: Host Info: Available Memory: 749048 kB
[03/31/26 21:06:33] crowsnest: Host Info: Diskspace (avail. / total): 6.1G / 15G
[03/31/26 21:06:33] crowsnest: INFO: Checking Dependencies
[03/31/26 21:06:33] crowsnest: Dependency: 'crudini' found in /usr/bin/crudini.
[03/31/26 21:06:33] crowsnest: Dependency: 'find' found in /usr/bin/find.
[03/31/26 21:06:33] crowsnest: Dependency: 'xargs' found in /usr/bin/xargs.
[03/31/26 21:06:33] crowsnest: Dependency: 'ustreamer' found in bin/ustreamer/src/ustreamer.bin.
[03/31/26 21:06:33] crowsnest: Dependency: 'camera-streamer' found in bin/camera-streamer/camera-streamer.
[03/31/26 21:06:33] crowsnest: Version Control: ustreamer is up to date. (v6.36)
[03/31/26 21:06:33] crowsnest: Version Control: camera-streamer is up to date. ((2f71a28))
[03/31/26 21:06:33] crowsnest: INFO: Print Configfile: '/home/jay/printer_data/config/crowsnest.conf'
[03/31/26 21:06:33] crowsnest:		[crowsnest]
[03/31/26 21:06:33] crowsnest:		log_path: /home/jay/printer_data/logs/crowsnest.log
[03/31/26 21:06:33] crowsnest:		log_level: verbose
[03/31/26 21:06:33] crowsnest:		delete_log: false
[03/31/26 21:06:33] crowsnest:		no_proxy: false
[03/31/26 21:06:33] crowsnest:		
[03/31/26 21:06:33] crowsnest:		[cam 1]
[03/31/26 21:06:33] crowsnest:		mode: ustreamer
[03/31/26 21:06:33] crowsnest:		
[03/31/26 21:06:33] crowsnest:		port: 8080
[03/31/26 21:06:33] crowsnest:		device: /dev/video0
[03/31/26 21:06:33] crowsnest:		resolution: 640x480
[03/31/26 21:06:33] crowsnest:		max_fps: 15
[03/31/26 21:06:33] crowsnest: INFO: Detect available Devices
[03/31/26 21:06:33] crowsnest: ERROR: No usable Devices Found. Stopping crowsnest.
[03/31/26 21:06:39] crowsnest: crowsnest - A webcam Service for multiple Cams and Stream Services.
[03/31/26 21:06:39] crowsnest: Version: v4.1.17-1-g9cc3d4a
[03/31/26 21:06:39] crowsnest: Prepare Startup ...
[03/31/26 21:06:39] crowsnest: INFO: Host information:
[03/31/26 21:06:39] crowsnest: Host Info: Distribution: Debian GNU/Linux 12 (bookworm)
[03/31/26 21:06:39] crowsnest: Host Info: Release: MainsailOS release 2.2.2 (bookworm)
[03/31/26 21:06:39] crowsnest: Host Info: Kernel: Linux 6.12.47+rpt-rpi-v8 aarch64
[03/31/26 21:06:39] crowsnest: Host Info: Model:  Raspberry Pi 4 Model B Rev 1.1
[03/31/26 21:06:39] crowsnest: Host Info: Available CPU Cores: 4
[03/31/26 21:06:39] crowsnest: Host Info: Available Memory: 749048 kB
[03/31/26 21:06:39] crowsnest: Host Info: Diskspace (avail. / total): 6.1G / 15G
[03/31/26 21:06:39] crowsnest: INFO: Checking Dependencies
[03/31/26 21:06:39] crowsnest: Dependency: 'crudini' found in /usr/bin/crudini.
[03/31/26 21:06:39] crowsnest: Dependency: 'find' found in /usr/bin/find.
[03/31/26 21:06:39] crowsnest: Dependency: 'xargs' found in /usr/bin/xargs.
[03/31/26 21:06:39] crowsnest: Dependency: 'ustreamer' found in bin/ustreamer/src/ustreamer.bin.
[03/31/26 21:06:39] crowsnest: Dependency: 'camera-streamer' found in bin/camera-streamer/camera-streamer.
[03/31/26 21:06:39] crowsnest: Version Control: ustreamer is up to date. (v6.36)
[03/31/26 21:06:39] crowsnest: Version Control: camera-streamer is up to date. ((2f71a28))
[03/31/26 21:06:39] crowsnest: INFO: Print Configfile: '/home/jay/printer_data/config/crowsnest.conf'
[03/31/26 21:06:39] crowsnest:		[crowsnest]
[03/31/26 21:06:39] crowsnest:		log_path: /home/jay/printer_data/logs/crowsnest.log
[03/31/26 21:06:39] crowsnest:		log_level: verbose
[03/31/26 21:06:39] crowsnest:		delete_log: false
[03/31/26 21:06:39] crowsnest:		no_proxy: false
[03/31/26 21:06:39] crowsnest:		
[03/31/26 21:06:39] crowsnest:		[cam 1]
[03/31/26 21:06:39] crowsnest:		mode: ustreamer
[03/31/26 21:06:39] crowsnest:		
[03/31/26 21:06:39] crowsnest:		port: 8080
[03/31/26 21:06:39] crowsnest:		device: /dev/video0
[03/31/26 21:06:39] crowsnest:		resolution: 640x480
[03/31/26 21:06:39] crowsnest:		max_fps: 15
[03/31/26 21:06:39] crowsnest: INFO: Detect available Devices
[03/31/26 21:06:39] crowsnest: ERROR: No usable Devices Found. Stopping crowsnest.
[03/31/26 21:16:05] crowsnest: crowsnest - A webcam Service for multiple Cams and Stream Services.
[03/31/26 21:16:05] crowsnest: Version: v4.1.17-1-g9cc3d4a
[03/31/26 21:16:05] crowsnest: Prepare Startup ...
[03/31/26 21:16:05] crowsnest: INFO: Host information:
[03/31/26 21:16:05] crowsnest: Host Info: Distribution: Debian GNU/Linux 12 (bookworm)
[03/31/26 21:16:05] crowsnest: Host Info: Release: MainsailOS release 2.2.2 (bookworm)
[03/31/26 21:16:05] crowsnest: Host Info: Kernel: Linux 6.12.47+rpt-rpi-v8 aarch64
[03/31/26 21:16:05] crowsnest: Host Info: Model:  Raspberry Pi 4 Model B Rev 1.1
[03/31/26 21:16:05] crowsnest: Host Info: Available CPU Cores: 4
[03/31/26 21:16:05] crowsnest: Host Info: Available Memory: 749048 kB
[03/31/26 21:16:05] crowsnest: Host Info: Diskspace (avail. / total): 6.1G / 15G
[03/31/26 21:16:05] crowsnest: INFO: Checking Dependencies
[03/31/26 21:16:05] crowsnest: Dependency: 'crudini' found in /usr/bin/crudini.
[03/31/26 21:16:05] crowsnest: Dependency: 'find' found in /usr/bin/find.
[03/31/26 21:16:05] crowsnest: Dependency: 'xargs' found in /usr/bin/xargs.
[03/31/26 21:16:05] crowsnest: Dependency: 'ustreamer' found in bin/ustreamer/src/ustreamer.bin.
[03/31/26 21:16:05] crowsnest: Dependency: 'camera-streamer' found in bin/camera-streamer/camera-streamer.
[03/31/26 21:16:05] crowsnest: Version Control: ustreamer is up to date. (v6.36)
[03/31/26 21:16:05] crowsnest: Version Control: camera-streamer is up to date. ((2f71a28))
[03/31/26 21:16:05] crowsnest: INFO: Print Configfile: '/home/jay/printer_data/config/crowsnest.conf'
[03/31/26 21:16:05] crowsnest:		[crowsnest]
[03/31/26 21:16:05] crowsnest:		log_path: /home/jay/printer_data/logs/crowsnest.log
[03/31/26 21:16:05] crowsnest:		log_level: verbose
[03/31/26 21:16:05] crowsnest:		delete_log: false
[03/31/26 21:16:05] crowsnest:		no_proxy: false
[03/31/26 21:16:05] crowsnest:		
[03/31/26 21:16:05] crowsnest:		[cam 1]
[03/31/26 21:16:05] crowsnest:		mode: ustreamer
[03/31/26 21:16:05] crowsnest:		
[03/31/26 21:16:05] crowsnest:		port: 8080
[03/31/26 21:16:05] crowsnest:		device: /dev/video0
[03/31/26 21:16:05] crowsnest:		resolution: 640x480
[03/31/26 21:16:05] crowsnest:		max_fps: 15
[03/31/26 21:16:05] crowsnest: INFO: Detect available Devices
[03/31/26 21:16:05] crowsnest: ERROR: No usable Devices Found. Stopping crowsnest.
[03/31/26 21:16:11] crowsnest: crowsnest - A webcam Service for multiple Cams and Stream Services.
[03/31/26 21:16:11] crowsnest: Version: v4.1.17-1-g9cc3d4a
[03/31/26 21:16:11] crowsnest: Prepare Startup ...
[03/31/26 21:16:11] crowsnest: INFO: Host information:
[03/31/26 21:16:11] crowsnest: Host Info: Distribution: Debian GNU/Linux 12 (bookworm)
[03/31/26 21:16:11] crowsnest: Host Info: Release: MainsailOS release 2.2.2 (bookworm)
[03/31/26 21:16:11] crowsnest: Host Info: Kernel: Linux 6.12.47+rpt-rpi-v8 aarch64
[03/31/26 21:16:11] crowsnest: Host Info: Model:  Raspberry Pi 4 Model B Rev 1.1
[03/31/26 21:16:11] crowsnest: Host Info: Available CPU Cores: 4
[03/31/26 21:16:11] crowsnest: Host Info: Available Memory: 749048 kB
[03/31/26 21:16:11] crowsnest: Host Info: Diskspace (avail. / total): 6.1G / 15G
[03/31/26 21:16:11] crowsnest: INFO: Checking Dependencies
[03/31/26 21:16:11] crowsnest: Dependency: 'crudini' found in /usr/bin/crudini.
[03/31/26 21:16:11] crowsnest: Dependency: 'find' found in /usr/bin/find.
[03/31/26 21:16:11] crowsnest: Dependency: 'xargs' found in /usr/bin/xargs.
[03/31/26 21:16:11] crowsnest: Dependency: 'ustreamer' found in bin/ustreamer/src/ustreamer.bin.
[03/31/26 21:16:11] crowsnest: Dependency: 'camera-streamer' found in bin/camera-streamer/camera-streamer.
[03/31/26 21:16:11] crowsnest: Version Control: ustreamer is up to date. (v6.36)
[03/31/26 21:16:11] crowsnest: Version Control: camera-streamer is up to date. ((2f71a28))
[03/31/26 21:16:11] crowsnest: INFO: Print Configfile: '/home/jay/printer_data/config/crowsnest.conf'
[03/31/26 21:16:11] crowsnest:		[crowsnest]
[03/31/26 21:16:11] crowsnest:		log_path: /home/jay/printer_data/logs/crowsnest.log
[03/31/26 21:16:11] crowsnest:		log_level: verbose
[03/31/26 21:16:11] crowsnest:		delete_log: false
[03/31/26 21:16:11] crowsnest:		no_proxy: false
[03/31/26 21:16:11] crowsnest:		
[03/31/26 21:16:11] crowsnest:		[cam 1]
[03/31/26 21:16:11] crowsnest:		mode: ustreamer
[03/31/26 21:16:11] crowsnest:		
[03/31/26 21:16:11] crowsnest:		port: 8080
[03/31/26 21:16:11] crowsnest:		device: /dev/video0
[03/31/26 21:16:11] crowsnest:		resolution: 640x480
[03/31/26 21:16:11] crowsnest:		max_fps: 15
[03/31/26 21:16:11] crowsnest: INFO: Detect available Devices
[03/31/26 21:16:11] crowsnest: ERROR: No usable Devices Found. Stopping crowsnest.
[03/31/26 21:16:17] crowsnest: crowsnest - A webcam Service for multiple Cams and Stream Services.
[03/31/26 21:16:17] crowsnest: Version: v4.1.17-1-g9cc3d4a
[03/31/26 21:16:17] crowsnest: Prepare Startup ...
[03/31/26 21:16:17] crowsnest: INFO: Host information:
[03/31/26 21:16:17] crowsnest: Host Info: Distribution: Debian GNU/Linux 12 (bookworm)
[03/31/26 21:16:17] crowsnest: Host Info: Release: MainsailOS release 2.2.2 (bookworm)
[03/31/26 21:16:17] crowsnest: Host Info: Kernel: Linux 6.12.47+rpt-rpi-v8 aarch64
[03/31/26 21:16:17] crowsnest: Host Info: Model:  Raspberry Pi 4 Model B Rev 1.1
[03/31/26 21:16:17] crowsnest: Host Info: Available CPU Cores: 4
[03/31/26 21:16:17] crowsnest: Host Info: Available Memory: 749048 kB
[03/31/26 21:16:17] crowsnest: Host Info: Diskspace (avail. / total): 6.1G / 15G
[03/31/26 21:16:17] crowsnest: INFO: Checking Dependencies
[03/31/26 21:16:17] crowsnest: Dependency: 'crudini' found in /usr/bin/crudini.
[03/31/26 21:16:17] crowsnest: Dependency: 'find' found in /usr/bin/find.
[03/31/26 21:16:17] crowsnest: Dependency: 'xargs' found in /usr/bin/xargs.
[03/31/26 21:16:17] crowsnest: Dependency: 'ustreamer' found in bin/ustreamer/src/ustreamer.bin.
[03/31/26 21:16:17] crowsnest: Dependency: 'camera-streamer' found in bin/camera-streamer/camera-streamer.
[03/31/26 21:16:17] crowsnest: Version Control: ustreamer is up to date. (v6.36)
[03/31/26 21:16:17] crowsnest: Version Control: camera-streamer is up to date. ((2f71a28))
[03/31/26 21:16:17] crowsnest: INFO: Print Configfile: '/home/jay/printer_data/config/crowsnest.conf'
[03/31/26 21:16:17] crowsnest:		[crowsnest]
[03/31/26 21:16:17] crowsnest:		log_path: /home/jay/printer_data/logs/crowsnest.log
[03/31/26 21:16:17] crowsnest:		log_level: verbose
[03/31/26 21:16:17] crowsnest:		delete_log: false
[03/31/26 21:16:17] crowsnest:		no_proxy: false
[03/31/26 21:16:17] crowsnest:		
[03/31/26 21:16:17] crowsnest:		[cam 1]
[03/31/26 21:16:17] crowsnest:		mode: ustreamer
[03/31/26 21:16:17] crowsnest:		
[03/31/26 21:16:17] crowsnest:		port: 8080
[03/31/26 21:16:17] crowsnest:		device: /dev/video0
[03/31/26 21:16:17] crowsnest:		resolution: 640x480
[03/31/26 21:16:17] crowsnest:		max_fps: 15
[03/31/26 21:16:17] crowsnest: INFO: Detect available Devices
[03/31/26 21:16:17] crowsnest: ERROR: No usable Devices Found. Stopping crowsnest.
[03/31/26 21:16:23] crowsnest: crowsnest - A webcam Service for multiple Cams and Stream Services.
[03/31/26 21:16:23] crowsnest: Version: v4.1.17-1-g9cc3d4a
[03/31/26 21:16:23] crowsnest: Prepare Startup ...
[03/31/26 21:16:23] crowsnest: INFO: Host information:
[03/31/26 21:16:23] crowsnest: Host Info: Distribution: Debian GNU/Linux 12 (bookworm)
[03/31/26 21:16:23] crowsnest: Host Info: Release: MainsailOS release 2.2.2 (bookworm)
[03/31/26 21:16:23] crowsnest: Host Info: Kernel: Linux 6.12.47+rpt-rpi-v8 aarch64
[03/31/26 21:16:23] crowsnest: Host Info: Model:  Raspberry Pi 4 Model B Rev 1.1
[03/31/26 21:16:23] crowsnest: Host Info: Available CPU Cores: 4
[03/31/26 21:16:23] crowsnest: Host Info: Available Memory: 749048 kB
[03/31/26 21:16:23] crowsnest: Host Info: Diskspace (avail. / total): 6.1G / 15G
[03/31/26 21:16:23] crowsnest: INFO: Checking Dependencies
[03/31/26 21:16:23] crowsnest: Dependency: 'crudini' found in /usr/bin/crudini.
[03/31/26 21:16:23] crowsnest: Dependency: 'find' found in /usr/bin/find.
[03/31/26 21:16:23] crowsnest: Dependency: 'xargs' found in /usr/bin/xargs.
[03/31/26 21:16:23] crowsnest: Dependency: 'ustreamer' found in bin/ustreamer/src/ustreamer.bin.
[03/31/26 21:16:23] crowsnest: Dependency: 'camera-streamer' found in bin/camera-streamer/camera-streamer.
[03/31/26 21:16:23] crowsnest: Version Control: ustreamer is up to date. (v6.36)
[03/31/26 21:16:23] crowsnest: Version Control: camera-streamer is up to date. ((2f71a28))
[03/31/26 21:16:23] crowsnest: INFO: Print Configfile: '/home/jay/printer_data/config/crowsnest.conf'
[03/31/26 21:16:23] crowsnest:		[crowsnest]
[03/31/26 21:16:23] crowsnest:		log_path: /home/jay/printer_data/logs/crowsnest.log
[03/31/26 21:16:23] crowsnest:		log_level: verbose
[03/31/26 21:16:23] crowsnest:		delete_log: false
[03/31/26 21:16:23] crowsnest:		no_proxy: false
[03/31/26 21:16:23] crowsnest:		
[03/31/26 21:16:23] crowsnest:		[cam 1]
[03/31/26 21:16:23] crowsnest:		mode: ustreamer
[03/31/26 21:16:23] crowsnest:		
[03/31/26 21:16:23] crowsnest:		port: 8080
[03/31/26 21:16:23] crowsnest:		device: /dev/video0
[03/31/26 21:16:23] crowsnest:		resolution: 640x480
[03/31/26 21:16:23] crowsnest:		max_fps: 15
[03/31/26 21:16:23] crowsnest: INFO: Detect available Devices
[03/31/26 21:16:23] crowsnest: ERROR: No usable Devices Found. Stopping crowsnest.
[03/31/26 21:31:53] crowsnest: crowsnest - A webcam Service for multiple Cams and Stream Services.
[03/31/26 21:31:53] crowsnest: Version: v4.1.17-1-g9cc3d4a
[03/31/26 21:31:53] crowsnest: Prepare Startup ...
[03/31/26 21:31:54] crowsnest: INFO: Host information:
[03/31/26 21:31:54] crowsnest: Host Info: Distribution: Debian GNU/Linux 12 (bookworm)
[03/31/26 21:31:54] crowsnest: Host Info: Release: MainsailOS release 2.2.2 (bookworm)
[03/31/26 21:31:54] crowsnest: Host Info: Kernel: Linux 6.12.75+rpt-rpi-v8 aarch64
[03/31/26 21:31:54] crowsnest: Host Info: Model:  Raspberry Pi 4 Model B Rev 1.1
[03/31/26 21:31:54] crowsnest: Host Info: Available CPU Cores: 4
[03/31/26 21:31:54] crowsnest: Host Info: Available Memory: 748988 kB
[03/31/26 21:31:54] crowsnest: Host Info: Diskspace (avail. / total): 5.8G / 15G
[03/31/26 21:31:54] crowsnest: INFO: Checking Dependencies
[03/31/26 21:31:54] crowsnest: Dependency: 'crudini' found in /usr/bin/crudini.
[03/31/26 21:31:54] crowsnest: Dependency: 'find' found in /usr/bin/find.
[03/31/26 21:31:54] crowsnest: Dependency: 'xargs' found in /usr/bin/xargs.
[03/31/26 21:31:54] crowsnest: Dependency: 'ustreamer' found in bin/ustreamer/src/ustreamer.bin.
[03/31/26 21:31:54] crowsnest: Dependency: 'camera-streamer' found in bin/camera-streamer/camera-streamer.
[03/31/26 21:31:54] crowsnest: Version Control: ustreamer is up to date. (v6.36)
[03/31/26 21:31:56] crowsnest: Version Control: camera-streamer is up to date. ((2f71a28))
[03/31/26 21:31:56] crowsnest: INFO: Print Configfile: '/home/jay/printer_data/config/crowsnest.conf'
[03/31/26 21:31:56] crowsnest:		[crowsnest]
[03/31/26 21:31:56] crowsnest:		log_path: /home/jay/printer_data/logs/crowsnest.log
[03/31/26 21:31:56] crowsnest:		log_level: verbose
[03/31/26 21:31:56] crowsnest:		delete_log: false
[03/31/26 21:31:56] crowsnest:		no_proxy: false
[03/31/26 21:31:56] crowsnest:		
[03/31/26 21:31:56] crowsnest:		[cam 1]
[03/31/26 21:31:56] crowsnest:		mode: ustreamer
[03/31/26 21:31:56] crowsnest:		
[03/31/26 21:31:56] crowsnest:		port: 8080
[03/31/26 21:31:56] crowsnest:		device: /dev/video0
[03/31/26 21:31:56] crowsnest:		resolution: 640x480
[03/31/26 21:31:56] crowsnest:		max_fps: 15
[03/31/26 21:31:56] crowsnest: INFO: Detect available Devices
[03/31/26 21:31:56] crowsnest: ERROR: No usable Devices Found. Stopping crowsnest.
[03/31/26 21:32:02] crowsnest: crowsnest - A webcam Service for multiple Cams and Stream Services.
[03/31/26 21:32:02] crowsnest: Version: v4.1.17-1-g9cc3d4a
[03/31/26 21:32:02] crowsnest: Prepare Startup ...
[03/31/26 21:32:02] crowsnest: INFO: Host information:
[03/31/26 21:32:02] crowsnest: Host Info: Distribution: Debian GNU/Linux 12 (bookworm)
[03/31/26 21:32:02] crowsnest: Host Info: Release: MainsailOS release 2.2.2 (bookworm)
[03/31/26 21:32:02] crowsnest: Host Info: Kernel: Linux 6.12.75+rpt-rpi-v8 aarch64
[03/31/26 21:32:02] crowsnest: Host Info: Model:  Raspberry Pi 4 Model B Rev 1.1
[03/31/26 21:32:02] crowsnest: Host Info: Available CPU Cores: 4
[03/31/26 21:32:02] crowsnest: Host Info: Available Memory: 748988 kB
[03/31/26 21:32:02] crowsnest: Host Info: Diskspace (avail. / total): 5.8G / 15G
[03/31/26 21:32:02] crowsnest: INFO: Checking Dependencies
[03/31/26 21:32:02] crowsnest: Dependency: 'crudini' found in /usr/bin/crudini.
[03/31/26 21:32:02] crowsnest: Dependency: 'find' found in /usr/bin/find.
[03/31/26 21:32:02] crowsnest: Dependency: 'xargs' found in /usr/bin/xargs.
[03/31/26 21:32:02] crowsnest: Dependency: 'ustreamer' found in bin/ustreamer/src/ustreamer.bin.
[03/31/26 21:32:02] crowsnest: Dependency: 'camera-streamer' found in bin/camera-streamer/camera-streamer.
[03/31/26 21:32:02] crowsnest: Version Control: ustreamer is up to date. (v6.36)
[03/31/26 21:32:02] crowsnest: Version Control: camera-streamer is up to date. ((2f71a28))
[03/31/26 21:32:02] crowsnest: INFO: Print Configfile: '/home/jay/printer_data/config/crowsnest.conf'
[03/31/26 21:32:02] crowsnest:		[crowsnest]
[03/31/26 21:32:02] crowsnest:		log_path: /home/jay/printer_data/logs/crowsnest.log
[03/31/26 21:32:02] crowsnest:		log_level: verbose
[03/31/26 21:32:02] crowsnest:		delete_log: false
[03/31/26 21:32:02] crowsnest:		no_proxy: false
[03/31/26 21:32:02] crowsnest:		
[03/31/26 21:32:02] crowsnest:		[cam 1]
[03/31/26 21:32:02] crowsnest:		mode: ustreamer
[03/31/26 21:32:02] crowsnest:		
[03/31/26 21:32:02] crowsnest:		port: 8080
[03/31/26 21:32:02] crowsnest:		device: /dev/video0
[03/31/26 21:32:02] crowsnest:		resolution: 640x480
[03/31/26 21:32:02] crowsnest:		max_fps: 15
[03/31/26 21:32:02] crowsnest: INFO: Detect available Devices
[03/31/26 21:32:02] crowsnest: ERROR: No usable Devices Found. Stopping crowsnest.
[03/31/26 21:32:08] crowsnest: crowsnest - A webcam Service for multiple Cams and Stream Services.
[03/31/26 21:32:08] crowsnest: Version: v4.1.17-1-g9cc3d4a
[03/31/26 21:32:08] crowsnest: Prepare Startup ...
[03/31/26 21:32:08] crowsnest: INFO: Host information:
[03/31/26 21:32:08] crowsnest: Host Info: Distribution: Debian GNU/Linux 12 (bookworm)
[03/31/26 21:32:08] crowsnest: Host Info: Release: MainsailOS release 2.2.2 (bookworm)
[03/31/26 21:32:08] crowsnest: Host Info: Kernel: Linux 6.12.75+rpt-rpi-v8 aarch64
[03/31/26 21:32:08] crowsnest: Host Info: Model:  Raspberry Pi 4 Model B Rev 1.1
[03/31/26 21:32:08] crowsnest: Host Info: Available CPU Cores: 4
[03/31/26 21:32:08] crowsnest: Host Info: Available Memory: 748988 kB
[03/31/26 21:32:08] crowsnest: Host Info: Diskspace (avail. / total): 5.8G / 15G
[03/31/26 21:32:08] crowsnest: INFO: Checking Dependencies
[03/31/26 21:32:08] crowsnest: Dependency: 'crudini' found in /usr/bin/crudini.
[03/31/26 21:32:08] crowsnest: Dependency: 'find' found in /usr/bin/find.
[03/31/26 21:32:08] crowsnest: Dependency: 'xargs' found in /usr/bin/xargs.
[03/31/26 21:32:08] crowsnest: Dependency: 'ustreamer' found in bin/ustreamer/src/ustreamer.bin.
[03/31/26 21:32:08] crowsnest: Dependency: 'camera-streamer' found in bin/camera-streamer/camera-streamer.
[03/31/26 21:32:08] crowsnest: Version Control: ustreamer is up to date. (v6.36)
[03/31/26 21:32:08] crowsnest: Version Control: camera-streamer is up to date. ((2f71a28))
[03/31/26 21:32:08] crowsnest: INFO: Print Configfile: '/home/jay/printer_data/config/crowsnest.conf'
[03/31/26 21:32:08] crowsnest:		[crowsnest]
[03/31/26 21:32:08] crowsnest:		log_path: /home/jay/printer_data/logs/crowsnest.log
[03/31/26 21:32:08] crowsnest:		log_level: verbose
[03/31/26 21:32:08] crowsnest:		delete_log: false
[03/31/26 21:32:08] crowsnest:		no_proxy: false
[03/31/26 21:32:08] crowsnest:		
[03/31/26 21:32:08] crowsnest:		[cam 1]
[03/31/26 21:32:08] crowsnest:		mode: ustreamer
[03/31/26 21:32:08] crowsnest:		
[03/31/26 21:32:08] crowsnest:		port: 8080
[03/31/26 21:32:08] crowsnest:		device: /dev/video0
[03/31/26 21:32:08] crowsnest:		resolution: 640x480
[03/31/26 21:32:08] crowsnest:		max_fps: 15
[03/31/26 21:32:08] crowsnest: INFO: Detect available Devices
[03/31/26 21:32:08] crowsnest: ERROR: No usable Devices Found. Stopping crowsnest.
[03/31/26 21:32:14] crowsnest: crowsnest - A webcam Service for multiple Cams and Stream Services.
[03/31/26 21:32:14] crowsnest: Version: v4.1.17-1-g9cc3d4a
[03/31/26 21:32:14] crowsnest: Prepare Startup ...
[03/31/26 21:32:14] crowsnest: INFO: Host information:
[03/31/26 21:32:14] crowsnest: Host Info: Distribution: Debian GNU/Linux 12 (bookworm)
[03/31/26 21:32:14] crowsnest: Host Info: Release: MainsailOS release 2.2.2 (bookworm)
[03/31/26 21:32:14] crowsnest: Host Info: Kernel: Linux 6.12.75+rpt-rpi-v8 aarch64
[03/31/26 21:32:14] crowsnest: Host Info: Model:  Raspberry Pi 4 Model B Rev 1.1
[03/31/26 21:32:14] crowsnest: Host Info: Available CPU Cores: 4
[03/31/26 21:32:14] crowsnest: Host Info: Available Memory: 748988 kB
[03/31/26 21:32:14] crowsnest: Host Info: Diskspace (avail. / total): 5.8G / 15G
[03/31/26 21:32:14] crowsnest: INFO: Checking Dependencies
[03/31/26 21:32:14] crowsnest: Dependency: 'crudini' found in /usr/bin/crudini.
[03/31/26 21:32:14] crowsnest: Dependency: 'find' found in /usr/bin/find.
[03/31/26 21:32:14] crowsnest: Dependency: 'xargs' found in /usr/bin/xargs.
[03/31/26 21:32:14] crowsnest: Dependency: 'ustreamer' found in bin/ustreamer/src/ustreamer.bin.
[03/31/26 21:32:14] crowsnest: Dependency: 'camera-streamer' found in bin/camera-streamer/camera-streamer.
[03/31/26 21:32:14] crowsnest: Version Control: ustreamer is up to date. (v6.36)
[03/31/26 21:32:14] crowsnest: Version Control: camera-streamer is up to date. ((2f71a28))
[03/31/26 21:32:14] crowsnest: INFO: Print Configfile: '/home/jay/printer_data/config/crowsnest.conf'
[03/31/26 21:32:14] crowsnest:		[crowsnest]
[03/31/26 21:32:14] crowsnest:		log_path: /home/jay/printer_data/logs/crowsnest.log
[03/31/26 21:32:14] crowsnest:		log_level: verbose
[03/31/26 21:32:14] crowsnest:		delete_log: false
[03/31/26 21:32:14] crowsnest:		no_proxy: false
[03/31/26 21:32:14] crowsnest:		
[03/31/26 21:32:14] crowsnest:		[cam 1]
[03/31/26 21:32:14] crowsnest:		mode: ustreamer
[03/31/26 21:32:14] crowsnest:		
[03/31/26 21:32:14] crowsnest:		port: 8080
[03/31/26 21:32:14] crowsnest:		device: /dev/video0
[03/31/26 21:32:14] crowsnest:		resolution: 640x480
[03/31/26 21:32:14] crowsnest:		max_fps: 15
[03/31/26 21:32:14] crowsnest: INFO: Detect available Devices
[03/31/26 21:32:14] crowsnest: ERROR: No usable Devices Found. Stopping crowsnest.
[03/31/26 21:32:20] crowsnest: crowsnest - A webcam Service for multiple Cams and Stream Services.
[03/31/26 21:32:20] crowsnest: Version: v4.1.17-1-g9cc3d4a
[03/31/26 21:32:20] crowsnest: Prepare Startup ...
[03/31/26 21:32:20] crowsnest: INFO: Host information:
[03/31/26 21:32:20] crowsnest: Host Info: Distribution: Debian GNU/Linux 12 (bookworm)
[03/31/26 21:32:20] crowsnest: Host Info: Release: MainsailOS release 2.2.2 (bookworm)
[03/31/26 21:32:20] crowsnest: Host Info: Kernel: Linux 6.12.75+rpt-rpi-v8 aarch64
[03/31/26 21:32:20] crowsnest: Host Info: Model:  Raspberry Pi 4 Model B Rev 1.1
[03/31/26 21:32:20] crowsnest: Host Info: Available CPU Cores: 4
[03/31/26 21:32:20] crowsnest: Host Info: Available Memory: 748988 kB
[03/31/26 21:32:20] crowsnest: Host Info: Diskspace (avail. / total): 5.8G / 15G
[03/31/26 21:32:20] crowsnest: INFO: Checking Dependencies
[03/31/26 21:32:20] crowsnest: Dependency: 'crudini' found in /usr/bin/crudini.
[03/31/26 21:32:20] crowsnest: Dependency: 'find' found in /usr/bin/find.
[03/31/26 21:32:20] crowsnest: Dependency: 'xargs' found in /usr/bin/xargs.
[03/31/26 21:32:20] crowsnest: Dependency: 'ustreamer' found in bin/ustreamer/src/ustreamer.bin.
[03/31/26 21:32:20] crowsnest: Dependency: 'camera-streamer' found in bin/camera-streamer/camera-streamer.
[03/31/26 21:32:20] crowsnest: Version Control: ustreamer is up to date. (v6.36)
[03/31/26 21:32:20] crowsnest: Version Control: camera-streamer is up to date. ((2f71a28))
[03/31/26 21:32:20] crowsnest: INFO: Print Configfile: '/home/jay/printer_data/config/crowsnest.conf'
[03/31/26 21:32:20] crowsnest:		[crowsnest]
[03/31/26 21:32:20] crowsnest:		log_path: /home/jay/printer_data/logs/crowsnest.log
[03/31/26 21:32:20] crowsnest:		log_level: verbose
[03/31/26 21:32:20] crowsnest:		delete_log: false
[03/31/26 21:32:20] crowsnest:		no_proxy: false
[03/31/26 21:32:20] crowsnest:		
[03/31/26 21:32:20] crowsnest:		[cam 1]
[03/31/26 21:32:20] crowsnest:		mode: ustreamer
[03/31/26 21:32:20] crowsnest:		
[03/31/26 21:32:20] crowsnest:		port: 8080
[03/31/26 21:32:20] crowsnest:		device: /dev/video0
[03/31/26 21:32:20] crowsnest:		resolution: 640x480
[03/31/26 21:32:20] crowsnest:		max_fps: 15
[03/31/26 21:32:20] crowsnest: INFO: Detect available Devices
[03/31/26 21:32:20] crowsnest: ERROR: No usable Devices Found. Stopping crowsnest.
[03/31/26 21:32:26] crowsnest: crowsnest - A webcam Service for multiple Cams and Stream Services.
[03/31/26 21:32:26] crowsnest: Version: v4.1.17-1-g9cc3d4a
[03/31/26 21:32:26] crowsnest: Prepare Startup ...
[03/31/26 21:32:26] crowsnest: INFO: Host information:
[03/31/26 21:32:26] crowsnest: Host Info: Distribution: Debian GNU/Linux 12 (bookworm)
[03/31/26 21:32:26] crowsnest: Host Info: Release: MainsailOS release 2.2.2 (bookworm)
[03/31/26 21:32:26] crowsnest: Host Info: Kernel: Linux 6.12.75+rpt-rpi-v8 aarch64
[03/31/26 21:32:26] crowsnest: Host Info: Model:  Raspberry Pi 4 Model B Rev 1.1
[03/31/26 21:32:26] crowsnest: Host Info: Available CPU Cores: 4
[03/31/26 21:32:26] crowsnest: Host Info: Available Memory: 748988 kB
[03/31/26 21:32:26] crowsnest: Host Info: Diskspace (avail. / total): 5.8G / 15G
[03/31/26 21:32:26] crowsnest: INFO: Checking Dependencies
[03/31/26 21:32:26] crowsnest: Dependency: 'crudini' found in /usr/bin/crudini.
[03/31/26 21:32:26] crowsnest: Dependency: 'find' found in /usr/bin/find.
[03/31/26 21:32:26] crowsnest: Dependency: 'xargs' found in /usr/bin/xargs.
[03/31/26 21:32:26] crowsnest: Dependency: 'ustreamer' found in bin/ustreamer/src/ustreamer.bin.
[03/31/26 21:32:26] crowsnest: Dependency: 'camera-streamer' found in bin/camera-streamer/camera-streamer.
[03/31/26 21:32:26] crowsnest: Version Control: ustreamer is up to date. (v6.36)
[03/31/26 21:32:26] crowsnest: Version Control: camera-streamer is up to date. ((2f71a28))
[03/31/26 21:32:26] crowsnest: INFO: Print Configfile: '/home/jay/printer_data/config/crowsnest.conf'
[03/31/26 21:32:26] crowsnest:		[crowsnest]
[03/31/26 21:32:26] crowsnest:		log_path: /home/jay/printer_data/logs/crowsnest.log
[03/31/26 21:32:26] crowsnest:		log_level: verbose
[03/31/26 21:32:26] crowsnest:		delete_log: false
[03/31/26 21:32:26] crowsnest:		no_proxy: false
[03/31/26 21:32:26] crowsnest:		
[03/31/26 21:32:26] crowsnest:		[cam 1]
[03/31/26 21:32:26] crowsnest:		mode: ustreamer
[03/31/26 21:32:26] crowsnest:		
[03/31/26 21:32:26] crowsnest:		port: 8080
[03/31/26 21:32:26] crowsnest:		device: /dev/video0
[03/31/26 21:32:26] crowsnest:		resolution: 640x480
[03/31/26 21:32:26] crowsnest:		max_fps: 15
[03/31/26 21:32:26] crowsnest: INFO: Detect available Devices
[03/31/26 21:32:26] crowsnest: ERROR: No usable Devices Found. Stopping crowsnest.
[03/31/26 21:32:32] crowsnest: crowsnest - A webcam Service for multiple Cams and Stream Services.
[03/31/26 21:32:32] crowsnest: Version: v4.1.17-1-g9cc3d4a
[03/31/26 21:32:32] crowsnest: Prepare Startup ...
[03/31/26 21:32:32] crowsnest: INFO: Host information:
[03/31/26 21:32:32] crowsnest: Host Info: Distribution: Debian GNU/Linux 12 (bookworm)
[03/31/26 21:32:32] crowsnest: Host Info: Release: MainsailOS release 2.2.2 (bookworm)
[03/31/26 21:32:32] crowsnest: Host Info: Kernel: Linux 6.12.75+rpt-rpi-v8 aarch64
[03/31/26 21:32:32] crowsnest: Host Info: Model:  Raspberry Pi 4 Model B Rev 1.1
[03/31/26 21:32:32] crowsnest: Host Info: Available CPU Cores: 4
[03/31/26 21:32:32] crowsnest: Host Info: Available Memory: 748988 kB
[03/31/26 21:32:32] crowsnest: Host Info: Diskspace (avail. / total): 5.8G / 15G
[03/31/26 21:32:32] crowsnest: INFO: Checking Dependencies
[03/31/26 21:32:32] crowsnest: Dependency: 'crudini' found in /usr/bin/crudini.
[03/31/26 21:32:32] crowsnest: Dependency: 'find' found in /usr/bin/find.
[03/31/26 21:32:32] crowsnest: Dependency: 'xargs' found in /usr/bin/xargs.
[03/31/26 21:32:32] crowsnest: Dependency: 'ustreamer' found in bin/ustreamer/src/ustreamer.bin.
[03/31/26 21:32:32] crowsnest: Dependency: 'camera-streamer' found in bin/camera-streamer/camera-streamer.
[03/31/26 21:32:32] crowsnest: Version Control: ustreamer is up to date. (v6.36)
[03/31/26 21:32:32] crowsnest: Version Control: camera-streamer is up to date. ((2f71a28))
[03/31/26 21:32:32] crowsnest: INFO: Print Configfile: '/home/jay/printer_data/config/crowsnest.conf'
[03/31/26 21:32:32] crowsnest:		[crowsnest]
[03/31/26 21:32:32] crowsnest:		log_path: /home/jay/printer_data/logs/crowsnest.log
[03/31/26 21:32:32] crowsnest:		log_level: verbose
[03/31/26 21:32:32] crowsnest:		delete_log: false
[03/31/26 21:32:32] crowsnest:		no_proxy: false
[03/31/26 21:32:32] crowsnest:		
[03/31/26 21:32:32] crowsnest:		[cam 1]
[03/31/26 21:32:32] crowsnest:		mode: ustreamer
[03/31/26 21:32:32] crowsnest:		
[03/31/26 21:32:32] crowsnest:		port: 8080
[03/31/26 21:32:32] crowsnest:		device: /dev/video0
[03/31/26 21:32:32] crowsnest:		resolution: 640x480
[03/31/26 21:32:32] crowsnest:		max_fps: 15
[03/31/26 21:32:32] crowsnest: INFO: Detect available Devices
[03/31/26 21:32:32] crowsnest: ERROR: No usable Devices Found. Stopping crowsnest.
[03/31/26 21:34:46] crowsnest: crowsnest - A webcam Service for multiple Cams and Stream Services.
[03/31/26 21:34:47] crowsnest: Version: v4.1.17-1-g9cc3d4a
[03/31/26 21:34:47] crowsnest: Prepare Startup ...
[03/31/26 21:34:47] crowsnest: INFO: Host information:
[03/31/26 21:34:47] crowsnest: Host Info: Distribution: Debian GNU/Linux 12 (bookworm)
[03/31/26 21:34:47] crowsnest: Host Info: Release: MainsailOS release 2.2.2 (bookworm)
[03/31/26 21:34:47] crowsnest: Host Info: Kernel: Linux 6.12.75+rpt-rpi-v8 aarch64
[03/31/26 21:34:47] crowsnest: Host Info: Model:  Raspberry Pi 4 Model B Rev 1.1
[03/31/26 21:34:47] crowsnest: Host Info: Available CPU Cores: 4
[03/31/26 21:34:47] crowsnest: Host Info: Available Memory: 748988 kB
[03/31/26 21:34:47] crowsnest: Host Info: Diskspace (avail. / total): 5.8G / 15G
[03/31/26 21:34:47] crowsnest: INFO: Checking Dependencies
[03/31/26 21:34:47] crowsnest: Dependency: 'crudini' found in /usr/bin/crudini.
[03/31/26 21:34:47] crowsnest: Dependency: 'find' found in /usr/bin/find.
[03/31/26 21:34:47] crowsnest: Dependency: 'xargs' found in /usr/bin/xargs.
[03/31/26 21:34:47] crowsnest: Dependency: 'ustreamer' found in bin/ustreamer/src/ustreamer.bin.
[03/31/26 21:34:47] crowsnest: Dependency: 'camera-streamer' found in bin/camera-streamer/camera-streamer.
[03/31/26 21:34:47] crowsnest: Version Control: ustreamer is up to date. (v6.36)
[03/31/26 21:34:47] crowsnest: Version Control: camera-streamer is up to date. ((2f71a28))
[03/31/26 21:34:47] crowsnest: INFO: Print Configfile: '/home/jay/printer_data/config/crowsnest.conf'
[03/31/26 21:34:47] crowsnest:		[crowsnest]
[03/31/26 21:34:47] crowsnest:		log_path: /home/jay/printer_data/logs/crowsnest.log
[03/31/26 21:34:47] crowsnest:		log_level: verbose
[03/31/26 21:34:47] crowsnest:		delete_log: false
[03/31/26 21:34:47] crowsnest:		no_proxy: false
[03/31/26 21:34:47] crowsnest:		
[03/31/26 21:34:47] crowsnest:		[cam 1]
[03/31/26 21:34:47] crowsnest:		mode: ustreamer
[03/31/26 21:34:47] crowsnest:		
[03/31/26 21:34:47] crowsnest:		port: 8080
[03/31/26 21:34:47] crowsnest:		device: /dev/video0
[03/31/26 21:34:47] crowsnest:		resolution: 640x480
[03/31/26 21:34:47] crowsnest:		max_fps: 15
[03/31/26 21:34:47] crowsnest: INFO: Detect available Devices
[03/31/26 21:34:47] crowsnest: ERROR: No usable Devices Found. Stopping crowsnest.
[03/31/26 21:34:53] crowsnest: crowsnest - A webcam Service for multiple Cams and Stream Services.
[03/31/26 21:34:53] crowsnest: Version: v4.1.17-1-g9cc3d4a
[03/31/26 21:34:53] crowsnest: Prepare Startup ...
[03/31/26 21:34:53] crowsnest: INFO: Host information:
[03/31/26 21:34:53] crowsnest: Host Info: Distribution: Debian GNU/Linux 12 (bookworm)
[03/31/26 21:34:53] crowsnest: Host Info: Release: MainsailOS release 2.2.2 (bookworm)
[03/31/26 21:34:53] crowsnest: Host Info: Kernel: Linux 6.12.75+rpt-rpi-v8 aarch64
[03/31/26 21:34:53] crowsnest: Host Info: Model:  Raspberry Pi 4 Model B Rev 1.1
[03/31/26 21:34:53] crowsnest: Host Info: Available CPU Cores: 4
[03/31/26 21:34:53] crowsnest: Host Info: Available Memory: 748988 kB
[03/31/26 21:34:53] crowsnest: Host Info: Diskspace (avail. / total): 5.8G / 15G
[03/31/26 21:34:53] crowsnest: INFO: Checking Dependencies
[03/31/26 21:34:53] crowsnest: Dependency: 'crudini' found in /usr/bin/crudini.
[03/31/26 21:34:53] crowsnest: Dependency: 'find' found in /usr/bin/find.
[03/31/26 21:34:53] crowsnest: Dependency: 'xargs' found in /usr/bin/xargs.
[03/31/26 21:34:53] crowsnest: Dependency: 'ustreamer' found in bin/ustreamer/src/ustreamer.bin.
[03/31/26 21:34:53] crowsnest: Dependency: 'camera-streamer' found in bin/camera-streamer/camera-streamer.
[03/31/26 21:34:53] crowsnest: Version Control: ustreamer is up to date. (v6.36)
[03/31/26 21:34:53] crowsnest: Version Control: camera-streamer is up to date. ((2f71a28))
[03/31/26 21:34:53] crowsnest: INFO: Print Configfile: '/home/jay/printer_data/config/crowsnest.conf'
[03/31/26 21:34:53] crowsnest:		[crowsnest]
[03/31/26 21:34:53] crowsnest:		log_path: /home/jay/printer_data/logs/crowsnest.log
[03/31/26 21:34:53] crowsnest:		log_level: verbose
[03/31/26 21:34:53] crowsnest:		delete_log: false
[03/31/26 21:34:53] crowsnest:		no_proxy: false
[03/31/26 21:34:53] crowsnest:		
[03/31/26 21:34:53] crowsnest:		[cam 1]
[03/31/26 21:34:53] crowsnest:		mode: ustreamer
[03/31/26 21:34:53] crowsnest:		
[03/31/26 21:34:53] crowsnest:		port: 8080
[03/31/26 21:34:53] crowsnest:		device: /dev/video0
[03/31/26 21:34:53] crowsnest:		resolution: 640x480
[03/31/26 21:34:53] crowsnest:		max_fps: 15
[03/31/26 21:34:53] crowsnest: INFO: Detect available Devices
[03/31/26 21:34:53] crowsnest: ERROR: No usable Devices Found. Stopping crowsnest.
[03/31/26 21:34:59] crowsnest: crowsnest - A webcam Service for multiple Cams and Stream Services.
[03/31/26 21:34:59] crowsnest: Version: v4.1.17-1-g9cc3d4a
[03/31/26 21:34:59] crowsnest: Prepare Startup ...
[03/31/26 21:34:59] crowsnest: INFO: Host information:
[03/31/26 21:34:59] crowsnest: Host Info: Distribution: Debian GNU/Linux 12 (bookworm)
[03/31/26 21:34:59] crowsnest: Host Info: Release: MainsailOS release 2.2.2 (bookworm)
[03/31/26 21:34:59] crowsnest: Host Info: Kernel: Linux 6.12.75+rpt-rpi-v8 aarch64
[03/31/26 21:34:59] crowsnest: Host Info: Model:  Raspberry Pi 4 Model B Rev 1.1
[03/31/26 21:34:59] crowsnest: Host Info: Available CPU Cores: 4
[03/31/26 21:34:59] crowsnest: Host Info: Available Memory: 748988 kB
[03/31/26 21:34:59] crowsnest: Host Info: Diskspace (avail. / total): 5.8G / 15G
[03/31/26 21:34:59] crowsnest: INFO: Checking Dependencies
[03/31/26 21:34:59] crowsnest: Dependency: 'crudini' found in /usr/bin/crudini.
[03/31/26 21:34:59] crowsnest: Dependency: 'find' found in /usr/bin/find.
[03/31/26 21:34:59] crowsnest: Dependency: 'xargs' found in /usr/bin/xargs.
[03/31/26 21:34:59] crowsnest: Dependency: 'ustreamer' found in bin/ustreamer/src/ustreamer.bin.
[03/31/26 21:34:59] crowsnest: Dependency: 'camera-streamer' found in bin/camera-streamer/camera-streamer.
[03/31/26 21:34:59] crowsnest: Version Control: ustreamer is up to date. (v6.36)
[03/31/26 21:34:59] crowsnest: Version Control: camera-streamer is up to date. ((2f71a28))
[03/31/26 21:34:59] crowsnest: INFO: Print Configfile: '/home/jay/printer_data/config/crowsnest.conf'
[03/31/26 21:34:59] crowsnest:		[crowsnest]
[03/31/26 21:34:59] crowsnest:		log_path: /home/jay/printer_data/logs/crowsnest.log
[03/31/26 21:34:59] crowsnest:		log_level: verbose
[03/31/26 21:34:59] crowsnest:		delete_log: false
[03/31/26 21:34:59] crowsnest:		no_proxy: false
[03/31/26 21:34:59] crowsnest:		
[03/31/26 21:34:59] crowsnest:		[cam 1]
[03/31/26 21:34:59] crowsnest:		mode: ustreamer
[03/31/26 21:34:59] crowsnest:		
[03/31/26 21:34:59] crowsnest:		port: 8080
[03/31/26 21:34:59] crowsnest:		device: /dev/video0
[03/31/26 21:34:59] crowsnest:		resolution: 640x480
[03/31/26 21:34:59] crowsnest:		max_fps: 15
[03/31/26 21:34:59] crowsnest: INFO: Detect available Devices
[03/31/26 21:34:59] crowsnest: ERROR: No usable Devices Found. Stopping crowsnest.
[03/31/26 21:38:31] crowsnest: crowsnest - A webcam Service for multiple Cams and Stream Services.
[03/31/26 21:38:31] crowsnest: Version: v4.1.17-1-g9cc3d4a
[03/31/26 21:38:31] crowsnest: Prepare Startup ...
[03/31/26 21:38:31] crowsnest: INFO: Host information:
[03/31/26 21:38:31] crowsnest: Host Info: Distribution: Debian GNU/Linux 12 (bookworm)
[03/31/26 21:38:31] crowsnest: Host Info: Release: MainsailOS release 2.2.2 (bookworm)
[03/31/26 21:38:31] crowsnest: Host Info: Kernel: Linux 6.12.75+rpt-rpi-v8 aarch64
[03/31/26 21:38:31] crowsnest: Host Info: Model:  Raspberry Pi 4 Model B Rev 1.1
[03/31/26 21:38:31] crowsnest: Host Info: Available CPU Cores: 4
[03/31/26 21:38:31] crowsnest: Host Info: Available Memory: 748988 kB
[03/31/26 21:38:31] crowsnest: Host Info: Diskspace (avail. / total): 5.8G / 15G
[03/31/26 21:38:31] crowsnest: INFO: Checking Dependencies
[03/31/26 21:38:32] crowsnest: Dependency: 'crudini' found in /usr/bin/crudini.
[03/31/26 21:38:32] crowsnest: Dependency: 'find' found in /usr/bin/find.
[03/31/26 21:38:32] crowsnest: Dependency: 'xargs' found in /usr/bin/xargs.
[03/31/26 21:38:32] crowsnest: Dependency: 'ustreamer' found in bin/ustreamer/src/ustreamer.bin.
[03/31/26 21:38:32] crowsnest: Dependency: 'camera-streamer' found in bin/camera-streamer/camera-streamer.
[03/31/26 21:38:32] crowsnest: Version Control: ustreamer is up to date. (v6.36)
[03/31/26 21:38:33] crowsnest: Version Control: camera-streamer is up to date. ((2f71a28))
[03/31/26 21:38:33] crowsnest: INFO: Print Configfile: '/home/jay/printer_data/config/crowsnest.conf'
[03/31/26 21:38:33] crowsnest:		[crowsnest]
[03/31/26 21:38:33] crowsnest:		log_path: /home/jay/printer_data/logs/crowsnest.log
[03/31/26 21:38:33] crowsnest:		log_level: verbose
[03/31/26 21:38:33] crowsnest:		delete_log: false
[03/31/26 21:38:33] crowsnest:		no_proxy: false
[03/31/26 21:38:33] crowsnest:		
[03/31/26 21:38:33] crowsnest:		[cam 1]
[03/31/26 21:38:33] crowsnest:		mode: ustreamer
[03/31/26 21:38:33] crowsnest:		
[03/31/26 21:38:33] crowsnest:		port: 8080
[03/31/26 21:38:33] crowsnest:		device: /dev/video0
[03/31/26 21:38:33] crowsnest:		resolution: 640x480
[03/31/26 21:38:33] crowsnest:		max_fps: 15
[03/31/26 21:38:33] crowsnest: INFO: Detect available Devices
[03/31/26 21:38:34] crowsnest: ERROR: No usable Devices Found. Stopping crowsnest.
[03/31/26 21:38:39] crowsnest: crowsnest - A webcam Service for multiple Cams and Stream Services.
[03/31/26 21:38:39] crowsnest: Version: v4.1.17-1-g9cc3d4a
[03/31/26 21:38:39] crowsnest: Prepare Startup ...
[03/31/26 21:38:39] crowsnest: INFO: Host information:
[03/31/26 21:38:39] crowsnest: Host Info: Distribution: Debian GNU/Linux 12 (bookworm)
[03/31/26 21:38:39] crowsnest: Host Info: Release: MainsailOS release 2.2.2 (bookworm)
[03/31/26 21:38:39] crowsnest: Host Info: Kernel: Linux 6.12.75+rpt-rpi-v8 aarch64
[03/31/26 21:38:39] crowsnest: Host Info: Model:  Raspberry Pi 4 Model B Rev 1.1
[03/31/26 21:38:39] crowsnest: Host Info: Available CPU Cores: 4
[03/31/26 21:38:39] crowsnest: Host Info: Available Memory: 748988 kB
[03/31/26 21:38:39] crowsnest: Host Info: Diskspace (avail. / total): 5.8G / 15G
[03/31/26 21:38:39] crowsnest: INFO: Checking Dependencies
[03/31/26 21:38:39] crowsnest: Dependency: 'crudini' found in /usr/bin/crudini.
[03/31/26 21:38:39] crowsnest: Dependency: 'find' found in /usr/bin/find.
[03/31/26 21:38:39] crowsnest: Dependency: 'xargs' found in /usr/bin/xargs.
[03/31/26 21:38:39] crowsnest: Dependency: 'ustreamer' found in bin/ustreamer/src/ustreamer.bin.
[03/31/26 21:38:39] crowsnest: Dependency: 'camera-streamer' found in bin/camera-streamer/camera-streamer.
[03/31/26 21:38:39] crowsnest: Version Control: ustreamer is up to date. (v6.36)
[03/31/26 21:38:40] crowsnest: Version Control: camera-streamer is up to date. ((2f71a28))
[03/31/26 21:38:40] crowsnest: INFO: Print Configfile: '/home/jay/printer_data/config/crowsnest.conf'
[03/31/26 21:38:40] crowsnest:		[crowsnest]
[03/31/26 21:38:40] crowsnest:		log_path: /home/jay/printer_data/logs/crowsnest.log
[03/31/26 21:38:40] crowsnest:		log_level: verbose
[03/31/26 21:38:40] crowsnest:		delete_log: false
[03/31/26 21:38:40] crowsnest:		no_proxy: false
[03/31/26 21:38:40] crowsnest:		
[03/31/26 21:38:40] crowsnest:		[cam 1]
[03/31/26 21:38:40] crowsnest:		mode: ustreamer
[03/31/26 21:38:40] crowsnest:		
[03/31/26 21:38:40] crowsnest:		port: 8080
[03/31/26 21:38:40] crowsnest:		device: /dev/video0
[03/31/26 21:38:40] crowsnest:		resolution: 640x480
[03/31/26 21:38:40] crowsnest:		max_fps: 15
[03/31/26 21:38:40] crowsnest: INFO: Detect available Devices
[03/31/26 21:38:40] crowsnest: ERROR: No usable Devices Found. Stopping crowsnest.
[03/31/26 21:38:45] crowsnest: crowsnest - A webcam Service for multiple Cams and Stream Services.
[03/31/26 21:38:45] crowsnest: Version: v4.1.17-1-g9cc3d4a
[03/31/26 21:38:45] crowsnest: Prepare Startup ...
[03/31/26 21:38:45] crowsnest: INFO: Host information:
[03/31/26 21:38:45] crowsnest: Host Info: Distribution: Debian GNU/Linux 12 (bookworm)
[03/31/26 21:38:45] crowsnest: Host Info: Release: MainsailOS release 2.2.2 (bookworm)
[03/31/26 21:38:45] crowsnest: Host Info: Kernel: Linux 6.12.75+rpt-rpi-v8 aarch64
[03/31/26 21:38:45] crowsnest: Host Info: Model:  Raspberry Pi 4 Model B Rev 1.1
[03/31/26 21:38:45] crowsnest: Host Info: Available CPU Cores: 4
[03/31/26 21:38:45] crowsnest: Host Info: Available Memory: 748988 kB
[03/31/26 21:38:45] crowsnest: Host Info: Diskspace (avail. / total): 5.8G / 15G
[03/31/26 21:38:45] crowsnest: INFO: Checking Dependencies
[03/31/26 21:38:45] crowsnest: Dependency: 'crudini' found in /usr/bin/crudini.
[03/31/26 21:38:45] crowsnest: Dependency: 'find' found in /usr/bin/find.
[03/31/26 21:38:45] crowsnest: Dependency: 'xargs' found in /usr/bin/xargs.
[03/31/26 21:38:45] crowsnest: Dependency: 'ustreamer' found in bin/ustreamer/src/ustreamer.bin.
[03/31/26 21:38:45] crowsnest: Dependency: 'camera-streamer' found in bin/camera-streamer/camera-streamer.
[03/31/26 21:38:45] crowsnest: Version Control: ustreamer is up to date. (v6.36)
[03/31/26 21:38:46] crowsnest: Version Control: camera-streamer is up to date. ((2f71a28))
[03/31/26 21:38:46] crowsnest: INFO: Print Configfile: '/home/jay/printer_data/config/crowsnest.conf'
[03/31/26 21:38:46] crowsnest:		[crowsnest]
[03/31/26 21:38:46] crowsnest:		log_path: /home/jay/printer_data/logs/crowsnest.log
[03/31/26 21:38:46] crowsnest:		log_level: verbose
[03/31/26 21:38:46] crowsnest:		delete_log: false
[03/31/26 21:38:46] crowsnest:		no_proxy: false
[03/31/26 21:38:46] crowsnest:		
[03/31/26 21:38:46] crowsnest:		[cam 1]
[03/31/26 21:38:46] crowsnest:		mode: ustreamer
[03/31/26 21:38:46] crowsnest:		
[03/31/26 21:38:46] crowsnest:		port: 8080
[03/31/26 21:38:46] crowsnest:		device: /dev/video0
[03/31/26 21:38:46] crowsnest:		resolution: 640x480
[03/31/26 21:38:46] crowsnest:		max_fps: 15
[03/31/26 21:38:46] crowsnest: INFO: Detect available Devices
[03/31/26 21:38:46] crowsnest: ERROR: No usable Devices Found. Stopping crowsnest.
[03/31/26 21:38:51] crowsnest: crowsnest - A webcam Service for multiple Cams and Stream Services.
[03/31/26 21:38:51] crowsnest: Version: v4.1.17-1-g9cc3d4a
[03/31/26 21:38:51] crowsnest: Prepare Startup ...
[03/31/26 21:38:51] crowsnest: INFO: Host information:
[03/31/26 21:38:51] crowsnest: Host Info: Distribution: Debian GNU/Linux 12 (bookworm)
[03/31/26 21:38:51] crowsnest: Host Info: Release: MainsailOS release 2.2.2 (bookworm)
[03/31/26 21:38:51] crowsnest: Host Info: Kernel: Linux 6.12.75+rpt-rpi-v8 aarch64
[03/31/26 21:38:51] crowsnest: Host Info: Model:  Raspberry Pi 4 Model B Rev 1.1
[03/31/26 21:38:51] crowsnest: Host Info: Available CPU Cores: 4
[03/31/26 21:38:51] crowsnest: Host Info: Available Memory: 748988 kB
[03/31/26 21:38:51] crowsnest: Host Info: Diskspace (avail. / total): 5.8G / 15G
[03/31/26 21:38:51] crowsnest: INFO: Checking Dependencies
[03/31/26 21:38:51] crowsnest: Dependency: 'crudini' found in /usr/bin/crudini.
[03/31/26 21:38:51] crowsnest: Dependency: 'find' found in /usr/bin/find.
[03/31/26 21:38:51] crowsnest: Dependency: 'xargs' found in /usr/bin/xargs.
[03/31/26 21:38:51] crowsnest: Dependency: 'ustreamer' found in bin/ustreamer/src/ustreamer.bin.
[03/31/26 21:38:51] crowsnest: Dependency: 'camera-streamer' found in bin/camera-streamer/camera-streamer.
[03/31/26 21:38:51] crowsnest: Version Control: ustreamer is up to date. (v6.36)
[03/31/26 21:38:52] crowsnest: Version Control: camera-streamer is up to date. ((2f71a28))
[03/31/26 21:38:52] crowsnest: INFO: Print Configfile: '/home/jay/printer_data/config/crowsnest.conf'
[03/31/26 21:38:52] crowsnest:		[crowsnest]
[03/31/26 21:38:52] crowsnest:		log_path: /home/jay/printer_data/logs/crowsnest.log
[03/31/26 21:38:52] crowsnest:		log_level: verbose
[03/31/26 21:38:52] crowsnest:		delete_log: false
[03/31/26 21:38:52] crowsnest:		no_proxy: false
[03/31/26 21:38:52] crowsnest:		
[03/31/26 21:38:52] crowsnest:		[cam 1]
[03/31/26 21:38:52] crowsnest:		mode: ustreamer
[03/31/26 21:38:52] crowsnest:		
[03/31/26 21:38:52] crowsnest:		port: 8080
[03/31/26 21:38:52] crowsnest:		device: /dev/video0
[03/31/26 21:38:52] crowsnest:		resolution: 640x480
[03/31/26 21:38:52] crowsnest:		max_fps: 15
[03/31/26 21:38:52] crowsnest: INFO: Detect available Devices
[03/31/26 21:38:52] crowsnest: ERROR: No usable Devices Found. Stopping crowsnest.
[03/31/26 21:38:57] crowsnest: crowsnest - A webcam Service for multiple Cams and Stream Services.
[03/31/26 21:38:57] crowsnest: Version: v4.1.17-1-g9cc3d4a
[03/31/26 21:38:57] crowsnest: Prepare Startup ...
[03/31/26 21:38:57] crowsnest: INFO: Host information:
[03/31/26 21:38:57] crowsnest: Host Info: Distribution: Debian GNU/Linux 12 (bookworm)
[03/31/26 21:38:57] crowsnest: Host Info: Release: MainsailOS release 2.2.2 (bookworm)
[03/31/26 21:38:57] crowsnest: Host Info: Kernel: Linux 6.12.75+rpt-rpi-v8 aarch64
[03/31/26 21:38:57] crowsnest: Host Info: Model:  Raspberry Pi 4 Model B Rev 1.1
[03/31/26 21:38:57] crowsnest: Host Info: Available CPU Cores: 4
[03/31/26 21:38:57] crowsnest: Host Info: Available Memory: 748988 kB
[03/31/26 21:38:57] crowsnest: Host Info: Diskspace (avail. / total): 5.8G / 15G
[03/31/26 21:38:57] crowsnest: INFO: Checking Dependencies
[03/31/26 21:38:57] crowsnest: Dependency: 'crudini' found in /usr/bin/crudini.
[03/31/26 21:38:57] crowsnest: Dependency: 'find' found in /usr/bin/find.
[03/31/26 21:38:57] crowsnest: Dependency: 'xargs' found in /usr/bin/xargs.
[03/31/26 21:38:57] crowsnest: Dependency: 'ustreamer' found in bin/ustreamer/src/ustreamer.bin.
[03/31/26 21:38:57] crowsnest: Dependency: 'camera-streamer' found in bin/camera-streamer/camera-streamer.
[03/31/26 21:38:57] crowsnest: Version Control: ustreamer is up to date. (v6.36)
[03/31/26 21:38:58] crowsnest: Version Control: camera-streamer is up to date. ((2f71a28))
[03/31/26 21:38:58] crowsnest: INFO: Print Configfile: '/home/jay/printer_data/config/crowsnest.conf'
[03/31/26 21:38:58] crowsnest:		[crowsnest]
[03/31/26 21:38:58] crowsnest:		log_path: /home/jay/printer_data/logs/crowsnest.log
[03/31/26 21:38:58] crowsnest:		log_level: verbose
[03/31/26 21:38:58] crowsnest:		delete_log: false
[03/31/26 21:38:58] crowsnest:		no_proxy: false
[03/31/26 21:38:58] crowsnest:		
[03/31/26 21:38:58] crowsnest:		[cam 1]
[03/31/26 21:38:58] crowsnest:		mode: ustreamer
[03/31/26 21:38:58] crowsnest:		
[03/31/26 21:38:58] crowsnest:		port: 8080
[03/31/26 21:38:58] crowsnest:		device: /dev/video0
[03/31/26 21:38:58] crowsnest:		resolution: 640x480
[03/31/26 21:38:58] crowsnest:		max_fps: 15
[03/31/26 21:38:58] crowsnest: INFO: Detect available Devices
[03/31/26 21:38:58] crowsnest: ERROR: No usable Devices Found. Stopping crowsnest.
[03/31/26 21:39:03] crowsnest: crowsnest - A webcam Service for multiple Cams and Stream Services.
[03/31/26 21:39:03] crowsnest: Version: v4.1.17-1-g9cc3d4a
[03/31/26 21:39:03] crowsnest: Prepare Startup ...
[03/31/26 21:39:03] crowsnest: INFO: Host information:
[03/31/26 21:39:03] crowsnest: Host Info: Distribution: Debian GNU/Linux 12 (bookworm)
[03/31/26 21:39:03] crowsnest: Host Info: Release: MainsailOS release 2.2.2 (bookworm)
[03/31/26 21:39:03] crowsnest: Host Info: Kernel: Linux 6.12.75+rpt-rpi-v8 aarch64
[03/31/26 21:39:03] crowsnest: Host Info: Model:  Raspberry Pi 4 Model B Rev 1.1
[03/31/26 21:39:03] crowsnest: Host Info: Available CPU Cores: 4
[03/31/26 21:39:03] crowsnest: Host Info: Available Memory: 748988 kB
[03/31/26 21:39:03] crowsnest: Host Info: Diskspace (avail. / total): 5.8G / 15G
[03/31/26 21:39:03] crowsnest: INFO: Checking Dependencies
[03/31/26 21:39:03] crowsnest: Dependency: 'crudini' found in /usr/bin/crudini.
[03/31/26 21:39:03] crowsnest: Dependency: 'find' found in /usr/bin/find.
[03/31/26 21:39:03] crowsnest: Dependency: 'xargs' found in /usr/bin/xargs.
[03/31/26 21:39:03] crowsnest: Dependency: 'ustreamer' found in bin/ustreamer/src/ustreamer.bin.
[03/31/26 21:39:03] crowsnest: Dependency: 'camera-streamer' found in bin/camera-streamer/camera-streamer.
[03/31/26 21:39:03] crowsnest: Version Control: ustreamer is up to date. (v6.36)
[03/31/26 21:39:04] crowsnest: Version Control: camera-streamer is up to date. ((2f71a28))
[03/31/26 21:39:04] crowsnest: INFO: Print Configfile: '/home/jay/printer_data/config/crowsnest.conf'
[03/31/26 21:39:04] crowsnest:		[crowsnest]
[03/31/26 21:39:04] crowsnest:		log_path: /home/jay/printer_data/logs/crowsnest.log
[03/31/26 21:39:04] crowsnest:		log_level: verbose
[03/31/26 21:39:04] crowsnest:		delete_log: false
[03/31/26 21:39:04] crowsnest:		no_proxy: false
[03/31/26 21:39:04] crowsnest:		
[03/31/26 21:39:04] crowsnest:		[cam 1]
[03/31/26 21:39:04] crowsnest:		mode: ustreamer
[03/31/26 21:39:04] crowsnest:		
[03/31/26 21:39:04] crowsnest:		port: 8080
[03/31/26 21:39:04] crowsnest:		device: /dev/video0
[03/31/26 21:39:04] crowsnest:		resolution: 640x480
[03/31/26 21:39:04] crowsnest:		max_fps: 15
[03/31/26 21:39:04] crowsnest: INFO: Detect available Devices
[03/31/26 21:39:04] crowsnest: ERROR: No usable Devices Found. Stopping crowsnest.
[03/31/26 21:45:11] crowsnest: crowsnest - A webcam Service for multiple Cams and Stream Services.
[03/31/26 21:45:11] crowsnest: Version: v4.1.17-1-g9cc3d4a
[03/31/26 21:45:11] crowsnest: Prepare Startup ...
[03/31/26 21:45:11] crowsnest: INFO: Host information:
[03/31/26 21:45:11] crowsnest: Host Info: Distribution: Debian GNU/Linux 12 (bookworm)
[03/31/26 21:45:11] crowsnest: Host Info: Release: MainsailOS release 2.2.2 (bookworm)
[03/31/26 21:45:11] crowsnest: Host Info: Kernel: Linux 6.12.75+rpt-rpi-v8 aarch64
[03/31/26 21:45:11] crowsnest: Host Info: Model:  Raspberry Pi 4 Model B Rev 1.1
[03/31/26 21:45:11] crowsnest: Host Info: Available CPU Cores: 4
[03/31/26 21:45:11] crowsnest: Host Info: Available Memory: 748988 kB
[03/31/26 21:45:11] crowsnest: Host Info: Diskspace (avail. / total): 5.8G / 15G
[03/31/26 21:45:11] crowsnest: INFO: Checking Dependencies
[03/31/26 21:45:11] crowsnest: Dependency: 'crudini' found in /usr/bin/crudini.
[03/31/26 21:45:11] crowsnest: Dependency: 'find' found in /usr/bin/find.
[03/31/26 21:45:11] crowsnest: Dependency: 'xargs' found in /usr/bin/xargs.
[03/31/26 21:45:11] crowsnest: Dependency: 'ustreamer' found in bin/ustreamer/src/ustreamer.bin.
[03/31/26 21:45:11] crowsnest: Dependency: 'camera-streamer' found in bin/camera-streamer/camera-streamer.
[03/31/26 21:45:11] crowsnest: Version Control: ustreamer is up to date. (v6.36)
[03/31/26 21:45:11] crowsnest: Version Control: camera-streamer is up to date. ((2f71a28))
[03/31/26 21:45:12] crowsnest: INFO: Print Configfile: '/home/jay/printer_data/config/crowsnest.conf'
[03/31/26 21:45:12] crowsnest:		[crowsnest]
[03/31/26 21:45:12] crowsnest:		log_path: /home/jay/printer_data/logs/crowsnest.log
[03/31/26 21:45:12] crowsnest:		log_level: verbose
[03/31/26 21:45:12] crowsnest:		delete_log: false
[03/31/26 21:45:12] crowsnest:		no_proxy: false
[03/31/26 21:45:12] crowsnest:		
[03/31/26 21:45:12] crowsnest:		[cam 1]
[03/31/26 21:45:12] crowsnest:		mode: ustreamer
[03/31/26 21:45:12] crowsnest:		
[03/31/26 21:45:12] crowsnest:		port: 8080
[03/31/26 21:45:12] crowsnest:		device: /dev/video0
[03/31/26 21:45:12] crowsnest:		resolution: 640x480
[03/31/26 21:45:12] crowsnest:		max_fps: 15
[03/31/26 21:45:12] crowsnest: INFO: Detect available Devices
[03/31/26 21:45:12] crowsnest: ERROR: No usable Devices Found. Stopping crowsnest.
[03/31/26 21:45:17] crowsnest: crowsnest - A webcam Service for multiple Cams and Stream Services.
[03/31/26 21:45:17] crowsnest: Version: v4.1.17-1-g9cc3d4a
[03/31/26 21:45:17] crowsnest: Prepare Startup ...
[03/31/26 21:45:17] crowsnest: INFO: Host information:
[03/31/26 21:45:17] crowsnest: Host Info: Distribution: Debian GNU/Linux 12 (bookworm)
[03/31/26 21:45:17] crowsnest: Host Info: Release: MainsailOS release 2.2.2 (bookworm)
[03/31/26 21:45:17] crowsnest: Host Info: Kernel: Linux 6.12.75+rpt-rpi-v8 aarch64
[03/31/26 21:45:17] crowsnest: Host Info: Model:  Raspberry Pi 4 Model B Rev 1.1
[03/31/26 21:45:17] crowsnest: Host Info: Available CPU Cores: 4
[03/31/26 21:45:17] crowsnest: Host Info: Available Memory: 748988 kB
[03/31/26 21:45:17] crowsnest: Host Info: Diskspace (avail. / total): 5.8G / 15G
[03/31/26 21:45:17] crowsnest: INFO: Checking Dependencies
[03/31/26 21:45:17] crowsnest: Dependency: 'crudini' found in /usr/bin/crudini.
[03/31/26 21:45:17] crowsnest: Dependency: 'find' found in /usr/bin/find.
[03/31/26 21:45:17] crowsnest: Dependency: 'xargs' found in /usr/bin/xargs.
[03/31/26 21:45:17] crowsnest: Dependency: 'ustreamer' found in bin/ustreamer/src/ustreamer.bin.
[03/31/26 21:45:17] crowsnest: Dependency: 'camera-streamer' found in bin/camera-streamer/camera-streamer.
[03/31/26 21:45:17] crowsnest: Version Control: ustreamer is up to date. (v6.36)
[03/31/26 21:45:17] crowsnest: Version Control: camera-streamer is up to date. ((2f71a28))
[03/31/26 21:45:17] crowsnest: INFO: Print Configfile: '/home/jay/printer_data/config/crowsnest.conf'
[03/31/26 21:45:17] crowsnest:		[crowsnest]
[03/31/26 21:45:17] crowsnest:		log_path: /home/jay/printer_data/logs/crowsnest.log
[03/31/26 21:45:17] crowsnest:		log_level: verbose
[03/31/26 21:45:17] crowsnest:		delete_log: false
[03/31/26 21:45:17] crowsnest:		no_proxy: false
[03/31/26 21:45:17] crowsnest:		
[03/31/26 21:45:17] crowsnest:		[cam 1]
[03/31/26 21:45:17] crowsnest:		mode: ustreamer
[03/31/26 21:45:17] crowsnest:		
[03/31/26 21:45:17] crowsnest:		port: 8080
[03/31/26 21:45:17] crowsnest:		device: /dev/video0
[03/31/26 21:45:17] crowsnest:		resolution: 640x480
[03/31/26 21:45:17] crowsnest:		max_fps: 15
[03/31/26 21:45:17] crowsnest: INFO: Detect available Devices
[03/31/26 21:45:18] crowsnest: ERROR: No usable Devices Found. Stopping crowsnest.
[03/31/26 21:45:23] crowsnest: crowsnest - A webcam Service for multiple Cams and Stream Services.
[03/31/26 21:45:23] crowsnest: Version: v4.1.17-1-g9cc3d4a
[03/31/26 21:45:23] crowsnest: Prepare Startup ...
[03/31/26 21:45:23] crowsnest: INFO: Host information:
[03/31/26 21:45:23] crowsnest: Host Info: Distribution: Debian GNU/Linux 12 (bookworm)
[03/31/26 21:45:23] crowsnest: Host Info: Release: MainsailOS release 2.2.2 (bookworm)
[03/31/26 21:45:23] crowsnest: Host Info: Kernel: Linux 6.12.75+rpt-rpi-v8 aarch64
[03/31/26 21:45:23] crowsnest: Host Info: Model:  Raspberry Pi 4 Model B Rev 1.1
[03/31/26 21:45:23] crowsnest: Host Info: Available CPU Cores: 4
[03/31/26 21:45:23] crowsnest: Host Info: Available Memory: 748988 kB
[03/31/26 21:45:23] crowsnest: Host Info: Diskspace (avail. / total): 5.8G / 15G
[03/31/26 21:45:23] crowsnest: INFO: Checking Dependencies
[03/31/26 21:45:23] crowsnest: Dependency: 'crudini' found in /usr/bin/crudini.
[03/31/26 21:45:23] crowsnest: Dependency: 'find' found in /usr/bin/find.
[03/31/26 21:45:23] crowsnest: Dependency: 'xargs' found in /usr/bin/xargs.
[03/31/26 21:45:23] crowsnest: Dependency: 'ustreamer' found in bin/ustreamer/src/ustreamer.bin.
[03/31/26 21:45:23] crowsnest: Dependency: 'camera-streamer' found in bin/camera-streamer/camera-streamer.
[03/31/26 21:45:23] crowsnest: Version Control: ustreamer is up to date. (v6.36)
[03/31/26 21:45:24] crowsnest: Version Control: camera-streamer is up to date. ((2f71a28))
[03/31/26 21:45:24] crowsnest: INFO: Print Configfile: '/home/jay/printer_data/config/crowsnest.conf'
[03/31/26 21:45:24] crowsnest:		[crowsnest]
[03/31/26 21:45:24] crowsnest:		log_path: /home/jay/printer_data/logs/crowsnest.log
[03/31/26 21:45:24] crowsnest:		log_level: verbose
[03/31/26 21:45:24] crowsnest:		delete_log: false
[03/31/26 21:45:24] crowsnest:		no_proxy: false
[03/31/26 21:45:24] crowsnest:		
[03/31/26 21:45:24] crowsnest:		[cam 1]
[03/31/26 21:45:24] crowsnest:		mode: ustreamer
[03/31/26 21:45:24] crowsnest:		
[03/31/26 21:45:24] crowsnest:		port: 8080
[03/31/26 21:45:24] crowsnest:		device: /dev/video0
[03/31/26 21:45:24] crowsnest:		resolution: 640x480
[03/31/26 21:45:24] crowsnest:		max_fps: 15
[03/31/26 21:45:24] crowsnest: INFO: Detect available Devices
[03/31/26 21:45:24] crowsnest: ERROR: No usable Devices Found. Stopping crowsnest.
[03/31/26 21:45:29] crowsnest: crowsnest - A webcam Service for multiple Cams and Stream Services.
[03/31/26 21:45:29] crowsnest: Version: v4.1.17-1-g9cc3d4a
[03/31/26 21:45:29] crowsnest: Prepare Startup ...
[03/31/26 21:45:29] crowsnest: INFO: Host information:
[03/31/26 21:45:29] crowsnest: Host Info: Distribution: Debian GNU/Linux 12 (bookworm)
[03/31/26 21:45:29] crowsnest: Host Info: Release: MainsailOS release 2.2.2 (bookworm)
[03/31/26 21:45:29] crowsnest: Host Info: Kernel: Linux 6.12.75+rpt-rpi-v8 aarch64
[03/31/26 21:45:29] crowsnest: Host Info: Model:  Raspberry Pi 4 Model B Rev 1.1
[03/31/26 21:45:29] crowsnest: Host Info: Available CPU Cores: 4
[03/31/26 21:45:29] crowsnest: Host Info: Available Memory: 748988 kB
[03/31/26 21:45:29] crowsnest: Host Info: Diskspace (avail. / total): 5.8G / 15G
[03/31/26 21:45:29] crowsnest: INFO: Checking Dependencies
[03/31/26 21:45:29] crowsnest: Dependency: 'crudini' found in /usr/bin/crudini.
[03/31/26 21:45:29] crowsnest: Dependency: 'find' found in /usr/bin/find.
[03/31/26 21:45:29] crowsnest: Dependency: 'xargs' found in /usr/bin/xargs.
[03/31/26 21:45:29] crowsnest: Dependency: 'ustreamer' found in bin/ustreamer/src/ustreamer.bin.
[03/31/26 21:45:29] crowsnest: Dependency: 'camera-streamer' found in bin/camera-streamer/camera-streamer.
[03/31/26 21:45:29] crowsnest: Version Control: ustreamer is up to date. (v6.36)
[03/31/26 21:45:30] crowsnest: Version Control: camera-streamer is up to date. ((2f71a28))
[03/31/26 21:45:30] crowsnest: INFO: Print Configfile: '/home/jay/printer_data/config/crowsnest.conf'
[03/31/26 21:45:30] crowsnest:		[crowsnest]
[03/31/26 21:45:30] crowsnest:		log_path: /home/jay/printer_data/logs/crowsnest.log
[03/31/26 21:45:30] crowsnest:		log_level: verbose
[03/31/26 21:45:30] crowsnest:		delete_log: false
[03/31/26 21:45:30] crowsnest:		no_proxy: false
[03/31/26 21:45:30] crowsnest:		
[03/31/26 21:45:30] crowsnest:		[cam 1]
[03/31/26 21:45:30] crowsnest:		mode: ustreamer
[03/31/26 21:45:30] crowsnest:		
[03/31/26 21:45:30] crowsnest:		port: 8080
[03/31/26 21:45:30] crowsnest:		device: /dev/video0
[03/31/26 21:45:30] crowsnest:		resolution: 640x480
[03/31/26 21:45:30] crowsnest:		max_fps: 15
[03/31/26 21:45:30] crowsnest: INFO: Detect available Devices
[03/31/26 21:45:30] crowsnest: ERROR: No usable Devices Found. Stopping crowsnest.
[04/01/26 00:23:20] crowsnest: crowsnest - A webcam Service for multiple Cams and Stream Services.
[04/01/26 00:23:20] crowsnest: Version: v4.1.17-1-g9cc3d4a
[04/01/26 00:23:20] crowsnest: Prepare Startup ...
[04/01/26 00:23:20] crowsnest: INFO: Host information:
[04/01/26 00:23:20] crowsnest: Host Info: Distribution: Debian GNU/Linux 12 (bookworm)
[04/01/26 00:23:20] crowsnest: Host Info: Release: MainsailOS release 2.2.2 (bookworm)
[04/01/26 00:23:20] crowsnest: Host Info: Kernel: Linux 6.12.75+rpt-rpi-v8 aarch64
[04/01/26 00:23:20] crowsnest: Host Info: Model:  Raspberry Pi 4 Model B Rev 1.1
[04/01/26 00:23:20] crowsnest: Host Info: Available CPU Cores: 4
[04/01/26 00:23:20] crowsnest: Host Info: Available Memory: 748988 kB
[04/01/26 00:23:20] crowsnest: Host Info: Diskspace (avail. / total): 5.8G / 15G
[04/01/26 00:23:20] crowsnest: INFO: Checking Dependencies
[04/01/26 00:23:21] crowsnest: Dependency: 'crudini' found in /usr/bin/crudini.
[04/01/26 00:23:21] crowsnest: Dependency: 'find' found in /usr/bin/find.
[04/01/26 00:23:21] crowsnest: Dependency: 'xargs' found in /usr/bin/xargs.
[04/01/26 00:23:21] crowsnest: Dependency: 'ustreamer' found in bin/ustreamer/src/ustreamer.bin.
[04/01/26 00:23:21] crowsnest: Dependency: 'camera-streamer' found in bin/camera-streamer/camera-streamer.
[04/01/26 00:23:21] crowsnest: Version Control: ustreamer is up to date. (v6.36)
[04/01/26 00:23:23] crowsnest: Version Control: camera-streamer is up to date. ((2f71a28))
[04/01/26 00:23:23] crowsnest: INFO: Print Configfile: '/home/jay/printer_data/config/crowsnest.conf'
[04/01/26 00:23:23] crowsnest:		[crowsnest]
[04/01/26 00:23:23] crowsnest:		log_path: /home/jay/printer_data/logs/crowsnest.log
[04/01/26 00:23:23] crowsnest:		log_level: verbose
[04/01/26 00:23:23] crowsnest:		delete_log: false
[04/01/26 00:23:23] crowsnest:		no_proxy: false
[04/01/26 00:23:23] crowsnest:		
[04/01/26 00:23:23] crowsnest:		[cam 1]
[04/01/26 00:23:23] crowsnest:		mode: ustreamer
[04/01/26 00:23:23] crowsnest:		
[04/01/26 00:23:23] crowsnest:		port: 8080
[04/01/26 00:23:23] crowsnest:		device: /dev/video0
[04/01/26 00:23:23] crowsnest:		resolution: 640x480
[04/01/26 00:23:23] crowsnest:		max_fps: 15
[04/01/26 00:23:23] crowsnest: INFO: Detect available Devices
[04/01/26 00:23:23] crowsnest: ERROR: No usable Devices Found. Stopping crowsnest.
[04/01/26 00:23:29] crowsnest: crowsnest - A webcam Service for multiple Cams and Stream Services.
[04/01/26 00:23:29] crowsnest: Version: v4.1.17-1-g9cc3d4a
[04/01/26 00:23:29] crowsnest: Prepare Startup ...
[04/01/26 00:23:29] crowsnest: INFO: Host information:
[04/01/26 00:23:29] crowsnest: Host Info: Distribution: Debian GNU/Linux 12 (bookworm)
[04/01/26 00:23:29] crowsnest: Host Info: Release: MainsailOS release 2.2.2 (bookworm)
[04/01/26 00:23:29] crowsnest: Host Info: Kernel: Linux 6.12.75+rpt-rpi-v8 aarch64
[04/01/26 00:23:29] crowsnest: Host Info: Model:  Raspberry Pi 4 Model B Rev 1.1
[04/01/26 00:23:29] crowsnest: Host Info: Available CPU Cores: 4
[04/01/26 00:23:29] crowsnest: Host Info: Available Memory: 748988 kB
[04/01/26 00:23:29] crowsnest: Host Info: Diskspace (avail. / total): 5.8G / 15G
[04/01/26 00:23:29] crowsnest: INFO: Checking Dependencies
[04/01/26 00:23:29] crowsnest: Dependency: 'crudini' found in /usr/bin/crudini.
[04/01/26 00:23:29] crowsnest: Dependency: 'find' found in /usr/bin/find.
[04/01/26 00:23:29] crowsnest: Dependency: 'xargs' found in /usr/bin/xargs.
[04/01/26 00:23:29] crowsnest: Dependency: 'ustreamer' found in bin/ustreamer/src/ustreamer.bin.
[04/01/26 00:23:29] crowsnest: Dependency: 'camera-streamer' found in bin/camera-streamer/camera-streamer.
[04/01/26 00:23:29] crowsnest: Version Control: ustreamer is up to date. (v6.36)
[04/01/26 00:23:29] crowsnest: Version Control: camera-streamer is up to date. ((2f71a28))
[04/01/26 00:23:29] crowsnest: INFO: Print Configfile: '/home/jay/printer_data/config/crowsnest.conf'
[04/01/26 00:23:29] crowsnest:		[crowsnest]
[04/01/26 00:23:29] crowsnest:		log_path: /home/jay/printer_data/logs/crowsnest.log
[04/01/26 00:23:29] crowsnest:		log_level: verbose
[04/01/26 00:23:29] crowsnest:		delete_log: false
[04/01/26 00:23:29] crowsnest:		no_proxy: false
[04/01/26 00:23:29] crowsnest:		
[04/01/26 00:23:29] crowsnest:		[cam 1]
[04/01/26 00:23:29] crowsnest:		mode: ustreamer
[04/01/26 00:23:29] crowsnest:		
[04/01/26 00:23:29] crowsnest:		port: 8080
[04/01/26 00:23:29] crowsnest:		device: /dev/video0
[04/01/26 00:23:29] crowsnest:		resolution: 640x480
[04/01/26 00:23:29] crowsnest:		max_fps: 15
[04/01/26 00:23:29] crowsnest: INFO: Detect available Devices
[04/01/26 00:23:29] crowsnest: ERROR: No usable Devices Found. Stopping crowsnest.
[04/01/26 00:23:35] crowsnest: crowsnest - A webcam Service for multiple Cams and Stream Services.
[04/01/26 00:23:35] crowsnest: Version: v4.1.17-1-g9cc3d4a
[04/01/26 00:23:35] crowsnest: Prepare Startup ...
[04/01/26 00:23:35] crowsnest: INFO: Host information:
[04/01/26 00:23:35] crowsnest: Host Info: Distribution: Debian GNU/Linux 12 (bookworm)
[04/01/26 00:23:35] crowsnest: Host Info: Release: MainsailOS release 2.2.2 (bookworm)
[04/01/26 00:23:35] crowsnest: Host Info: Kernel: Linux 6.12.75+rpt-rpi-v8 aarch64
[04/01/26 00:23:35] crowsnest: Host Info: Model:  Raspberry Pi 4 Model B Rev 1.1
[04/01/26 00:23:35] crowsnest: Host Info: Available CPU Cores: 4
[04/01/26 00:23:35] crowsnest: Host Info: Available Memory: 748988 kB
[04/01/26 00:23:35] crowsnest: Host Info: Diskspace (avail. / total): 5.8G / 15G
[04/01/26 00:23:35] crowsnest: INFO: Checking Dependencies
[04/01/26 00:23:35] crowsnest: Dependency: 'crudini' found in /usr/bin/crudini.
[04/01/26 00:23:35] crowsnest: Dependency: 'find' found in /usr/bin/find.
[04/01/26 00:23:35] crowsnest: Dependency: 'xargs' found in /usr/bin/xargs.
[04/01/26 00:23:35] crowsnest: Dependency: 'ustreamer' found in bin/ustreamer/src/ustreamer.bin.
[04/01/26 00:23:35] crowsnest: Dependency: 'camera-streamer' found in bin/camera-streamer/camera-streamer.
[04/01/26 00:23:35] crowsnest: Version Control: ustreamer is up to date. (v6.36)
[04/01/26 00:23:35] crowsnest: Version Control: camera-streamer is up to date. ((2f71a28))
[04/01/26 00:23:35] crowsnest: INFO: Print Configfile: '/home/jay/printer_data/config/crowsnest.conf'
[04/01/26 00:23:35] crowsnest:		[crowsnest]
[04/01/26 00:23:35] crowsnest:		log_path: /home/jay/printer_data/logs/crowsnest.log
[04/01/26 00:23:35] crowsnest:		log_level: verbose
[04/01/26 00:23:35] crowsnest:		delete_log: false
[04/01/26 00:23:35] crowsnest:		no_proxy: false
[04/01/26 00:23:35] crowsnest:		
[04/01/26 00:23:35] crowsnest:		[cam 1]
[04/01/26 00:23:35] crowsnest:		mode: ustreamer
[04/01/26 00:23:35] crowsnest:		
[04/01/26 00:23:35] crowsnest:		port: 8080
[04/01/26 00:23:35] crowsnest:		device: /dev/video0
[04/01/26 00:23:35] crowsnest:		resolution: 640x480
[04/01/26 00:23:35] crowsnest:		max_fps: 15
[04/01/26 00:23:35] crowsnest: INFO: Detect available Devices
[04/01/26 00:23:35] crowsnest: ERROR: No usable Devices Found. Stopping crowsnest.
[04/01/26 00:23:41] crowsnest: crowsnest - A webcam Service for multiple Cams and Stream Services.
[04/01/26 00:23:41] crowsnest: Version: v4.1.17-1-g9cc3d4a
[04/01/26 00:23:41] crowsnest: Prepare Startup ...
[04/01/26 00:23:41] crowsnest: INFO: Host information:
[04/01/26 00:23:41] crowsnest: Host Info: Distribution: Debian GNU/Linux 12 (bookworm)
[04/01/26 00:23:41] crowsnest: Host Info: Release: MainsailOS release 2.2.2 (bookworm)
[04/01/26 00:23:41] crowsnest: Host Info: Kernel: Linux 6.12.75+rpt-rpi-v8 aarch64
[04/01/26 00:23:41] crowsnest: Host Info: Model:  Raspberry Pi 4 Model B Rev 1.1
[04/01/26 00:23:41] crowsnest: Host Info: Available CPU Cores: 4
[04/01/26 00:23:41] crowsnest: Host Info: Available Memory: 748988 kB
[04/01/26 00:23:41] crowsnest: Host Info: Diskspace (avail. / total): 5.8G / 15G
[04/01/26 00:23:41] crowsnest: INFO: Checking Dependencies
[04/01/26 00:23:41] crowsnest: Dependency: 'crudini' found in /usr/bin/crudini.
[04/01/26 00:23:41] crowsnest: Dependency: 'find' found in /usr/bin/find.
[04/01/26 00:23:41] crowsnest: Dependency: 'xargs' found in /usr/bin/xargs.
[04/01/26 00:23:41] crowsnest: Dependency: 'ustreamer' found in bin/ustreamer/src/ustreamer.bin.
[04/01/26 00:23:41] crowsnest: Dependency: 'camera-streamer' found in bin/camera-streamer/camera-streamer.
[04/01/26 00:23:41] crowsnest: Version Control: ustreamer is up to date. (v6.36)
[04/01/26 00:23:41] crowsnest: Version Control: camera-streamer is up to date. ((2f71a28))
[04/01/26 00:23:41] crowsnest: INFO: Print Configfile: '/home/jay/printer_data/config/crowsnest.conf'
[04/01/26 00:23:41] crowsnest:		[crowsnest]
[04/01/26 00:23:41] crowsnest:		log_path: /home/jay/printer_data/logs/crowsnest.log
[04/01/26 00:23:41] crowsnest:		log_level: verbose
[04/01/26 00:23:41] crowsnest:		delete_log: false
[04/01/26 00:23:41] crowsnest:		no_proxy: false
[04/01/26 00:23:41] crowsnest:		
[04/01/26 00:23:41] crowsnest:		[cam 1]
[04/01/26 00:23:41] crowsnest:		mode: ustreamer
[04/01/26 00:23:41] crowsnest:		
[04/01/26 00:23:41] crowsnest:		port: 8080
[04/01/26 00:23:41] crowsnest:		device: /dev/video0
[04/01/26 00:23:41] crowsnest:		resolution: 640x480
[04/01/26 00:23:41] crowsnest:		max_fps: 15
[04/01/26 00:23:41] crowsnest: INFO: Detect available Devices
[04/01/26 00:23:41] crowsnest: ERROR: No usable Devices Found. Stopping crowsnest.
[04/01/26 00:23:47] crowsnest: crowsnest - A webcam Service for multiple Cams and Stream Services.
[04/01/26 00:23:47] crowsnest: Version: v4.1.17-1-g9cc3d4a
[04/01/26 00:23:47] crowsnest: Prepare Startup ...
[04/01/26 00:23:47] crowsnest: INFO: Host information:
[04/01/26 00:23:47] crowsnest: Host Info: Distribution: Debian GNU/Linux 12 (bookworm)
[04/01/26 00:23:47] crowsnest: Host Info: Release: MainsailOS release 2.2.2 (bookworm)
[04/01/26 00:23:47] crowsnest: Host Info: Kernel: Linux 6.12.75+rpt-rpi-v8 aarch64
[04/01/26 00:23:47] crowsnest: Host Info: Model:  Raspberry Pi 4 Model B Rev 1.1
[04/01/26 00:23:47] crowsnest: Host Info: Available CPU Cores: 4
[04/01/26 00:23:47] crowsnest: Host Info: Available Memory: 748988 kB
[04/01/26 00:23:47] crowsnest: Host Info: Diskspace (avail. / total): 5.8G / 15G
[04/01/26 00:23:47] crowsnest: INFO: Checking Dependencies
[04/01/26 00:23:47] crowsnest: Dependency: 'crudini' found in /usr/bin/crudini.
[04/01/26 00:23:47] crowsnest: Dependency: 'find' found in /usr/bin/find.
[04/01/26 00:23:47] crowsnest: Dependency: 'xargs' found in /usr/bin/xargs.
[04/01/26 00:23:47] crowsnest: Dependency: 'ustreamer' found in bin/ustreamer/src/ustreamer.bin.
[04/01/26 00:23:47] crowsnest: Dependency: 'camera-streamer' found in bin/camera-streamer/camera-streamer.
[04/01/26 00:23:47] crowsnest: Version Control: ustreamer is up to date. (v6.36)
[04/01/26 00:23:47] crowsnest: Version Control: camera-streamer is up to date. ((2f71a28))
[04/01/26 00:23:47] crowsnest: INFO: Print Configfile: '/home/jay/printer_data/config/crowsnest.conf'
[04/01/26 00:23:47] crowsnest:		[crowsnest]
[04/01/26 00:23:47] crowsnest:		log_path: /home/jay/printer_data/logs/crowsnest.log
[04/01/26 00:23:47] crowsnest:		log_level: verbose
[04/01/26 00:23:47] crowsnest:		delete_log: false
[04/01/26 00:23:47] crowsnest:		no_proxy: false
[04/01/26 00:23:47] crowsnest:		
[04/01/26 00:23:47] crowsnest:		[cam 1]
[04/01/26 00:23:47] crowsnest:		mode: ustreamer
[04/01/26 00:23:47] crowsnest:		
[04/01/26 00:23:47] crowsnest:		port: 8080
[04/01/26 00:23:47] crowsnest:		device: /dev/video0
[04/01/26 00:23:47] crowsnest:		resolution: 640x480
[04/01/26 00:23:47] crowsnest:		max_fps: 15
[04/01/26 00:23:47] crowsnest: INFO: Detect available Devices
[04/01/26 00:23:48] crowsnest: ERROR: No usable Devices Found. Stopping crowsnest.
[04/01/26 00:23:53] crowsnest: crowsnest - A webcam Service for multiple Cams and Stream Services.
[04/01/26 00:23:53] crowsnest: Version: v4.1.17-1-g9cc3d4a
[04/01/26 00:23:53] crowsnest: Prepare Startup ...
[04/01/26 00:23:53] crowsnest: INFO: Host information:
[04/01/26 00:23:53] crowsnest: Host Info: Distribution: Debian GNU/Linux 12 (bookworm)
[04/01/26 00:23:53] crowsnest: Host Info: Release: MainsailOS release 2.2.2 (bookworm)
[04/01/26 00:23:53] crowsnest: Host Info: Kernel: Linux 6.12.75+rpt-rpi-v8 aarch64
[04/01/26 00:23:53] crowsnest: Host Info: Model:  Raspberry Pi 4 Model B Rev 1.1
[04/01/26 00:23:53] crowsnest: Host Info: Available CPU Cores: 4
[04/01/26 00:23:53] crowsnest: Host Info: Available Memory: 748988 kB
[04/01/26 00:23:53] crowsnest: Host Info: Diskspace (avail. / total): 5.8G / 15G
[04/01/26 00:23:53] crowsnest: INFO: Checking Dependencies
[04/01/26 00:23:53] crowsnest: Dependency: 'crudini' found in /usr/bin/crudini.
[04/01/26 00:23:53] crowsnest: Dependency: 'find' found in /usr/bin/find.
[04/01/26 00:23:53] crowsnest: Dependency: 'xargs' found in /usr/bin/xargs.
[04/01/26 00:23:53] crowsnest: Dependency: 'ustreamer' found in bin/ustreamer/src/ustreamer.bin.
[04/01/26 00:23:53] crowsnest: Dependency: 'camera-streamer' found in bin/camera-streamer/camera-streamer.
[04/01/26 00:23:53] crowsnest: Version Control: ustreamer is up to date. (v6.36)
[04/01/26 00:23:53] crowsnest: Version Control: camera-streamer is up to date. ((2f71a28))
[04/01/26 00:23:53] crowsnest: INFO: Print Configfile: '/home/jay/printer_data/config/crowsnest.conf'
[04/01/26 00:23:53] crowsnest:		[crowsnest]
[04/01/26 00:23:53] crowsnest:		log_path: /home/jay/printer_data/logs/crowsnest.log
[04/01/26 00:23:53] crowsnest:		log_level: verbose
[04/01/26 00:23:53] crowsnest:		delete_log: false
[04/01/26 00:23:53] crowsnest:		no_proxy: false
[04/01/26 00:23:53] crowsnest:		
[04/01/26 00:23:53] crowsnest:		[cam 1]
[04/01/26 00:23:53] crowsnest:		mode: ustreamer
[04/01/26 00:23:53] crowsnest:		
[04/01/26 00:23:53] crowsnest:		port: 8080
[04/01/26 00:23:53] crowsnest:		device: /dev/video0
[04/01/26 00:23:53] crowsnest:		resolution: 640x480
[04/01/26 00:23:53] crowsnest:		max_fps: 15
[04/01/26 00:23:53] crowsnest: INFO: Detect available Devices
[04/01/26 00:23:54] crowsnest: ERROR: No usable Devices Found. Stopping crowsnest.
[04/01/26 00:25:46] crowsnest: crowsnest - A webcam Service for multiple Cams and Stream Services.
[04/01/26 00:25:46] crowsnest: Version: v4.1.17-1-g9cc3d4a
[04/01/26 00:25:46] crowsnest: Prepare Startup ...
[04/01/26 00:25:46] crowsnest: INFO: Host information:
[04/01/26 00:25:46] crowsnest: Host Info: Distribution: Debian GNU/Linux 12 (bookworm)
[04/01/26 00:25:46] crowsnest: Host Info: Release: MainsailOS release 2.2.2 (bookworm)
[04/01/26 00:25:46] crowsnest: Host Info: Kernel: Linux 6.12.75+rpt-rpi-v8 aarch64
[04/01/26 00:25:46] crowsnest: Host Info: Model:  Raspberry Pi 4 Model B Rev 1.1
[04/01/26 00:25:46] crowsnest: Host Info: Available CPU Cores: 4
[04/01/26 00:25:46] crowsnest: Host Info: Available Memory: 748988 kB
[04/01/26 00:25:46] crowsnest: Host Info: Diskspace (avail. / total): 5.8G / 15G
[04/01/26 00:25:46] crowsnest: INFO: Checking Dependencies
[04/01/26 00:25:46] crowsnest: Dependency: 'crudini' found in /usr/bin/crudini.
[04/01/26 00:25:46] crowsnest: Dependency: 'find' found in /usr/bin/find.
[04/01/26 00:25:46] crowsnest: Dependency: 'xargs' found in /usr/bin/xargs.
[04/01/26 00:25:46] crowsnest: Dependency: 'ustreamer' found in bin/ustreamer/src/ustreamer.bin.
[04/01/26 00:25:46] crowsnest: Dependency: 'camera-streamer' found in bin/camera-streamer/camera-streamer.
[04/01/26 00:25:46] crowsnest: Version Control: ustreamer is up to date. (v6.36)
[04/01/26 00:25:46] crowsnest: Version Control: camera-streamer is up to date. ((2f71a28))
[04/01/26 00:25:46] crowsnest: INFO: Print Configfile: '/home/jay/printer_data/config/crowsnest.conf'
[04/01/26 00:25:46] crowsnest:		[crowsnest]
[04/01/26 00:25:46] crowsnest:		log_path: /home/jay/printer_data/logs/crowsnest.log
[04/01/26 00:25:46] crowsnest:		log_level: verbose
[04/01/26 00:25:46] crowsnest:		delete_log: false
[04/01/26 00:25:46] crowsnest:		no_proxy: false
[04/01/26 00:25:46] crowsnest:		
[04/01/26 00:25:46] crowsnest:		[cam 1]
[04/01/26 00:25:46] crowsnest:		mode: ustreamer
[04/01/26 00:25:46] crowsnest:		
[04/01/26 00:25:46] crowsnest:		port: 8080
[04/01/26 00:25:46] crowsnest:		device: /dev/video0
[04/01/26 00:25:46] crowsnest:		resolution: 640x480
[04/01/26 00:25:46] crowsnest:		max_fps: 15
[04/01/26 00:25:46] crowsnest: INFO: Detect available Devices
[04/01/26 00:25:46] crowsnest: ERROR: No usable Devices Found. Stopping crowsnest.
[04/01/26 00:25:52] crowsnest: crowsnest - A webcam Service for multiple Cams and Stream Services.
[04/01/26 00:25:52] crowsnest: Version: v4.1.17-1-g9cc3d4a
[04/01/26 00:25:52] crowsnest: Prepare Startup ...
[04/01/26 00:25:52] crowsnest: INFO: Host information:
[04/01/26 00:25:52] crowsnest: Host Info: Distribution: Debian GNU/Linux 12 (bookworm)
[04/01/26 00:25:52] crowsnest: Host Info: Release: MainsailOS release 2.2.2 (bookworm)
[04/01/26 00:25:52] crowsnest: Host Info: Kernel: Linux 6.12.75+rpt-rpi-v8 aarch64
[04/01/26 00:25:52] crowsnest: Host Info: Model:  Raspberry Pi 4 Model B Rev 1.1
[04/01/26 00:25:52] crowsnest: Host Info: Available CPU Cores: 4
[04/01/26 00:25:52] crowsnest: Host Info: Available Memory: 748988 kB
[04/01/26 00:25:52] crowsnest: Host Info: Diskspace (avail. / total): 5.8G / 15G
[04/01/26 00:25:52] crowsnest: INFO: Checking Dependencies
[04/01/26 00:25:52] crowsnest: Dependency: 'crudini' found in /usr/bin/crudini.
[04/01/26 00:25:52] crowsnest: Dependency: 'find' found in /usr/bin/find.
[04/01/26 00:25:52] crowsnest: Dependency: 'xargs' found in /usr/bin/xargs.
[04/01/26 00:25:52] crowsnest: Dependency: 'ustreamer' found in bin/ustreamer/src/ustreamer.bin.
[04/01/26 00:25:52] crowsnest: Dependency: 'camera-streamer' found in bin/camera-streamer/camera-streamer.
[04/01/26 00:25:52] crowsnest: Version Control: ustreamer is up to date. (v6.36)
[04/01/26 00:25:52] crowsnest: Version Control: camera-streamer is up to date. ((2f71a28))
[04/01/26 00:25:52] crowsnest: INFO: Print Configfile: '/home/jay/printer_data/config/crowsnest.conf'
[04/01/26 00:25:52] crowsnest:		[crowsnest]
[04/01/26 00:25:52] crowsnest:		log_path: /home/jay/printer_data/logs/crowsnest.log
[04/01/26 00:25:52] crowsnest:		log_level: verbose
[04/01/26 00:25:52] crowsnest:		delete_log: false
[04/01/26 00:25:52] crowsnest:		no_proxy: false
[04/01/26 00:25:52] crowsnest:		
[04/01/26 00:25:52] crowsnest:		[cam 1]
[04/01/26 00:25:52] crowsnest:		mode: ustreamer
[04/01/26 00:25:52] crowsnest:		
[04/01/26 00:25:52] crowsnest:		port: 8080
[04/01/26 00:25:52] crowsnest:		device: /dev/video0
[04/01/26 00:25:52] crowsnest:		resolution: 640x480
[04/01/26 00:25:52] crowsnest:		max_fps: 15
[04/01/26 00:25:52] crowsnest: INFO: Detect available Devices
[04/01/26 00:25:52] crowsnest: ERROR: No usable Devices Found. Stopping crowsnest.
[04/01/26 00:25:58] crowsnest: crowsnest - A webcam Service for multiple Cams and Stream Services.
[04/01/26 00:25:58] crowsnest: Version: v4.1.17-1-g9cc3d4a
[04/01/26 00:25:58] crowsnest: Prepare Startup ...
[04/01/26 00:25:58] crowsnest: INFO: Host information:
[04/01/26 00:25:58] crowsnest: Host Info: Distribution: Debian GNU/Linux 12 (bookworm)
[04/01/26 00:25:58] crowsnest: Host Info: Release: MainsailOS release 2.2.2 (bookworm)
[04/01/26 00:25:58] crowsnest: Host Info: Kernel: Linux 6.12.75+rpt-rpi-v8 aarch64
[04/01/26 00:25:58] crowsnest: Host Info: Model:  Raspberry Pi 4 Model B Rev 1.1
[04/01/26 00:25:58] crowsnest: Host Info: Available CPU Cores: 4
[04/01/26 00:25:58] crowsnest: Host Info: Available Memory: 748988 kB
[04/01/26 00:25:58] crowsnest: Host Info: Diskspace (avail. / total): 5.8G / 15G
[04/01/26 00:25:58] crowsnest: INFO: Checking Dependencies
[04/01/26 00:25:58] crowsnest: Dependency: 'crudini' found in /usr/bin/crudini.
[04/01/26 00:25:58] crowsnest: Dependency: 'find' found in /usr/bin/find.
[04/01/26 00:25:58] crowsnest: Dependency: 'xargs' found in /usr/bin/xargs.
[04/01/26 00:25:58] crowsnest: Dependency: 'ustreamer' found in bin/ustreamer/src/ustreamer.bin.
[04/01/26 00:25:58] crowsnest: Dependency: 'camera-streamer' found in bin/camera-streamer/camera-streamer.
[04/01/26 00:25:58] crowsnest: Version Control: ustreamer is up to date. (v6.36)
[04/01/26 00:25:58] crowsnest: Version Control: camera-streamer is up to date. ((2f71a28))
[04/01/26 00:25:58] crowsnest: INFO: Print Configfile: '/home/jay/printer_data/config/crowsnest.conf'
[04/01/26 00:25:58] crowsnest:		[crowsnest]
[04/01/26 00:25:58] crowsnest:		log_path: /home/jay/printer_data/logs/crowsnest.log
[04/01/26 00:25:58] crowsnest:		log_level: verbose
[04/01/26 00:25:58] crowsnest:		delete_log: false
[04/01/26 00:25:58] crowsnest:		no_proxy: false
[04/01/26 00:25:58] crowsnest:		
[04/01/26 00:25:58] crowsnest:		[cam 1]
[04/01/26 00:25:58] crowsnest:		mode: ustreamer
[04/01/26 00:25:58] crowsnest:		
[04/01/26 00:25:58] crowsnest:		port: 8080
[04/01/26 00:25:58] crowsnest:		device: /dev/video0
[04/01/26 00:25:58] crowsnest:		resolution: 640x480
[04/01/26 00:25:58] crowsnest:		max_fps: 15
[04/01/26 00:25:58] crowsnest: INFO: Detect available Devices
[04/01/26 00:25:58] crowsnest: ERROR: No usable Devices Found. Stopping crowsnest.
[04/01/26 00:26:04] crowsnest: crowsnest - A webcam Service for multiple Cams and Stream Services.
[04/01/26 00:26:04] crowsnest: Version: v4.1.17-1-g9cc3d4a
[04/01/26 00:26:04] crowsnest: Prepare Startup ...
[04/01/26 00:26:04] crowsnest: INFO: Host information:
[04/01/26 00:26:04] crowsnest: Host Info: Distribution: Debian GNU/Linux 12 (bookworm)
[04/01/26 00:26:04] crowsnest: Host Info: Release: MainsailOS release 2.2.2 (bookworm)
[04/01/26 00:26:04] crowsnest: Host Info: Kernel: Linux 6.12.75+rpt-rpi-v8 aarch64
[04/01/26 00:26:04] crowsnest: Host Info: Model:  Raspberry Pi 4 Model B Rev 1.1
[04/01/26 00:26:04] crowsnest: Host Info: Available CPU Cores: 4
[04/01/26 00:26:04] crowsnest: Host Info: Available Memory: 748988 kB
[04/01/26 00:26:04] crowsnest: Host Info: Diskspace (avail. / total): 5.8G / 15G
[04/01/26 00:26:04] crowsnest: INFO: Checking Dependencies
[04/01/26 00:26:04] crowsnest: Dependency: 'crudini' found in /usr/bin/crudini.
[04/01/26 00:26:04] crowsnest: Dependency: 'find' found in /usr/bin/find.
[04/01/26 00:26:04] crowsnest: Dependency: 'xargs' found in /usr/bin/xargs.
[04/01/26 00:26:04] crowsnest: Dependency: 'ustreamer' found in bin/ustreamer/src/ustreamer.bin.
[04/01/26 00:26:04] crowsnest: Dependency: 'camera-streamer' found in bin/camera-streamer/camera-streamer.
[04/01/26 00:26:04] crowsnest: Version Control: ustreamer is up to date. (v6.36)
[04/01/26 00:26:04] crowsnest: Version Control: camera-streamer is up to date. ((2f71a28))
[04/01/26 00:26:04] crowsnest: INFO: Print Configfile: '/home/jay/printer_data/config/crowsnest.conf'
[04/01/26 00:26:04] crowsnest:		[crowsnest]
[04/01/26 00:26:04] crowsnest:		log_path: /home/jay/printer_data/logs/crowsnest.log
[04/01/26 00:26:04] crowsnest:		log_level: verbose
[04/01/26 00:26:04] crowsnest:		delete_log: false
[04/01/26 00:26:04] crowsnest:		no_proxy: false
[04/01/26 00:26:04] crowsnest:		
[04/01/26 00:26:04] crowsnest:		[cam 1]
[04/01/26 00:26:04] crowsnest:		mode: ustreamer
[04/01/26 00:26:04] crowsnest:		
[04/01/26 00:26:04] crowsnest:		port: 8080
[04/01/26 00:26:04] crowsnest:		device: /dev/video0
[04/01/26 00:26:04] crowsnest:		resolution: 640x480
[04/01/26 00:26:04] crowsnest:		max_fps: 15
[04/01/26 00:26:04] crowsnest: INFO: Detect available Devices
[04/01/26 00:26:04] crowsnest: ERROR: No usable Devices Found. Stopping crowsnest.
[04/01/26 00:27:19] crowsnest: crowsnest - A webcam Service for multiple Cams and Stream Services.
[04/01/26 00:27:19] crowsnest: Version: v4.1.17-1-g9cc3d4a
[04/01/26 00:27:19] crowsnest: Prepare Startup ...
[04/01/26 00:27:19] crowsnest: INFO: Host information:
[04/01/26 00:27:19] crowsnest: Host Info: Distribution: Debian GNU/Linux 12 (bookworm)
[04/01/26 00:27:19] crowsnest: Host Info: Release: MainsailOS release 2.2.2 (bookworm)
[04/01/26 00:27:19] crowsnest: Host Info: Kernel: Linux 6.12.75+rpt-rpi-v8 aarch64
[04/01/26 00:27:19] crowsnest: Host Info: Model:  Raspberry Pi 4 Model B Rev 1.1
[04/01/26 00:27:19] crowsnest: Host Info: Available CPU Cores: 4
[04/01/26 00:27:19] crowsnest: Host Info: Available Memory: 748988 kB
[04/01/26 00:27:19] crowsnest: Host Info: Diskspace (avail. / total): 5.8G / 15G
[04/01/26 00:27:19] crowsnest: INFO: Checking Dependencies
[04/01/26 00:27:19] crowsnest: Dependency: 'crudini' found in /usr/bin/crudini.
[04/01/26 00:27:19] crowsnest: Dependency: 'find' found in /usr/bin/find.
[04/01/26 00:27:19] crowsnest: Dependency: 'xargs' found in /usr/bin/xargs.
[04/01/26 00:27:19] crowsnest: Dependency: 'ustreamer' found in bin/ustreamer/src/ustreamer.bin.
[04/01/26 00:27:19] crowsnest: Dependency: 'camera-streamer' found in bin/camera-streamer/camera-streamer.
[04/01/26 00:27:19] crowsnest: Version Control: ustreamer is up to date. (v6.36)
[04/01/26 00:27:21] crowsnest: Version Control: camera-streamer is up to date. ((2f71a28))
[04/01/26 00:27:21] crowsnest: INFO: Print Configfile: '/home/jay/printer_data/config/crowsnest.conf'
[04/01/26 00:27:21] crowsnest:		[crowsnest]
[04/01/26 00:27:21] crowsnest:		log_path: /home/jay/printer_data/logs/crowsnest.log
[04/01/26 00:27:21] crowsnest:		log_level: verbose
[04/01/26 00:27:21] crowsnest:		delete_log: false
[04/01/26 00:27:21] crowsnest:		no_proxy: false
[04/01/26 00:27:21] crowsnest:		
[04/01/26 00:27:21] crowsnest:		[cam 1]
[04/01/26 00:27:21] crowsnest:		mode: ustreamer
[04/01/26 00:27:21] crowsnest:		
[04/01/26 00:27:21] crowsnest:		port: 8080
[04/01/26 00:27:21] crowsnest:		device: /dev/video0
[04/01/26 00:27:21] crowsnest:		resolution: 640x480
[04/01/26 00:27:21] crowsnest:		max_fps: 15
[04/01/26 00:27:21] crowsnest: INFO: Detect available Devices
[04/01/26 00:27:21] crowsnest: ERROR: No usable Devices Found. Stopping crowsnest.
[04/01/26 00:27:27] crowsnest: crowsnest - A webcam Service for multiple Cams and Stream Services.
[04/01/26 00:27:27] crowsnest: Version: v4.1.17-1-g9cc3d4a
[04/01/26 00:27:27] crowsnest: Prepare Startup ...
[04/01/26 00:27:27] crowsnest: INFO: Host information:
[04/01/26 00:27:27] crowsnest: Host Info: Distribution: Debian GNU/Linux 12 (bookworm)
[04/01/26 00:27:27] crowsnest: Host Info: Release: MainsailOS release 2.2.2 (bookworm)
[04/01/26 00:27:27] crowsnest: Host Info: Kernel: Linux 6.12.75+rpt-rpi-v8 aarch64
[04/01/26 00:27:27] crowsnest: Host Info: Model:  Raspberry Pi 4 Model B Rev 1.1
[04/01/26 00:27:27] crowsnest: Host Info: Available CPU Cores: 4
[04/01/26 00:27:27] crowsnest: Host Info: Available Memory: 748988 kB
[04/01/26 00:27:27] crowsnest: Host Info: Diskspace (avail. / total): 5.8G / 15G
[04/01/26 00:27:27] crowsnest: INFO: Checking Dependencies
[04/01/26 00:27:27] crowsnest: Dependency: 'crudini' found in /usr/bin/crudini.
[04/01/26 00:27:27] crowsnest: Dependency: 'find' found in /usr/bin/find.
[04/01/26 00:27:27] crowsnest: Dependency: 'xargs' found in /usr/bin/xargs.
[04/01/26 00:27:27] crowsnest: Dependency: 'ustreamer' found in bin/ustreamer/src/ustreamer.bin.
[04/01/26 00:27:27] crowsnest: Dependency: 'camera-streamer' found in bin/camera-streamer/camera-streamer.
[04/01/26 00:27:27] crowsnest: Version Control: ustreamer is up to date. (v6.36)
[04/01/26 00:27:27] crowsnest: Version Control: camera-streamer is up to date. ((2f71a28))
[04/01/26 00:27:27] crowsnest: INFO: Print Configfile: '/home/jay/printer_data/config/crowsnest.conf'
[04/01/26 00:27:27] crowsnest:		[crowsnest]
[04/01/26 00:27:27] crowsnest:		log_path: /home/jay/printer_data/logs/crowsnest.log
[04/01/26 00:27:27] crowsnest:		log_level: verbose
[04/01/26 00:27:27] crowsnest:		delete_log: false
[04/01/26 00:27:27] crowsnest:		no_proxy: false
[04/01/26 00:27:27] crowsnest:		
[04/01/26 00:27:27] crowsnest:		[cam 1]
[04/01/26 00:27:27] crowsnest:		mode: ustreamer
[04/01/26 00:27:27] crowsnest:		
[04/01/26 00:27:27] crowsnest:		port: 8080
[04/01/26 00:27:27] crowsnest:		device: /dev/video0
[04/01/26 00:27:27] crowsnest:		resolution: 640x480
[04/01/26 00:27:27] crowsnest:		max_fps: 15
[04/01/26 00:27:27] crowsnest: INFO: Detect available Devices
[04/01/26 00:27:27] crowsnest: ERROR: No usable Devices Found. Stopping crowsnest.
[04/01/26 00:27:33] crowsnest: crowsnest - A webcam Service for multiple Cams and Stream Services.
[04/01/26 00:27:33] crowsnest: Version: v4.1.17-1-g9cc3d4a
[04/01/26 00:27:33] crowsnest: Prepare Startup ...
[04/01/26 00:27:33] crowsnest: INFO: Host information:
[04/01/26 00:27:33] crowsnest: Host Info: Distribution: Debian GNU/Linux 12 (bookworm)
[04/01/26 00:27:33] crowsnest: Host Info: Release: MainsailOS release 2.2.2 (bookworm)
[04/01/26 00:27:33] crowsnest: Host Info: Kernel: Linux 6.12.75+rpt-rpi-v8 aarch64
[04/01/26 00:27:33] crowsnest: Host Info: Model:  Raspberry Pi 4 Model B Rev 1.1
[04/01/26 00:27:33] crowsnest: Host Info: Available CPU Cores: 4
[04/01/26 00:27:33] crowsnest: Host Info: Available Memory: 748988 kB
[04/01/26 00:27:33] crowsnest: Host Info: Diskspace (avail. / total): 5.8G / 15G
[04/01/26 00:27:33] crowsnest: INFO: Checking Dependencies
[04/01/26 00:27:33] crowsnest: Dependency: 'crudini' found in /usr/bin/crudini.
[04/01/26 00:27:33] crowsnest: Dependency: 'find' found in /usr/bin/find.
[04/01/26 00:27:33] crowsnest: Dependency: 'xargs' found in /usr/bin/xargs.
[04/01/26 00:27:33] crowsnest: Dependency: 'ustreamer' found in bin/ustreamer/src/ustreamer.bin.
[04/01/26 00:27:33] crowsnest: Dependency: 'camera-streamer' found in bin/camera-streamer/camera-streamer.
[04/01/26 00:27:33] crowsnest: Version Control: ustreamer is up to date. (v6.36)
[04/01/26 00:27:33] crowsnest: Version Control: camera-streamer is up to date. ((2f71a28))
[04/01/26 00:27:33] crowsnest: INFO: Print Configfile: '/home/jay/printer_data/config/crowsnest.conf'
[04/01/26 00:27:33] crowsnest:		[crowsnest]
[04/01/26 00:27:33] crowsnest:		log_path: /home/jay/printer_data/logs/crowsnest.log
[04/01/26 00:27:33] crowsnest:		log_level: verbose
[04/01/26 00:27:33] crowsnest:		delete_log: false
[04/01/26 00:27:33] crowsnest:		no_proxy: false
[04/01/26 00:27:33] crowsnest:		
[04/01/26 00:27:33] crowsnest:		[cam 1]
[04/01/26 00:27:33] crowsnest:		mode: ustreamer
[04/01/26 00:27:33] crowsnest:		
[04/01/26 00:27:33] crowsnest:		port: 8080
[04/01/26 00:27:33] crowsnest:		device: /dev/video0
[04/01/26 00:27:33] crowsnest:		resolution: 640x480
[04/01/26 00:27:33] crowsnest:		max_fps: 15
[04/01/26 00:27:33] crowsnest: INFO: Detect available Devices
[04/01/26 00:27:34] crowsnest: ERROR: No usable Devices Found. Stopping crowsnest.
[04/01/26 00:27:39] crowsnest: crowsnest - A webcam Service for multiple Cams and Stream Services.
[04/01/26 00:27:39] crowsnest: Version: v4.1.17-1-g9cc3d4a
[04/01/26 00:27:39] crowsnest: Prepare Startup ...
[04/01/26 00:27:39] crowsnest: INFO: Host information:
[04/01/26 00:27:39] crowsnest: Host Info: Distribution: Debian GNU/Linux 12 (bookworm)
[04/01/26 00:27:39] crowsnest: Host Info: Release: MainsailOS release 2.2.2 (bookworm)
[04/01/26 00:27:39] crowsnest: Host Info: Kernel: Linux 6.12.75+rpt-rpi-v8 aarch64
[04/01/26 00:27:39] crowsnest: Host Info: Model:  Raspberry Pi 4 Model B Rev 1.1
[04/01/26 00:27:39] crowsnest: Host Info: Available CPU Cores: 4
[04/01/26 00:27:39] crowsnest: Host Info: Available Memory: 748988 kB
[04/01/26 00:27:39] crowsnest: Host Info: Diskspace (avail. / total): 5.8G / 15G
[04/01/26 00:27:39] crowsnest: INFO: Checking Dependencies
[04/01/26 00:27:39] crowsnest: Dependency: 'crudini' found in /usr/bin/crudini.
[04/01/26 00:27:39] crowsnest: Dependency: 'find' found in /usr/bin/find.
[04/01/26 00:27:39] crowsnest: Dependency: 'xargs' found in /usr/bin/xargs.
[04/01/26 00:27:39] crowsnest: Dependency: 'ustreamer' found in bin/ustreamer/src/ustreamer.bin.
[04/01/26 00:27:39] crowsnest: Dependency: 'camera-streamer' found in bin/camera-streamer/camera-streamer.
[04/01/26 00:27:39] crowsnest: Version Control: ustreamer is up to date. (v6.36)
[04/01/26 00:27:40] crowsnest: Version Control: camera-streamer is up to date. ((2f71a28))
[04/01/26 00:27:40] crowsnest: INFO: Print Configfile: '/home/jay/printer_data/config/crowsnest.conf'
[04/01/26 00:27:40] crowsnest:		[crowsnest]
[04/01/26 00:27:40] crowsnest:		log_path: /home/jay/printer_data/logs/crowsnest.log
[04/01/26 00:27:40] crowsnest:		log_level: verbose
[04/01/26 00:27:40] crowsnest:		delete_log: false
[04/01/26 00:27:40] crowsnest:		no_proxy: false
[04/01/26 00:27:40] crowsnest:		
[04/01/26 00:27:40] crowsnest:		[cam 1]
[04/01/26 00:27:40] crowsnest:		mode: ustreamer
[04/01/26 00:27:40] crowsnest:		
[04/01/26 00:27:40] crowsnest:		port: 8080
[04/01/26 00:27:40] crowsnest:		device: /dev/video0
[04/01/26 00:27:40] crowsnest:		resolution: 640x480
[04/01/26 00:27:40] crowsnest:		max_fps: 15
[04/01/26 00:27:40] crowsnest: INFO: Detect available Devices
[04/01/26 00:27:40] crowsnest: ERROR: No usable Devices Found. Stopping crowsnest.
[04/01/26 00:27:45] crowsnest: crowsnest - A webcam Service for multiple Cams and Stream Services.
[04/01/26 00:27:45] crowsnest: Version: v4.1.17-1-g9cc3d4a
[04/01/26 00:27:45] crowsnest: Prepare Startup ...
[04/01/26 00:27:46] crowsnest: INFO: Host information:
[04/01/26 00:27:46] crowsnest: Host Info: Distribution: Debian GNU/Linux 12 (bookworm)
[04/01/26 00:27:46] crowsnest: Host Info: Release: MainsailOS release 2.2.2 (bookworm)
[04/01/26 00:27:46] crowsnest: Host Info: Kernel: Linux 6.12.75+rpt-rpi-v8 aarch64
[04/01/26 00:27:46] crowsnest: Host Info: Model:  Raspberry Pi 4 Model B Rev 1.1
[04/01/26 00:27:46] crowsnest: Host Info: Available CPU Cores: 4
[04/01/26 00:27:46] crowsnest: Host Info: Available Memory: 748988 kB
[04/01/26 00:27:46] crowsnest: Host Info: Diskspace (avail. / total): 5.8G / 15G
[04/01/26 00:27:46] crowsnest: INFO: Checking Dependencies
[04/01/26 00:27:46] crowsnest: Dependency: 'crudini' found in /usr/bin/crudini.
[04/01/26 00:27:46] crowsnest: Dependency: 'find' found in /usr/bin/find.
[04/01/26 00:27:46] crowsnest: Dependency: 'xargs' found in /usr/bin/xargs.
[04/01/26 00:27:46] crowsnest: Dependency: 'ustreamer' found in bin/ustreamer/src/ustreamer.bin.
[04/01/26 00:27:46] crowsnest: Dependency: 'camera-streamer' found in bin/camera-streamer/camera-streamer.
[04/01/26 00:27:46] crowsnest: Version Control: ustreamer is up to date. (v6.36)
[04/01/26 00:27:46] crowsnest: Version Control: camera-streamer is up to date. ((2f71a28))
[04/01/26 00:27:46] crowsnest: INFO: Print Configfile: '/home/jay/printer_data/config/crowsnest.conf'
[04/01/26 00:27:46] crowsnest:		[crowsnest]
[04/01/26 00:27:46] crowsnest:		log_path: /home/jay/printer_data/logs/crowsnest.log
[04/01/26 00:27:46] crowsnest:		log_level: verbose
[04/01/26 00:27:46] crowsnest:		delete_log: false
[04/01/26 00:27:46] crowsnest:		no_proxy: false
[04/01/26 00:27:46] crowsnest:		
[04/01/26 00:27:46] crowsnest:		[cam 1]
[04/01/26 00:27:46] crowsnest:		mode: ustreamer
[04/01/26 00:27:46] crowsnest:		
[04/01/26 00:27:46] crowsnest:		port: 8080
[04/01/26 00:27:46] crowsnest:		device: /dev/video0
[04/01/26 00:27:46] crowsnest:		resolution: 640x480
[04/01/26 00:27:46] crowsnest:		max_fps: 15
[04/01/26 00:27:46] crowsnest: INFO: Detect available Devices
[04/01/26 00:27:46] crowsnest: ERROR: No usable Devices Found. Stopping crowsnest.
[04/01/26 00:27:52] crowsnest: crowsnest - A webcam Service for multiple Cams and Stream Services.
[04/01/26 00:27:52] crowsnest: Version: v4.1.17-1-g9cc3d4a
[04/01/26 00:27:52] crowsnest: Prepare Startup ...
[04/01/26 00:27:52] crowsnest: INFO: Host information:
[04/01/26 00:27:52] crowsnest: Host Info: Distribution: Debian GNU/Linux 12 (bookworm)
[04/01/26 00:27:52] crowsnest: Host Info: Release: MainsailOS release 2.2.2 (bookworm)
[04/01/26 00:27:52] crowsnest: Host Info: Kernel: Linux 6.12.75+rpt-rpi-v8 aarch64
[04/01/26 00:27:52] crowsnest: Host Info: Model:  Raspberry Pi 4 Model B Rev 1.1
[04/01/26 00:27:52] crowsnest: Host Info: Available CPU Cores: 4
[04/01/26 00:27:52] crowsnest: Host Info: Available Memory: 748988 kB
[04/01/26 00:27:52] crowsnest: Host Info: Diskspace (avail. / total): 5.8G / 15G
[04/01/26 00:27:52] crowsnest: INFO: Checking Dependencies
[04/01/26 00:27:52] crowsnest: Dependency: 'crudini' found in /usr/bin/crudini.
[04/01/26 00:27:52] crowsnest: Dependency: 'find' found in /usr/bin/find.
[04/01/26 00:27:52] crowsnest: Dependency: 'xargs' found in /usr/bin/xargs.
[04/01/26 00:27:52] crowsnest: Dependency: 'ustreamer' found in bin/ustreamer/src/ustreamer.bin.
[04/01/26 00:27:52] crowsnest: Dependency: 'camera-streamer' found in bin/camera-streamer/camera-streamer.
[04/01/26 00:27:52] crowsnest: Version Control: ustreamer is up to date. (v6.36)
[04/01/26 00:27:52] crowsnest: Version Control: camera-streamer is up to date. ((2f71a28))
[04/01/26 00:27:52] crowsnest: INFO: Print Configfile: '/home/jay/printer_data/config/crowsnest.conf'
[04/01/26 00:27:52] crowsnest:		[crowsnest]
[04/01/26 00:27:52] crowsnest:		log_path: /home/jay/printer_data/logs/crowsnest.log
[04/01/26 00:27:52] crowsnest:		log_level: verbose
[04/01/26 00:27:52] crowsnest:		delete_log: false
[04/01/26 00:27:52] crowsnest:		no_proxy: false
[04/01/26 00:27:52] crowsnest:		
[04/01/26 00:27:52] crowsnest:		[cam 1]
[04/01/26 00:27:52] crowsnest:		mode: ustreamer
[04/01/26 00:27:52] crowsnest:		
[04/01/26 00:27:52] crowsnest:		port: 8080
[04/01/26 00:27:52] crowsnest:		device: /dev/video0
[04/01/26 00:27:52] crowsnest:		resolution: 640x480
[04/01/26 00:27:52] crowsnest:		max_fps: 15
[04/01/26 00:27:52] crowsnest: INFO: Detect available Devices
[04/01/26 00:27:52] crowsnest: ERROR: No usable Devices Found. Stopping crowsnest.
[04/01/26 00:28:12] crowsnest: crowsnest - A webcam Service for multiple Cams and Stream Services.
[04/01/26 00:28:12] crowsnest: Version: v4.1.17-1-g9cc3d4a
[04/01/26 00:28:12] crowsnest: Prepare Startup ...
[04/01/26 00:28:12] crowsnest: INFO: Host information:
[04/01/26 00:28:12] crowsnest: Host Info: Distribution: Debian GNU/Linux 12 (bookworm)
[04/01/26 00:28:12] crowsnest: Host Info: Release: MainsailOS release 2.2.2 (bookworm)
[04/01/26 00:28:12] crowsnest: Host Info: Kernel: Linux 6.12.75+rpt-rpi-v8 aarch64
[04/01/26 00:28:12] crowsnest: Host Info: Model:  Raspberry Pi 4 Model B Rev 1.1
[04/01/26 00:28:12] crowsnest: Host Info: Available CPU Cores: 4
[04/01/26 00:28:12] crowsnest: Host Info: Available Memory: 748988 kB
[04/01/26 00:28:12] crowsnest: Host Info: Diskspace (avail. / total): 5.8G / 15G
[04/01/26 00:28:12] crowsnest: INFO: Checking Dependencies
[04/01/26 00:28:12] crowsnest: Dependency: 'crudini' found in /usr/bin/crudini.
[04/01/26 00:28:12] crowsnest: Dependency: 'find' found in /usr/bin/find.
[04/01/26 00:28:12] crowsnest: Dependency: 'xargs' found in /usr/bin/xargs.
[04/01/26 00:28:12] crowsnest: Dependency: 'ustreamer' found in bin/ustreamer/src/ustreamer.bin.
[04/01/26 00:28:12] crowsnest: Dependency: 'camera-streamer' found in bin/camera-streamer/camera-streamer.
[04/01/26 00:28:12] crowsnest: Version Control: ustreamer is up to date. (v6.36)
[04/01/26 00:28:12] crowsnest: Version Control: camera-streamer is up to date. ((2f71a28))
[04/01/26 00:28:12] crowsnest: INFO: Print Configfile: '/home/jay/printer_data/config/crowsnest.conf'
[04/01/26 00:28:12] crowsnest:		[crowsnest]
[04/01/26 00:28:12] crowsnest:		log_path: /home/jay/printer_data/logs/crowsnest.log
[04/01/26 00:28:12] crowsnest:		log_level: verbose
[04/01/26 00:28:12] crowsnest:		delete_log: false
[04/01/26 00:28:12] crowsnest:		no_proxy: false
[04/01/26 00:28:12] crowsnest:		
[04/01/26 00:28:12] crowsnest:		[cam 1]
[04/01/26 00:28:12] crowsnest:		mode: ustreamer
[04/01/26 00:28:12] crowsnest:		
[04/01/26 00:28:12] crowsnest:		port: 8080
[04/01/26 00:28:12] crowsnest:		device: /dev/video0
[04/01/26 00:28:12] crowsnest:		resolution: 640x480
[04/01/26 00:28:12] crowsnest:		max_fps: 15
[04/01/26 00:28:12] crowsnest: INFO: Detect available Devices
[04/01/26 00:28:12] crowsnest: ERROR: No usable Devices Found. Stopping crowsnest.
[04/01/26 00:28:18] crowsnest: crowsnest - A webcam Service for multiple Cams and Stream Services.
[04/01/26 00:28:18] crowsnest: Version: v4.1.17-1-g9cc3d4a
[04/01/26 00:28:18] crowsnest: Prepare Startup ...
[04/01/26 00:28:18] crowsnest: INFO: Host information:
[04/01/26 00:28:18] crowsnest: Host Info: Distribution: Debian GNU/Linux 12 (bookworm)
[04/01/26 00:28:18] crowsnest: Host Info: Release: MainsailOS release 2.2.2 (bookworm)
[04/01/26 00:28:18] crowsnest: Host Info: Kernel: Linux 6.12.75+rpt-rpi-v8 aarch64
[04/01/26 00:28:18] crowsnest: Host Info: Model:  Raspberry Pi 4 Model B Rev 1.1
[04/01/26 00:28:18] crowsnest: Host Info: Available CPU Cores: 4
[04/01/26 00:28:18] crowsnest: Host Info: Available Memory: 748988 kB
[04/01/26 00:28:18] crowsnest: Host Info: Diskspace (avail. / total): 5.8G / 15G
[04/01/26 00:28:18] crowsnest: INFO: Checking Dependencies
[04/01/26 00:28:18] crowsnest: Dependency: 'crudini' found in /usr/bin/crudini.
[04/01/26 00:28:18] crowsnest: Dependency: 'find' found in /usr/bin/find.
[04/01/26 00:28:18] crowsnest: Dependency: 'xargs' found in /usr/bin/xargs.
[04/01/26 00:28:18] crowsnest: Dependency: 'ustreamer' found in bin/ustreamer/src/ustreamer.bin.
[04/01/26 00:28:18] crowsnest: Dependency: 'camera-streamer' found in bin/camera-streamer/camera-streamer.
[04/01/26 00:28:18] crowsnest: Version Control: ustreamer is up to date. (v6.36)
[04/01/26 00:28:18] crowsnest: Version Control: camera-streamer is up to date. ((2f71a28))
[04/01/26 00:28:18] crowsnest: INFO: Print Configfile: '/home/jay/printer_data/config/crowsnest.conf'
[04/01/26 00:28:18] crowsnest:		[crowsnest]
[04/01/26 00:28:18] crowsnest:		log_path: /home/jay/printer_data/logs/crowsnest.log
[04/01/26 00:28:18] crowsnest:		log_level: verbose
[04/01/26 00:28:18] crowsnest:		delete_log: false
[04/01/26 00:28:18] crowsnest:		no_proxy: false
[04/01/26 00:28:18] crowsnest:		
[04/01/26 00:28:18] crowsnest:		[cam 1]
[04/01/26 00:28:18] crowsnest:		mode: ustreamer
[04/01/26 00:28:18] crowsnest:		
[04/01/26 00:28:18] crowsnest:		port: 8080
[04/01/26 00:28:18] crowsnest:		device: /dev/video0
[04/01/26 00:28:18] crowsnest:		resolution: 640x480
[04/01/26 00:28:18] crowsnest:		max_fps: 15
[04/01/26 00:28:18] crowsnest: INFO: Detect available Devices
[04/01/26 00:28:18] crowsnest: ERROR: No usable Devices Found. Stopping crowsnest.
[04/01/26 00:28:24] crowsnest: crowsnest - A webcam Service for multiple Cams and Stream Services.
[04/01/26 00:28:24] crowsnest: Version: v4.1.17-1-g9cc3d4a
[04/01/26 00:28:24] crowsnest: Prepare Startup ...
[04/01/26 00:28:24] crowsnest: INFO: Host information:
[04/01/26 00:28:24] crowsnest: Host Info: Distribution: Debian GNU/Linux 12 (bookworm)
[04/01/26 00:28:24] crowsnest: Host Info: Release: MainsailOS release 2.2.2 (bookworm)
[04/01/26 00:28:24] crowsnest: Host Info: Kernel: Linux 6.12.75+rpt-rpi-v8 aarch64
[04/01/26 00:28:24] crowsnest: Host Info: Model:  Raspberry Pi 4 Model B Rev 1.1
[04/01/26 00:28:24] crowsnest: Host Info: Available CPU Cores: 4
[04/01/26 00:28:24] crowsnest: Host Info: Available Memory: 748988 kB
[04/01/26 00:28:24] crowsnest: Host Info: Diskspace (avail. / total): 5.8G / 15G
[04/01/26 00:28:24] crowsnest: INFO: Checking Dependencies
[04/01/26 00:28:24] crowsnest: Dependency: 'crudini' found in /usr/bin/crudini.
[04/01/26 00:28:24] crowsnest: Dependency: 'find' found in /usr/bin/find.
[04/01/26 00:28:24] crowsnest: Dependency: 'xargs' found in /usr/bin/xargs.
[04/01/26 00:28:24] crowsnest: Dependency: 'ustreamer' found in bin/ustreamer/src/ustreamer.bin.
[04/01/26 00:28:24] crowsnest: Dependency: 'camera-streamer' found in bin/camera-streamer/camera-streamer.
[04/01/26 00:28:24] crowsnest: Version Control: ustreamer is up to date. (v6.36)
[04/01/26 00:28:24] crowsnest: Version Control: camera-streamer is up to date. ((2f71a28))
[04/01/26 00:28:24] crowsnest: INFO: Print Configfile: '/home/jay/printer_data/config/crowsnest.conf'
[04/01/26 00:28:24] crowsnest:		[crowsnest]
[04/01/26 00:28:24] crowsnest:		log_path: /home/jay/printer_data/logs/crowsnest.log
[04/01/26 00:28:24] crowsnest:		log_level: verbose
[04/01/26 00:28:24] crowsnest:		delete_log: false
[04/01/26 00:28:24] crowsnest:		no_proxy: false
[04/01/26 00:28:24] crowsnest:		
[04/01/26 00:28:24] crowsnest:		[cam 1]
[04/01/26 00:28:24] crowsnest:		mode: ustreamer
[04/01/26 00:28:24] crowsnest:		
[04/01/26 00:28:24] crowsnest:		port: 8080
[04/01/26 00:28:24] crowsnest:		device: /dev/video0
[04/01/26 00:28:24] crowsnest:		resolution: 640x480
[04/01/26 00:28:24] crowsnest:		max_fps: 15
[04/01/26 00:28:24] crowsnest: INFO: Detect available Devices
[04/01/26 00:28:24] crowsnest: ERROR: No usable Devices Found. Stopping crowsnest.
[04/01/26 00:28:30] crowsnest: crowsnest - A webcam Service for multiple Cams and Stream Services.
[04/01/26 00:28:30] crowsnest: Version: v4.1.17-1-g9cc3d4a
[04/01/26 00:28:30] crowsnest: Prepare Startup ...
[04/01/26 00:28:30] crowsnest: INFO: Host information:
[04/01/26 00:28:30] crowsnest: Host Info: Distribution: Debian GNU/Linux 12 (bookworm)
[04/01/26 00:28:30] crowsnest: Host Info: Release: MainsailOS release 2.2.2 (bookworm)
[04/01/26 00:28:30] crowsnest: Host Info: Kernel: Linux 6.12.75+rpt-rpi-v8 aarch64
[04/01/26 00:28:30] crowsnest: Host Info: Model:  Raspberry Pi 4 Model B Rev 1.1
[04/01/26 00:28:30] crowsnest: Host Info: Available CPU Cores: 4
[04/01/26 00:28:30] crowsnest: Host Info: Available Memory: 748988 kB
[04/01/26 00:28:30] crowsnest: Host Info: Diskspace (avail. / total): 5.8G / 15G
[04/01/26 00:28:30] crowsnest: INFO: Checking Dependencies
[04/01/26 00:28:30] crowsnest: Dependency: 'crudini' found in /usr/bin/crudini.
[04/01/26 00:28:30] crowsnest: Dependency: 'find' found in /usr/bin/find.
[04/01/26 00:28:30] crowsnest: Dependency: 'xargs' found in /usr/bin/xargs.
[04/01/26 00:28:30] crowsnest: Dependency: 'ustreamer' found in bin/ustreamer/src/ustreamer.bin.
[04/01/26 00:28:30] crowsnest: Dependency: 'camera-streamer' found in bin/camera-streamer/camera-streamer.
[04/01/26 00:28:30] crowsnest: Version Control: ustreamer is up to date. (v6.36)
[04/01/26 00:28:30] crowsnest: Version Control: camera-streamer is up to date. ((2f71a28))
[04/01/26 00:28:30] crowsnest: INFO: Print Configfile: '/home/jay/printer_data/config/crowsnest.conf'
[04/01/26 00:28:30] crowsnest:		[crowsnest]
[04/01/26 00:28:30] crowsnest:		log_path: /home/jay/printer_data/logs/crowsnest.log
[04/01/26 00:28:30] crowsnest:		log_level: verbose
[04/01/26 00:28:30] crowsnest:		delete_log: false
[04/01/26 00:28:30] crowsnest:		no_proxy: false
[04/01/26 00:28:30] crowsnest:		
[04/01/26 00:28:30] crowsnest:		[cam 1]
[04/01/26 00:28:30] crowsnest:		mode: ustreamer
[04/01/26 00:28:30] crowsnest:		
[04/01/26 00:28:30] crowsnest:		port: 8080
[04/01/26 00:28:30] crowsnest:		device: /dev/video0
[04/01/26 00:28:30] crowsnest:		resolution: 640x480
[04/01/26 00:28:30] crowsnest:		max_fps: 15
[04/01/26 00:28:30] crowsnest: INFO: Detect available Devices
[04/01/26 00:28:30] crowsnest: ERROR: No usable Devices Found. Stopping crowsnest.
[04/01/26 00:32:00] crowsnest: crowsnest - A webcam Service for multiple Cams and Stream Services.
[04/01/26 00:32:00] crowsnest: Version: v4.1.17-1-g9cc3d4a
[04/01/26 00:32:00] crowsnest: Prepare Startup ...
[04/01/26 00:32:00] crowsnest: INFO: Host information:
[04/01/26 00:32:00] crowsnest: Host Info: Distribution: Debian GNU/Linux 12 (bookworm)
[04/01/26 00:32:00] crowsnest: Host Info: Release: MainsailOS release 2.2.2 (bookworm)
[04/01/26 00:32:00] crowsnest: Host Info: Kernel: Linux 6.12.75+rpt-rpi-v8 aarch64
[04/01/26 00:32:00] crowsnest: Host Info: Model:  Raspberry Pi 4 Model B Rev 1.1
[04/01/26 00:32:00] crowsnest: Host Info: Available CPU Cores: 4
[04/01/26 00:32:00] crowsnest: Host Info: Available Memory: 748988 kB
[04/01/26 00:32:00] crowsnest: Host Info: Diskspace (avail. / total): 5.8G / 15G
[04/01/26 00:32:00] crowsnest: INFO: Checking Dependencies
[04/01/26 00:32:01] crowsnest: Dependency: 'crudini' found in /usr/bin/crudini.
[04/01/26 00:32:01] crowsnest: Dependency: 'find' found in /usr/bin/find.
[04/01/26 00:32:01] crowsnest: Dependency: 'xargs' found in /usr/bin/xargs.
[04/01/26 00:32:01] crowsnest: Dependency: 'ustreamer' found in bin/ustreamer/src/ustreamer.bin.
[04/01/26 00:32:01] crowsnest: Dependency: 'camera-streamer' found in bin/camera-streamer/camera-streamer.
[04/01/26 00:32:01] crowsnest: Version Control: ustreamer is up to date. (v6.36)
[04/01/26 00:32:02] crowsnest: Version Control: camera-streamer is up to date. ((2f71a28))
[04/01/26 00:32:02] crowsnest: INFO: Print Configfile: '/home/jay/printer_data/config/crowsnest.conf'
[04/01/26 00:32:02] crowsnest:		[crowsnest]
[04/01/26 00:32:02] crowsnest:		log_path: /home/jay/printer_data/logs/crowsnest.log
[04/01/26 00:32:02] crowsnest:		log_level: verbose
[04/01/26 00:32:02] crowsnest:		delete_log: false
[04/01/26 00:32:02] crowsnest:		no_proxy: false
[04/01/26 00:32:02] crowsnest:		
[04/01/26 00:32:02] crowsnest:		[cam 1]
[04/01/26 00:32:02] crowsnest:		mode: ustreamer
[04/01/26 00:32:02] crowsnest:		
[04/01/26 00:32:02] crowsnest:		port: 8080
[04/01/26 00:32:02] crowsnest:		device: /dev/video0
[04/01/26 00:32:02] crowsnest:		resolution: 640x480
[04/01/26 00:32:02] crowsnest:		max_fps: 15
[04/01/26 00:32:02] crowsnest: INFO: Detect available Devices
[04/01/26 00:32:03] crowsnest: ERROR: No usable Devices Found. Stopping crowsnest.
[04/01/26 00:32:08] crowsnest: crowsnest - A webcam Service for multiple Cams and Stream Services.
[04/01/26 00:32:08] crowsnest: Version: v4.1.17-1-g9cc3d4a
[04/01/26 00:32:08] crowsnest: Prepare Startup ...
[04/01/26 00:32:08] crowsnest: INFO: Host information:
[04/01/26 00:32:08] crowsnest: Host Info: Distribution: Debian GNU/Linux 12 (bookworm)
[04/01/26 00:32:08] crowsnest: Host Info: Release: MainsailOS release 2.2.2 (bookworm)
[04/01/26 00:32:08] crowsnest: Host Info: Kernel: Linux 6.12.75+rpt-rpi-v8 aarch64
[04/01/26 00:32:08] crowsnest: Host Info: Model:  Raspberry Pi 4 Model B Rev 1.1
[04/01/26 00:32:08] crowsnest: Host Info: Available CPU Cores: 4
[04/01/26 00:32:08] crowsnest: Host Info: Available Memory: 748988 kB
[04/01/26 00:32:08] crowsnest: Host Info: Diskspace (avail. / total): 5.8G / 15G
[04/01/26 00:32:08] crowsnest: INFO: Checking Dependencies
[04/01/26 00:32:09] crowsnest: Dependency: 'crudini' found in /usr/bin/crudini.
[04/01/26 00:32:09] crowsnest: Dependency: 'find' found in /usr/bin/find.
[04/01/26 00:32:09] crowsnest: Dependency: 'xargs' found in /usr/bin/xargs.
[04/01/26 00:32:09] crowsnest: Dependency: 'ustreamer' found in bin/ustreamer/src/ustreamer.bin.
[04/01/26 00:32:09] crowsnest: Dependency: 'camera-streamer' found in bin/camera-streamer/camera-streamer.
[04/01/26 00:32:09] crowsnest: Version Control: ustreamer is up to date. (v6.36)
[04/01/26 00:32:09] crowsnest: Version Control: camera-streamer is up to date. ((2f71a28))
[04/01/26 00:32:09] crowsnest: INFO: Print Configfile: '/home/jay/printer_data/config/crowsnest.conf'
[04/01/26 00:32:09] crowsnest:		[crowsnest]
[04/01/26 00:32:09] crowsnest:		log_path: /home/jay/printer_data/logs/crowsnest.log
[04/01/26 00:32:09] crowsnest:		log_level: verbose
[04/01/26 00:32:09] crowsnest:		delete_log: false
[04/01/26 00:32:09] crowsnest:		no_proxy: false
[04/01/26 00:32:09] crowsnest:		
[04/01/26 00:32:09] crowsnest:		[cam 1]
[04/01/26 00:32:09] crowsnest:		mode: ustreamer
[04/01/26 00:32:09] crowsnest:		
[04/01/26 00:32:09] crowsnest:		port: 8080
[04/01/26 00:32:09] crowsnest:		device: /dev/video0
[04/01/26 00:32:09] crowsnest:		resolution: 640x480
[04/01/26 00:32:09] crowsnest:		max_fps: 15
[04/01/26 00:32:09] crowsnest: INFO: Detect available Devices
[04/01/26 00:32:09] crowsnest: ERROR: No usable Devices Found. Stopping crowsnest.
[04/01/26 00:32:15] crowsnest: crowsnest - A webcam Service for multiple Cams and Stream Services.
[04/01/26 00:32:15] crowsnest: Version: v4.1.17-1-g9cc3d4a
[04/01/26 00:32:15] crowsnest: Prepare Startup ...
[04/01/26 00:32:15] crowsnest: INFO: Host information:
[04/01/26 00:32:15] crowsnest: Host Info: Distribution: Debian GNU/Linux 12 (bookworm)
[04/01/26 00:32:15] crowsnest: Host Info: Release: MainsailOS release 2.2.2 (bookworm)
[04/01/26 00:32:15] crowsnest: Host Info: Kernel: Linux 6.12.75+rpt-rpi-v8 aarch64
[04/01/26 00:32:15] crowsnest: Host Info: Model:  Raspberry Pi 4 Model B Rev 1.1
[04/01/26 00:32:15] crowsnest: Host Info: Available CPU Cores: 4
[04/01/26 00:32:15] crowsnest: Host Info: Available Memory: 748988 kB
[04/01/26 00:32:15] crowsnest: Host Info: Diskspace (avail. / total): 5.8G / 15G
[04/01/26 00:32:15] crowsnest: INFO: Checking Dependencies
[04/01/26 00:32:15] crowsnest: Dependency: 'crudini' found in /usr/bin/crudini.
[04/01/26 00:32:15] crowsnest: Dependency: 'find' found in /usr/bin/find.
[04/01/26 00:32:15] crowsnest: Dependency: 'xargs' found in /usr/bin/xargs.
[04/01/26 00:32:15] crowsnest: Dependency: 'ustreamer' found in bin/ustreamer/src/ustreamer.bin.
[04/01/26 00:32:15] crowsnest: Dependency: 'camera-streamer' found in bin/camera-streamer/camera-streamer.
[04/01/26 00:32:15] crowsnest: Version Control: ustreamer is up to date. (v6.36)
[04/01/26 00:32:15] crowsnest: Version Control: camera-streamer is up to date. ((2f71a28))
[04/01/26 00:32:15] crowsnest: INFO: Print Configfile: '/home/jay/printer_data/config/crowsnest.conf'
[04/01/26 00:32:15] crowsnest:		[crowsnest]
[04/01/26 00:32:15] crowsnest:		log_path: /home/jay/printer_data/logs/crowsnest.log
[04/01/26 00:32:15] crowsnest:		log_level: verbose
[04/01/26 00:32:15] crowsnest:		delete_log: false
[04/01/26 00:32:15] crowsnest:		no_proxy: false
[04/01/26 00:32:15] crowsnest:		
[04/01/26 00:32:15] crowsnest:		[cam 1]
[04/01/26 00:32:15] crowsnest:		mode: ustreamer
[04/01/26 00:32:15] crowsnest:		
[04/01/26 00:32:15] crowsnest:		port: 8080
[04/01/26 00:32:15] crowsnest:		device: /dev/video0
[04/01/26 00:32:15] crowsnest:		resolution: 640x480
[04/01/26 00:32:15] crowsnest:		max_fps: 15
[04/01/26 00:32:15] crowsnest: INFO: Detect available Devices
[04/01/26 00:32:15] crowsnest: ERROR: No usable Devices Found. Stopping crowsnest.
[04/01/26 00:32:21] crowsnest: crowsnest - A webcam Service for multiple Cams and Stream Services.
[04/01/26 00:32:21] crowsnest: Version: v4.1.17-1-g9cc3d4a
[04/01/26 00:32:21] crowsnest: Prepare Startup ...
[04/01/26 00:32:21] crowsnest: INFO: Host information:
[04/01/26 00:32:21] crowsnest: Host Info: Distribution: Debian GNU/Linux 12 (bookworm)
[04/01/26 00:32:21] crowsnest: Host Info: Release: MainsailOS release 2.2.2 (bookworm)
[04/01/26 00:32:21] crowsnest: Host Info: Kernel: Linux 6.12.75+rpt-rpi-v8 aarch64
[04/01/26 00:32:21] crowsnest: Host Info: Model:  Raspberry Pi 4 Model B Rev 1.1
[04/01/26 00:32:21] crowsnest: Host Info: Available CPU Cores: 4
[04/01/26 00:32:21] crowsnest: Host Info: Available Memory: 748988 kB
[04/01/26 00:32:21] crowsnest: Host Info: Diskspace (avail. / total): 5.8G / 15G
[04/01/26 00:32:21] crowsnest: INFO: Checking Dependencies
[04/01/26 00:32:21] crowsnest: Dependency: 'crudini' found in /usr/bin/crudini.
[04/01/26 00:32:21] crowsnest: Dependency: 'find' found in /usr/bin/find.
[04/01/26 00:32:21] crowsnest: Dependency: 'xargs' found in /usr/bin/xargs.
[04/01/26 00:32:21] crowsnest: Dependency: 'ustreamer' found in bin/ustreamer/src/ustreamer.bin.
[04/01/26 00:32:21] crowsnest: Dependency: 'camera-streamer' found in bin/camera-streamer/camera-streamer.
[04/01/26 00:32:21] crowsnest: Version Control: ustreamer is up to date. (v6.36)
[04/01/26 00:32:21] crowsnest: Version Control: camera-streamer is up to date. ((2f71a28))
[04/01/26 00:32:21] crowsnest: INFO: Print Configfile: '/home/jay/printer_data/config/crowsnest.conf'
[04/01/26 00:32:21] crowsnest:		[crowsnest]
[04/01/26 00:32:21] crowsnest:		log_path: /home/jay/printer_data/logs/crowsnest.log
[04/01/26 00:32:21] crowsnest:		log_level: verbose
[04/01/26 00:32:21] crowsnest:		delete_log: false
[04/01/26 00:32:21] crowsnest:		no_proxy: false
[04/01/26 00:32:21] crowsnest:		
[04/01/26 00:32:21] crowsnest:		[cam 1]
[04/01/26 00:32:21] crowsnest:		mode: ustreamer
[04/01/26 00:32:21] crowsnest:		
[04/01/26 00:32:21] crowsnest:		port: 8080
[04/01/26 00:32:21] crowsnest:		device: /dev/video0
[04/01/26 00:32:21] crowsnest:		resolution: 640x480
[04/01/26 00:32:21] crowsnest:		max_fps: 15
[04/01/26 00:32:21] crowsnest: INFO: Detect available Devices
[04/01/26 00:32:21] crowsnest: ERROR: No usable Devices Found. Stopping crowsnest.
[04/01/26 00:32:27] crowsnest: crowsnest - A webcam Service for multiple Cams and Stream Services.
[04/01/26 00:32:27] crowsnest: Version: v4.1.17-1-g9cc3d4a
[04/01/26 00:32:27] crowsnest: Prepare Startup ...
[04/01/26 00:32:27] crowsnest: INFO: Host information:
[04/01/26 00:32:27] crowsnest: Host Info: Distribution: Debian GNU/Linux 12 (bookworm)
[04/01/26 00:32:27] crowsnest: Host Info: Release: MainsailOS release 2.2.2 (bookworm)
[04/01/26 00:32:27] crowsnest: Host Info: Kernel: Linux 6.12.75+rpt-rpi-v8 aarch64
[04/01/26 00:32:27] crowsnest: Host Info: Model:  Raspberry Pi 4 Model B Rev 1.1
[04/01/26 00:32:27] crowsnest: Host Info: Available CPU Cores: 4
[04/01/26 00:32:27] crowsnest: Host Info: Available Memory: 748988 kB
[04/01/26 00:32:27] crowsnest: Host Info: Diskspace (avail. / total): 5.8G / 15G
[04/01/26 00:32:27] crowsnest: INFO: Checking Dependencies
[04/01/26 00:32:27] crowsnest: Dependency: 'crudini' found in /usr/bin/crudini.
[04/01/26 00:32:27] crowsnest: Dependency: 'find' found in /usr/bin/find.
[04/01/26 00:32:27] crowsnest: Dependency: 'xargs' found in /usr/bin/xargs.
[04/01/26 00:32:27] crowsnest: Dependency: 'ustreamer' found in bin/ustreamer/src/ustreamer.bin.
[04/01/26 00:32:27] crowsnest: Dependency: 'camera-streamer' found in bin/camera-streamer/camera-streamer.
[04/01/26 00:32:27] crowsnest: Version Control: ustreamer is up to date. (v6.36)
[04/01/26 00:32:27] crowsnest: Version Control: camera-streamer is up to date. ((2f71a28))
[04/01/26 00:32:27] crowsnest: INFO: Print Configfile: '/home/jay/printer_data/config/crowsnest.conf'
[04/01/26 00:32:27] crowsnest:		[crowsnest]
[04/01/26 00:32:27] crowsnest:		log_path: /home/jay/printer_data/logs/crowsnest.log
[04/01/26 00:32:27] crowsnest:		log_level: verbose
[04/01/26 00:32:27] crowsnest:		delete_log: false
[04/01/26 00:32:27] crowsnest:		no_proxy: false
[04/01/26 00:32:27] crowsnest:		
[04/01/26 00:32:27] crowsnest:		[cam 1]
[04/01/26 00:32:27] crowsnest:		mode: ustreamer
[04/01/26 00:32:27] crowsnest:		
[04/01/26 00:32:27] crowsnest:		port: 8080
[04/01/26 00:32:27] crowsnest:		device: /dev/video0
[04/01/26 00:32:27] crowsnest:		resolution: 640x480
[04/01/26 00:32:27] crowsnest:		max_fps: 15
[04/01/26 00:32:27] crowsnest: INFO: Detect available Devices
[04/01/26 00:32:27] crowsnest: ERROR: No usable Devices Found. Stopping crowsnest.
[04/01/26 00:32:33] crowsnest: crowsnest - A webcam Service for multiple Cams and Stream Services.
[04/01/26 00:32:33] crowsnest: Version: v4.1.17-1-g9cc3d4a
[04/01/26 00:32:33] crowsnest: Prepare Startup ...
[04/01/26 00:32:33] crowsnest: INFO: Host information:
[04/01/26 00:32:33] crowsnest: Host Info: Distribution: Debian GNU/Linux 12 (bookworm)
[04/01/26 00:32:33] crowsnest: Host Info: Release: MainsailOS release 2.2.2 (bookworm)
[04/01/26 00:32:33] crowsnest: Host Info: Kernel: Linux 6.12.75+rpt-rpi-v8 aarch64
[04/01/26 00:32:33] crowsnest: Host Info: Model:  Raspberry Pi 4 Model B Rev 1.1
[04/01/26 00:32:33] crowsnest: Host Info: Available CPU Cores: 4
[04/01/26 00:32:33] crowsnest: Host Info: Available Memory: 748988 kB
[04/01/26 00:32:33] crowsnest: Host Info: Diskspace (avail. / total): 5.8G / 15G
[04/01/26 00:32:33] crowsnest: INFO: Checking Dependencies
[04/01/26 00:32:33] crowsnest: Dependency: 'crudini' found in /usr/bin/crudini.
[04/01/26 00:32:33] crowsnest: Dependency: 'find' found in /usr/bin/find.
[04/01/26 00:32:33] crowsnest: Dependency: 'xargs' found in /usr/bin/xargs.
[04/01/26 00:32:33] crowsnest: Dependency: 'ustreamer' found in bin/ustreamer/src/ustreamer.bin.
[04/01/26 00:32:33] crowsnest: Dependency: 'camera-streamer' found in bin/camera-streamer/camera-streamer.
[04/01/26 00:32:33] crowsnest: Version Control: ustreamer is up to date. (v6.36)
[04/01/26 00:32:33] crowsnest: Version Control: camera-streamer is up to date. ((2f71a28))
[04/01/26 00:32:33] crowsnest: INFO: Print Configfile: '/home/jay/printer_data/config/crowsnest.conf'
[04/01/26 00:32:33] crowsnest:		[crowsnest]
[04/01/26 00:32:33] crowsnest:		log_path: /home/jay/printer_data/logs/crowsnest.log
[04/01/26 00:32:33] crowsnest:		log_level: verbose
[04/01/26 00:32:33] crowsnest:		delete_log: false
[04/01/26 00:32:33] crowsnest:		no_proxy: false
[04/01/26 00:32:33] crowsnest:		
[04/01/26 00:32:33] crowsnest:		[cam 1]
[04/01/26 00:32:33] crowsnest:		mode: ustreamer
[04/01/26 00:32:33] crowsnest:		
[04/01/26 00:32:33] crowsnest:		port: 8080
[04/01/26 00:32:33] crowsnest:		device: /dev/video0
[04/01/26 00:32:33] crowsnest:		resolution: 640x480
[04/01/26 00:32:33] crowsnest:		max_fps: 15
[04/01/26 00:32:33] crowsnest: INFO: Detect available Devices
[04/01/26 00:32:33] crowsnest: ERROR: No usable Devices Found. Stopping crowsnest.
[04/01/26 00:32:52] crowsnest: crowsnest - A webcam Service for multiple Cams and Stream Services.
[04/01/26 00:32:52] crowsnest: Version: v4.1.17-1-g9cc3d4a
[04/01/26 00:32:52] crowsnest: Prepare Startup ...
[04/01/26 00:32:52] crowsnest: INFO: Host information:
[04/01/26 00:32:52] crowsnest: Host Info: Distribution: Debian GNU/Linux 12 (bookworm)
[04/01/26 00:32:52] crowsnest: Host Info: Release: MainsailOS release 2.2.2 (bookworm)
[04/01/26 00:32:52] crowsnest: Host Info: Kernel: Linux 6.12.75+rpt-rpi-v8 aarch64
[04/01/26 00:32:52] crowsnest: Host Info: Model:  Raspberry Pi 4 Model B Rev 1.1
[04/01/26 00:32:52] crowsnest: Host Info: Available CPU Cores: 4
[04/01/26 00:32:52] crowsnest: Host Info: Available Memory: 748988 kB
[04/01/26 00:32:52] crowsnest: Host Info: Diskspace (avail. / total): 5.8G / 15G
[04/01/26 00:32:52] crowsnest: INFO: Checking Dependencies
[04/01/26 00:32:52] crowsnest: Dependency: 'crudini' found in /usr/bin/crudini.
[04/01/26 00:32:52] crowsnest: Dependency: 'find' found in /usr/bin/find.
[04/01/26 00:32:53] crowsnest: Dependency: 'xargs' found in /usr/bin/xargs.
[04/01/26 00:32:53] crowsnest: Dependency: 'ustreamer' found in bin/ustreamer/src/ustreamer.bin.
[04/01/26 00:32:53] crowsnest: Dependency: 'camera-streamer' found in bin/camera-streamer/camera-streamer.
[04/01/26 00:32:53] crowsnest: Version Control: ustreamer is up to date. (v6.36)
[04/01/26 00:32:53] crowsnest: Version Control: camera-streamer is up to date. ((2f71a28))
[04/01/26 00:32:53] crowsnest: INFO: Print Configfile: '/home/jay/printer_data/config/crowsnest.conf'
[04/01/26 00:32:53] crowsnest:		[crowsnest]
[04/01/26 00:32:53] crowsnest:		log_path: /home/jay/printer_data/logs/crowsnest.log
[04/01/26 00:32:53] crowsnest:		log_level: verbose
[04/01/26 00:32:53] crowsnest:		delete_log: false
[04/01/26 00:32:53] crowsnest:		no_proxy: false
[04/01/26 00:32:53] crowsnest:		
[04/01/26 00:32:53] crowsnest:		[cam 1]
[04/01/26 00:32:53] crowsnest:		mode: ustreamer
[04/01/26 00:32:53] crowsnest:		
[04/01/26 00:32:53] crowsnest:		port: 8080
[04/01/26 00:32:53] crowsnest:		device: /dev/video0
[04/01/26 00:32:53] crowsnest:		resolution: 640x480
[04/01/26 00:32:53] crowsnest:		max_fps: 15
[04/01/26 00:32:53] crowsnest: INFO: Detect available Devices
[04/01/26 00:32:53] crowsnest: ERROR: No usable Devices Found. Stopping crowsnest.
[04/01/26 00:32:58] crowsnest: crowsnest - A webcam Service for multiple Cams and Stream Services.
[04/01/26 00:32:58] crowsnest: Version: v4.1.17-1-g9cc3d4a
[04/01/26 00:32:58] crowsnest: Prepare Startup ...
[04/01/26 00:32:58] crowsnest: INFO: Host information:
[04/01/26 00:32:58] crowsnest: Host Info: Distribution: Debian GNU/Linux 12 (bookworm)
[04/01/26 00:32:58] crowsnest: Host Info: Release: MainsailOS release 2.2.2 (bookworm)
[04/01/26 00:32:58] crowsnest: Host Info: Kernel: Linux 6.12.75+rpt-rpi-v8 aarch64
[04/01/26 00:32:58] crowsnest: Host Info: Model:  Raspberry Pi 4 Model B Rev 1.1
[04/01/26 00:32:58] crowsnest: Host Info: Available CPU Cores: 4
[04/01/26 00:32:58] crowsnest: Host Info: Available Memory: 748988 kB
[04/01/26 00:32:58] crowsnest: Host Info: Diskspace (avail. / total): 5.8G / 15G
[04/01/26 00:32:58] crowsnest: INFO: Checking Dependencies
[04/01/26 00:32:58] crowsnest: Dependency: 'crudini' found in /usr/bin/crudini.
[04/01/26 00:32:58] crowsnest: Dependency: 'find' found in /usr/bin/find.
[04/01/26 00:32:58] crowsnest: Dependency: 'xargs' found in /usr/bin/xargs.
[04/01/26 00:32:58] crowsnest: Dependency: 'ustreamer' found in bin/ustreamer/src/ustreamer.bin.
[04/01/26 00:32:59] crowsnest: Dependency: 'camera-streamer' found in bin/camera-streamer/camera-streamer.
[04/01/26 00:32:59] crowsnest: Version Control: ustreamer is up to date. (v6.36)
[04/01/26 00:32:59] crowsnest: Version Control: camera-streamer is up to date. ((2f71a28))
[04/01/26 00:32:59] crowsnest: INFO: Print Configfile: '/home/jay/printer_data/config/crowsnest.conf'
[04/01/26 00:32:59] crowsnest:		[crowsnest]
[04/01/26 00:32:59] crowsnest:		log_path: /home/jay/printer_data/logs/crowsnest.log
[04/01/26 00:32:59] crowsnest:		log_level: verbose
[04/01/26 00:32:59] crowsnest:		delete_log: false
[04/01/26 00:32:59] crowsnest:		no_proxy: false
[04/01/26 00:32:59] crowsnest:		
[04/01/26 00:32:59] crowsnest:		[cam 1]
[04/01/26 00:32:59] crowsnest:		mode: ustreamer
[04/01/26 00:32:59] crowsnest:		
[04/01/26 00:32:59] crowsnest:		port: 8080
[04/01/26 00:32:59] crowsnest:		device: /dev/video0
[04/01/26 00:32:59] crowsnest:		resolution: 640x480
[04/01/26 00:32:59] crowsnest:		max_fps: 15
[04/01/26 00:32:59] crowsnest: INFO: Detect available Devices
[04/01/26 00:32:59] crowsnest: ERROR: No usable Devices Found. Stopping crowsnest.
[04/01/26 00:33:04] crowsnest: crowsnest - A webcam Service for multiple Cams and Stream Services.
[04/01/26 00:33:04] crowsnest: Version: v4.1.17-1-g9cc3d4a
[04/01/26 00:33:04] crowsnest: Prepare Startup ...
[04/01/26 00:33:04] crowsnest: INFO: Host information:
[04/01/26 00:33:04] crowsnest: Host Info: Distribution: Debian GNU/Linux 12 (bookworm)
[04/01/26 00:33:04] crowsnest: Host Info: Release: MainsailOS release 2.2.2 (bookworm)
[04/01/26 00:33:04] crowsnest: Host Info: Kernel: Linux 6.12.75+rpt-rpi-v8 aarch64
[04/01/26 00:33:04] crowsnest: Host Info: Model:  Raspberry Pi 4 Model B Rev 1.1
[04/01/26 00:33:04] crowsnest: Host Info: Available CPU Cores: 4
[04/01/26 00:33:04] crowsnest: Host Info: Available Memory: 748988 kB
[04/01/26 00:33:04] crowsnest: Host Info: Diskspace (avail. / total): 5.8G / 15G
[04/01/26 00:33:04] crowsnest: INFO: Checking Dependencies
[04/01/26 00:33:05] crowsnest: Dependency: 'crudini' found in /usr/bin/crudini.
[04/01/26 00:33:05] crowsnest: Dependency: 'find' found in /usr/bin/find.
[04/01/26 00:33:05] crowsnest: Dependency: 'xargs' found in /usr/bin/xargs.
[04/01/26 00:33:05] crowsnest: Dependency: 'ustreamer' found in bin/ustreamer/src/ustreamer.bin.
[04/01/26 00:33:05] crowsnest: Dependency: 'camera-streamer' found in bin/camera-streamer/camera-streamer.
[04/01/26 00:33:05] crowsnest: Version Control: ustreamer is up to date. (v6.36)
[04/01/26 00:33:05] crowsnest: Version Control: camera-streamer is up to date. ((2f71a28))
[04/01/26 00:33:05] crowsnest: INFO: Print Configfile: '/home/jay/printer_data/config/crowsnest.conf'
[04/01/26 00:33:05] crowsnest:		[crowsnest]
[04/01/26 00:33:05] crowsnest:		log_path: /home/jay/printer_data/logs/crowsnest.log
[04/01/26 00:33:05] crowsnest:		log_level: verbose
[04/01/26 00:33:05] crowsnest:		delete_log: false
[04/01/26 00:33:05] crowsnest:		no_proxy: false
[04/01/26 00:33:05] crowsnest:		
[04/01/26 00:33:05] crowsnest:		[cam 1]
[04/01/26 00:33:05] crowsnest:		mode: ustreamer
[04/01/26 00:33:05] crowsnest:		
[04/01/26 00:33:05] crowsnest:		port: 8080
[04/01/26 00:33:05] crowsnest:		device: /dev/video0
[04/01/26 00:33:05] crowsnest:		resolution: 640x480
[04/01/26 00:33:05] crowsnest:		max_fps: 15
[04/01/26 00:33:05] crowsnest: INFO: Detect available Devices
[04/01/26 00:33:05] crowsnest: ERROR: No usable Devices Found. Stopping crowsnest.
[04/01/26 00:33:10] crowsnest: crowsnest - A webcam Service for multiple Cams and Stream Services.
[04/01/26 00:33:10] crowsnest: Version: v4.1.17-1-g9cc3d4a
[04/01/26 00:33:10] crowsnest: Prepare Startup ...
[04/01/26 00:33:10] crowsnest: INFO: Host information:
[04/01/26 00:33:10] crowsnest: Host Info: Distribution: Debian GNU/Linux 12 (bookworm)
[04/01/26 00:33:10] crowsnest: Host Info: Release: MainsailOS release 2.2.2 (bookworm)
[04/01/26 00:33:10] crowsnest: Host Info: Kernel: Linux 6.12.75+rpt-rpi-v8 aarch64
[04/01/26 00:33:10] crowsnest: Host Info: Model:  Raspberry Pi 4 Model B Rev 1.1
[04/01/26 00:33:10] crowsnest: Host Info: Available CPU Cores: 4
[04/01/26 00:33:11] crowsnest: Host Info: Available Memory: 748988 kB
[04/01/26 00:33:11] crowsnest: Host Info: Diskspace (avail. / total): 5.8G / 15G
[04/01/26 00:33:11] crowsnest: INFO: Checking Dependencies
[04/01/26 00:33:11] crowsnest: Dependency: 'crudini' found in /usr/bin/crudini.
[04/01/26 00:33:11] crowsnest: Dependency: 'find' found in /usr/bin/find.
[04/01/26 00:33:11] crowsnest: Dependency: 'xargs' found in /usr/bin/xargs.
[04/01/26 00:33:11] crowsnest: Dependency: 'ustreamer' found in bin/ustreamer/src/ustreamer.bin.
[04/01/26 00:33:11] crowsnest: Dependency: 'camera-streamer' found in bin/camera-streamer/camera-streamer.
[04/01/26 00:33:11] crowsnest: Version Control: ustreamer is up to date. (v6.36)
[04/01/26 00:33:11] crowsnest: Version Control: camera-streamer is up to date. ((2f71a28))
[04/01/26 00:33:11] crowsnest: INFO: Print Configfile: '/home/jay/printer_data/config/crowsnest.conf'
[04/01/26 00:33:11] crowsnest:		[crowsnest]
[04/01/26 00:33:11] crowsnest:		log_path: /home/jay/printer_data/logs/crowsnest.log
[04/01/26 00:33:11] crowsnest:		log_level: verbose
[04/01/26 00:33:11] crowsnest:		delete_log: false
[04/01/26 00:33:11] crowsnest:		no_proxy: false
[04/01/26 00:33:11] crowsnest:		
[04/01/26 00:33:11] crowsnest:		[cam 1]
[04/01/26 00:33:11] crowsnest:		mode: ustreamer
[04/01/26 00:33:11] crowsnest:		
[04/01/26 00:33:11] crowsnest:		port: 8080
[04/01/26 00:33:11] crowsnest:		device: /dev/video0
[04/01/26 00:33:11] crowsnest:		resolution: 640x480
[04/01/26 00:33:11] crowsnest:		max_fps: 15
[04/01/26 00:33:11] crowsnest: INFO: Detect available Devices
[04/01/26 00:33:11] crowsnest: ERROR: No usable Devices Found. Stopping crowsnest.
[04/05/26 23:35:45] crowsnest: crowsnest - A webcam Service for multiple Cams and Stream Services.
[04/05/26 23:35:45] crowsnest: Version: v4.1.17-1-g9cc3d4a
[04/05/26 23:35:45] crowsnest: Prepare Startup ...
[04/05/26 23:35:45] crowsnest: INFO: Host information:
[04/05/26 23:35:45] crowsnest: Host Info: Distribution: Debian GNU/Linux 12 (bookworm)
[04/05/26 23:35:45] crowsnest: Host Info: Release: MainsailOS release 2.2.2 (bookworm)
[04/05/26 23:35:45] crowsnest: Host Info: Kernel: Linux 6.12.75+rpt-rpi-v8 aarch64
[04/05/26 23:35:45] crowsnest: Host Info: Model:  Raspberry Pi 4 Model B Rev 1.1
[04/05/26 23:35:45] crowsnest: Host Info: Available CPU Cores: 4
[04/05/26 23:35:45] crowsnest: Host Info: Available Memory: 748988 kB
[04/05/26 23:35:45] crowsnest: Host Info: Diskspace (avail. / total): 5.7G / 15G
[04/05/26 23:35:45] crowsnest: INFO: Checking Dependencies
[04/05/26 23:35:46] crowsnest: Dependency: 'crudini' found in /usr/bin/crudini.
[04/05/26 23:35:46] crowsnest: Dependency: 'find' found in /usr/bin/find.
[04/05/26 23:35:46] crowsnest: Dependency: 'xargs' found in /usr/bin/xargs.
[04/05/26 23:35:46] crowsnest: Dependency: 'ustreamer' found in bin/ustreamer/src/ustreamer.bin.
[04/05/26 23:35:46] crowsnest: Dependency: 'camera-streamer' found in bin/camera-streamer/camera-streamer.
[04/05/26 23:35:46] crowsnest: Version Control: ustreamer is up to date. (v6.36)
[04/05/26 23:35:48] crowsnest: Version Control: camera-streamer is up to date. ((2f71a28))
[04/05/26 23:35:48] crowsnest: INFO: Print Configfile: '/home/jay/printer_data/config/crowsnest.conf'
[04/05/26 23:35:48] crowsnest:		[crowsnest]
[04/05/26 23:35:48] crowsnest:		log_path: /home/jay/printer_data/logs/crowsnest.log
[04/05/26 23:35:48] crowsnest:		log_level: verbose
[04/05/26 23:35:48] crowsnest:		delete_log: false
[04/05/26 23:35:48] crowsnest:		no_proxy: false
[04/05/26 23:35:48] crowsnest:		
[04/05/26 23:35:48] crowsnest:		[cam 1]
[04/05/26 23:35:48] crowsnest:		mode: ustreamer
[04/05/26 23:35:48] crowsnest:		
[04/05/26 23:35:48] crowsnest:		port: 8080
[04/05/26 23:35:48] crowsnest:		device: /dev/video0
[04/05/26 23:35:48] crowsnest:		resolution: 640x480
[04/05/26 23:35:48] crowsnest:		max_fps: 15
[04/05/26 23:35:48] crowsnest: INFO: Detect available Devices
[04/05/26 23:35:48] crowsnest: ERROR: No usable Devices Found. Stopping crowsnest.
[04/05/26 23:35:54] crowsnest: crowsnest - A webcam Service for multiple Cams and Stream Services.
[04/05/26 23:35:54] crowsnest: Version: v4.1.17-1-g9cc3d4a
[04/05/26 23:35:54] crowsnest: Prepare Startup ...
[04/05/26 23:35:54] crowsnest: INFO: Host information:
[04/05/26 23:35:54] crowsnest: Host Info: Distribution: Debian GNU/Linux 12 (bookworm)
[04/05/26 23:35:54] crowsnest: Host Info: Release: MainsailOS release 2.2.2 (bookworm)
[04/05/26 23:35:54] crowsnest: Host Info: Kernel: Linux 6.12.75+rpt-rpi-v8 aarch64
[04/05/26 23:35:54] crowsnest: Host Info: Model:  Raspberry Pi 4 Model B Rev 1.1
[04/05/26 23:35:54] crowsnest: Host Info: Available CPU Cores: 4
[04/05/26 23:35:54] crowsnest: Host Info: Available Memory: 748988 kB
[04/05/26 23:35:54] crowsnest: Host Info: Diskspace (avail. / total): 5.7G / 15G
[04/05/26 23:35:54] crowsnest: INFO: Checking Dependencies
[04/05/26 23:35:54] crowsnest: Dependency: 'crudini' found in /usr/bin/crudini.
[04/05/26 23:35:54] crowsnest: Dependency: 'find' found in /usr/bin/find.
[04/05/26 23:35:54] crowsnest: Dependency: 'xargs' found in /usr/bin/xargs.
[04/05/26 23:35:54] crowsnest: Dependency: 'ustreamer' found in bin/ustreamer/src/ustreamer.bin.
[04/05/26 23:35:54] crowsnest: Dependency: 'camera-streamer' found in bin/camera-streamer/camera-streamer.
[04/05/26 23:35:54] crowsnest: Version Control: ustreamer is up to date. (v6.36)
[04/05/26 23:35:54] crowsnest: Version Control: camera-streamer is up to date. ((2f71a28))
[04/05/26 23:35:54] crowsnest: INFO: Print Configfile: '/home/jay/printer_data/config/crowsnest.conf'
[04/05/26 23:35:54] crowsnest:		[crowsnest]
[04/05/26 23:35:54] crowsnest:		log_path: /home/jay/printer_data/logs/crowsnest.log
[04/05/26 23:35:54] crowsnest:		log_level: verbose
[04/05/26 23:35:54] crowsnest:		delete_log: false
[04/05/26 23:35:54] crowsnest:		no_proxy: false
[04/05/26 23:35:54] crowsnest:		
[04/05/26 23:35:54] crowsnest:		[cam 1]
[04/05/26 23:35:54] crowsnest:		mode: ustreamer
[04/05/26 23:35:54] crowsnest:		
[04/05/26 23:35:54] crowsnest:		port: 8080
[04/05/26 23:35:54] crowsnest:		device: /dev/video0
[04/05/26 23:35:54] crowsnest:		resolution: 640x480
[04/05/26 23:35:54] crowsnest:		max_fps: 15
[04/05/26 23:35:54] crowsnest: INFO: Detect available Devices
[04/05/26 23:35:54] crowsnest: ERROR: No usable Devices Found. Stopping crowsnest.
[04/05/26 23:36:00] crowsnest: crowsnest - A webcam Service for multiple Cams and Stream Services.
[04/05/26 23:36:00] crowsnest: Version: v4.1.17-1-g9cc3d4a
[04/05/26 23:36:00] crowsnest: Prepare Startup ...
[04/05/26 23:36:00] crowsnest: INFO: Host information:
[04/05/26 23:36:00] crowsnest: Host Info: Distribution: Debian GNU/Linux 12 (bookworm)
[04/05/26 23:36:00] crowsnest: Host Info: Release: MainsailOS release 2.2.2 (bookworm)
[04/05/26 23:36:00] crowsnest: Host Info: Kernel: Linux 6.12.75+rpt-rpi-v8 aarch64
[04/05/26 23:36:00] crowsnest: Host Info: Model:  Raspberry Pi 4 Model B Rev 1.1
[04/05/26 23:36:00] crowsnest: Host Info: Available CPU Cores: 4
[04/05/26 23:36:00] crowsnest: Host Info: Available Memory: 748988 kB
[04/05/26 23:36:00] crowsnest: Host Info: Diskspace (avail. / total): 5.7G / 15G
[04/05/26 23:36:00] crowsnest: INFO: Checking Dependencies
[04/05/26 23:36:00] crowsnest: Dependency: 'crudini' found in /usr/bin/crudini.
[04/05/26 23:36:00] crowsnest: Dependency: 'find' found in /usr/bin/find.
[04/05/26 23:36:00] crowsnest: Dependency: 'xargs' found in /usr/bin/xargs.
[04/05/26 23:36:00] crowsnest: Dependency: 'ustreamer' found in bin/ustreamer/src/ustreamer.bin.
[04/05/26 23:36:00] crowsnest: Dependency: 'camera-streamer' found in bin/camera-streamer/camera-streamer.
[04/05/26 23:36:00] crowsnest: Version Control: ustreamer is up to date. (v6.36)
[04/05/26 23:36:00] crowsnest: Version Control: camera-streamer is up to date. ((2f71a28))
[04/05/26 23:36:00] crowsnest: INFO: Print Configfile: '/home/jay/printer_data/config/crowsnest.conf'
[04/05/26 23:36:00] crowsnest:		[crowsnest]
[04/05/26 23:36:00] crowsnest:		log_path: /home/jay/printer_data/logs/crowsnest.log
[04/05/26 23:36:00] crowsnest:		log_level: verbose
[04/05/26 23:36:00] crowsnest:		delete_log: false
[04/05/26 23:36:00] crowsnest:		no_proxy: false
[04/05/26 23:36:00] crowsnest:		
[04/05/26 23:36:00] crowsnest:		[cam 1]
[04/05/26 23:36:00] crowsnest:		mode: ustreamer
[04/05/26 23:36:00] crowsnest:		
[04/05/26 23:36:00] crowsnest:		port: 8080
[04/05/26 23:36:00] crowsnest:		device: /dev/video0
[04/05/26 23:36:00] crowsnest:		resolution: 640x480
[04/05/26 23:36:00] crowsnest:		max_fps: 15
[04/05/26 23:36:00] crowsnest: INFO: Detect available Devices
[04/05/26 23:36:00] crowsnest: ERROR: No usable Devices Found. Stopping crowsnest.
[04/05/26 23:36:06] crowsnest: crowsnest - A webcam Service for multiple Cams and Stream Services.
[04/05/26 23:36:06] crowsnest: Version: v4.1.17-1-g9cc3d4a
[04/05/26 23:36:06] crowsnest: Prepare Startup ...
[04/05/26 23:36:06] crowsnest: INFO: Host information:
[04/05/26 23:36:06] crowsnest: Host Info: Distribution: Debian GNU/Linux 12 (bookworm)
[04/05/26 23:36:06] crowsnest: Host Info: Release: MainsailOS release 2.2.2 (bookworm)
[04/05/26 23:36:06] crowsnest: Host Info: Kernel: Linux 6.12.75+rpt-rpi-v8 aarch64
[04/05/26 23:36:06] crowsnest: Host Info: Model:  Raspberry Pi 4 Model B Rev 1.1
[04/05/26 23:36:06] crowsnest: Host Info: Available CPU Cores: 4
[04/05/26 23:36:06] crowsnest: Host Info: Available Memory: 748988 kB
[04/05/26 23:36:06] crowsnest: Host Info: Diskspace (avail. / total): 5.7G / 15G
[04/05/26 23:36:06] crowsnest: INFO: Checking Dependencies
[04/05/26 23:36:06] crowsnest: Dependency: 'crudini' found in /usr/bin/crudini.
[04/05/26 23:36:06] crowsnest: Dependency: 'find' found in /usr/bin/find.
[04/05/26 23:36:06] crowsnest: Dependency: 'xargs' found in /usr/bin/xargs.
[04/05/26 23:36:06] crowsnest: Dependency: 'ustreamer' found in bin/ustreamer/src/ustreamer.bin.
[04/05/26 23:36:06] crowsnest: Dependency: 'camera-streamer' found in bin/camera-streamer/camera-streamer.
[04/05/26 23:36:06] crowsnest: Version Control: ustreamer is up to date. (v6.36)
[04/05/26 23:36:06] crowsnest: Version Control: camera-streamer is up to date. ((2f71a28))
[04/05/26 23:36:06] crowsnest: INFO: Print Configfile: '/home/jay/printer_data/config/crowsnest.conf'
[04/05/26 23:36:06] crowsnest:		[crowsnest]
[04/05/26 23:36:06] crowsnest:		log_path: /home/jay/printer_data/logs/crowsnest.log
[04/05/26 23:36:06] crowsnest:		log_level: verbose
[04/05/26 23:36:06] crowsnest:		delete_log: false
[04/05/26 23:36:06] crowsnest:		no_proxy: false
[04/05/26 23:36:06] crowsnest:		
[04/05/26 23:36:06] crowsnest:		[cam 1]
[04/05/26 23:36:06] crowsnest:		mode: ustreamer
[04/05/26 23:36:06] crowsnest:		
[04/05/26 23:36:06] crowsnest:		port: 8080
[04/05/26 23:36:06] crowsnest:		device: /dev/video0
[04/05/26 23:36:06] crowsnest:		resolution: 640x480
[04/05/26 23:36:06] crowsnest:		max_fps: 15
[04/05/26 23:36:06] crowsnest: INFO: Detect available Devices
[04/05/26 23:36:06] crowsnest: ERROR: No usable Devices Found. Stopping crowsnest.
[04/05/26 23:36:12] crowsnest: crowsnest - A webcam Service for multiple Cams and Stream Services.
[04/05/26 23:36:12] crowsnest: Version: v4.1.17-1-g9cc3d4a
[04/05/26 23:36:12] crowsnest: Prepare Startup ...
[04/05/26 23:36:12] crowsnest: INFO: Host information:
[04/05/26 23:36:12] crowsnest: Host Info: Distribution: Debian GNU/Linux 12 (bookworm)
[04/05/26 23:36:12] crowsnest: Host Info: Release: MainsailOS release 2.2.2 (bookworm)
[04/05/26 23:36:12] crowsnest: Host Info: Kernel: Linux 6.12.75+rpt-rpi-v8 aarch64
[04/05/26 23:36:12] crowsnest: Host Info: Model:  Raspberry Pi 4 Model B Rev 1.1
[04/05/26 23:36:12] crowsnest: Host Info: Available CPU Cores: 4
[04/05/26 23:36:12] crowsnest: Host Info: Available Memory: 748988 kB
[04/05/26 23:36:12] crowsnest: Host Info: Diskspace (avail. / total): 5.7G / 15G
[04/05/26 23:36:12] crowsnest: INFO: Checking Dependencies
[04/05/26 23:36:12] crowsnest: Dependency: 'crudini' found in /usr/bin/crudini.
[04/05/26 23:36:12] crowsnest: Dependency: 'find' found in /usr/bin/find.
[04/05/26 23:36:12] crowsnest: Dependency: 'xargs' found in /usr/bin/xargs.
[04/05/26 23:36:12] crowsnest: Dependency: 'ustreamer' found in bin/ustreamer/src/ustreamer.bin.
[04/05/26 23:36:12] crowsnest: Dependency: 'camera-streamer' found in bin/camera-streamer/camera-streamer.
[04/05/26 23:36:12] crowsnest: Version Control: ustreamer is up to date. (v6.36)
[04/05/26 23:36:12] crowsnest: Version Control: camera-streamer is up to date. ((2f71a28))
[04/05/26 23:36:12] crowsnest: INFO: Print Configfile: '/home/jay/printer_data/config/crowsnest.conf'
[04/05/26 23:36:12] crowsnest:		[crowsnest]
[04/05/26 23:36:12] crowsnest:		log_path: /home/jay/printer_data/logs/crowsnest.log
[04/05/26 23:36:12] crowsnest:		log_level: verbose
[04/05/26 23:36:12] crowsnest:		delete_log: false
[04/05/26 23:36:12] crowsnest:		no_proxy: false
[04/05/26 23:36:12] crowsnest:		
[04/05/26 23:36:12] crowsnest:		[cam 1]
[04/05/26 23:36:12] crowsnest:		mode: ustreamer
[04/05/26 23:36:12] crowsnest:		
[04/05/26 23:36:12] crowsnest:		port: 8080
[04/05/26 23:36:12] crowsnest:		device: /dev/video0
[04/05/26 23:36:12] crowsnest:		resolution: 640x480
[04/05/26 23:36:12] crowsnest:		max_fps: 15
[04/05/26 23:36:12] crowsnest: INFO: Detect available Devices
[04/05/26 23:36:12] crowsnest: ERROR: No usable Devices Found. Stopping crowsnest.
[04/05/26 23:36:18] crowsnest: crowsnest - A webcam Service for multiple Cams and Stream Services.
[04/05/26 23:36:18] crowsnest: Version: v4.1.17-1-g9cc3d4a
[04/05/26 23:36:18] crowsnest: Prepare Startup ...
[04/05/26 23:36:18] crowsnest: INFO: Host information:
[04/05/26 23:36:18] crowsnest: Host Info: Distribution: Debian GNU/Linux 12 (bookworm)
[04/05/26 23:36:18] crowsnest: Host Info: Release: MainsailOS release 2.2.2 (bookworm)
[04/05/26 23:36:18] crowsnest: Host Info: Kernel: Linux 6.12.75+rpt-rpi-v8 aarch64
[04/05/26 23:36:18] crowsnest: Host Info: Model:  Raspberry Pi 4 Model B Rev 1.1
[04/05/26 23:36:18] crowsnest: Host Info: Available CPU Cores: 4
[04/05/26 23:36:18] crowsnest: Host Info: Available Memory: 748988 kB
[04/05/26 23:36:18] crowsnest: Host Info: Diskspace (avail. / total): 5.7G / 15G
[04/05/26 23:36:18] crowsnest: INFO: Checking Dependencies
[04/05/26 23:36:18] crowsnest: Dependency: 'crudini' found in /usr/bin/crudini.
[04/05/26 23:36:18] crowsnest: Dependency: 'find' found in /usr/bin/find.
[04/05/26 23:36:18] crowsnest: Dependency: 'xargs' found in /usr/bin/xargs.
[04/05/26 23:36:18] crowsnest: Dependency: 'ustreamer' found in bin/ustreamer/src/ustreamer.bin.
[04/05/26 23:36:18] crowsnest: Dependency: 'camera-streamer' found in bin/camera-streamer/camera-streamer.
[04/05/26 23:36:18] crowsnest: Version Control: ustreamer is up to date. (v6.36)
[04/05/26 23:36:18] crowsnest: Version Control: camera-streamer is up to date. ((2f71a28))
[04/05/26 23:36:18] crowsnest: INFO: Print Configfile: '/home/jay/printer_data/config/crowsnest.conf'
[04/05/26 23:36:18] crowsnest:		[crowsnest]
[04/05/26 23:36:18] crowsnest:		log_path: /home/jay/printer_data/logs/crowsnest.log
[04/05/26 23:36:18] crowsnest:		log_level: verbose
[04/05/26 23:36:18] crowsnest:		delete_log: false
[04/05/26 23:36:18] crowsnest:		no_proxy: false
[04/05/26 23:36:18] crowsnest:		
[04/05/26 23:36:18] crowsnest:		[cam 1]
[04/05/26 23:36:18] crowsnest:		mode: ustreamer
[04/05/26 23:36:18] crowsnest:		
[04/05/26 23:36:18] crowsnest:		port: 8080
[04/05/26 23:36:18] crowsnest:		device: /dev/video0
[04/05/26 23:36:18] crowsnest:		resolution: 640x480
[04/05/26 23:36:18] crowsnest:		max_fps: 15
[04/05/26 23:36:18] crowsnest: INFO: Detect available Devices
[04/05/26 23:36:18] crowsnest: ERROR: No usable Devices Found. Stopping crowsnest.
[04/05/26 23:36:38] crowsnest: crowsnest - A webcam Service for multiple Cams and Stream Services.
[04/05/26 23:36:38] crowsnest: Version: v4.1.17-1-g9cc3d4a
[04/05/26 23:36:38] crowsnest: Prepare Startup ...
[04/05/26 23:36:38] crowsnest: INFO: Host information:
[04/05/26 23:36:38] crowsnest: Host Info: Distribution: Debian GNU/Linux 12 (bookworm)
[04/05/26 23:36:38] crowsnest: Host Info: Release: MainsailOS release 2.2.2 (bookworm)
[04/05/26 23:36:38] crowsnest: Host Info: Kernel: Linux 6.12.75+rpt-rpi-v8 aarch64
[04/05/26 23:36:38] crowsnest: Host Info: Model:  Raspberry Pi 4 Model B Rev 1.1
[04/05/26 23:36:38] crowsnest: Host Info: Available CPU Cores: 4
[04/05/26 23:36:38] crowsnest: Host Info: Available Memory: 748988 kB
[04/05/26 23:36:38] crowsnest: Host Info: Diskspace (avail. / total): 5.7G / 15G
[04/05/26 23:36:38] crowsnest: INFO: Checking Dependencies
[04/05/26 23:36:38] crowsnest: Dependency: 'crudini' found in /usr/bin/crudini.
[04/05/26 23:36:38] crowsnest: Dependency: 'find' found in /usr/bin/find.
[04/05/26 23:36:38] crowsnest: Dependency: 'xargs' found in /usr/bin/xargs.
[04/05/26 23:36:38] crowsnest: Dependency: 'ustreamer' found in bin/ustreamer/src/ustreamer.bin.
[04/05/26 23:36:38] crowsnest: Dependency: 'camera-streamer' found in bin/camera-streamer/camera-streamer.
[04/05/26 23:36:38] crowsnest: Version Control: ustreamer is up to date. (v6.36)
[04/05/26 23:36:39] crowsnest: Version Control: camera-streamer is up to date. ((2f71a28))
[04/05/26 23:36:39] crowsnest: INFO: Print Configfile: '/home/jay/printer_data/config/crowsnest.conf'
[04/05/26 23:36:39] crowsnest:		[crowsnest]
[04/05/26 23:36:39] crowsnest:		log_path: /home/jay/printer_data/logs/crowsnest.log
[04/05/26 23:36:39] crowsnest:		log_level: verbose
[04/05/26 23:36:39] crowsnest:		delete_log: false
[04/05/26 23:36:39] crowsnest:		no_proxy: false
[04/05/26 23:36:39] crowsnest:		
[04/05/26 23:36:39] crowsnest:		[cam 1]
[04/05/26 23:36:39] crowsnest:		mode: ustreamer
[04/05/26 23:36:39] crowsnest:		
[04/05/26 23:36:39] crowsnest:		port: 8080
[04/05/26 23:36:39] crowsnest:		device: /dev/video0
[04/05/26 23:36:39] crowsnest:		resolution: 640x480
[04/05/26 23:36:39] crowsnest:		max_fps: 15
[04/05/26 23:36:39] crowsnest: INFO: Detect available Devices
[04/05/26 23:36:39] crowsnest: ERROR: No usable Devices Found. Stopping crowsnest.
[04/05/26 23:36:44] crowsnest: crowsnest - A webcam Service for multiple Cams and Stream Services.
[04/05/26 23:36:44] crowsnest: Version: v4.1.17-1-g9cc3d4a
[04/05/26 23:36:44] crowsnest: Prepare Startup ...
[04/05/26 23:36:44] crowsnest: INFO: Host information:
[04/05/26 23:36:44] crowsnest: Host Info: Distribution: Debian GNU/Linux 12 (bookworm)
[04/05/26 23:36:44] crowsnest: Host Info: Release: MainsailOS release 2.2.2 (bookworm)
[04/05/26 23:36:44] crowsnest: Host Info: Kernel: Linux 6.12.75+rpt-rpi-v8 aarch64
[04/05/26 23:36:44] crowsnest: Host Info: Model:  Raspberry Pi 4 Model B Rev 1.1
[04/05/26 23:36:44] crowsnest: Host Info: Available CPU Cores: 4
[04/05/26 23:36:44] crowsnest: Host Info: Available Memory: 748988 kB
[04/05/26 23:36:44] crowsnest: Host Info: Diskspace (avail. / total): 5.7G / 15G
[04/05/26 23:36:44] crowsnest: INFO: Checking Dependencies
[04/05/26 23:36:44] crowsnest: Dependency: 'crudini' found in /usr/bin/crudini.
[04/05/26 23:36:44] crowsnest: Dependency: 'find' found in /usr/bin/find.
[04/05/26 23:36:44] crowsnest: Dependency: 'xargs' found in /usr/bin/xargs.
[04/05/26 23:36:44] crowsnest: Dependency: 'ustreamer' found in bin/ustreamer/src/ustreamer.bin.
[04/05/26 23:36:44] crowsnest: Dependency: 'camera-streamer' found in bin/camera-streamer/camera-streamer.
[04/05/26 23:36:44] crowsnest: Version Control: ustreamer is up to date. (v6.36)
[04/05/26 23:36:45] crowsnest: Version Control: camera-streamer is up to date. ((2f71a28))
[04/05/26 23:36:45] crowsnest: INFO: Print Configfile: '/home/jay/printer_data/config/crowsnest.conf'
[04/05/26 23:36:45] crowsnest:		[crowsnest]
[04/05/26 23:36:45] crowsnest:		log_path: /home/jay/printer_data/logs/crowsnest.log
[04/05/26 23:36:45] crowsnest:		log_level: verbose
[04/05/26 23:36:45] crowsnest:		delete_log: false
[04/05/26 23:36:45] crowsnest:		no_proxy: false
[04/05/26 23:36:45] crowsnest:		
[04/05/26 23:36:45] crowsnest:		[cam 1]
[04/05/26 23:36:45] crowsnest:		mode: ustreamer
[04/05/26 23:36:45] crowsnest:		
[04/05/26 23:36:45] crowsnest:		port: 8080
[04/05/26 23:36:45] crowsnest:		device: /dev/video0
[04/05/26 23:36:45] crowsnest:		resolution: 640x480
[04/05/26 23:36:45] crowsnest:		max_fps: 15
[04/05/26 23:36:45] crowsnest: INFO: Detect available Devices
[04/05/26 23:36:45] crowsnest: ERROR: No usable Devices Found. Stopping crowsnest.
[04/05/26 23:36:50] crowsnest: crowsnest - A webcam Service for multiple Cams and Stream Services.
[04/05/26 23:36:50] crowsnest: Version: v4.1.17-1-g9cc3d4a
[04/05/26 23:36:50] crowsnest: Prepare Startup ...
[04/05/26 23:36:50] crowsnest: INFO: Host information:
[04/05/26 23:36:50] crowsnest: Host Info: Distribution: Debian GNU/Linux 12 (bookworm)
[04/05/26 23:36:50] crowsnest: Host Info: Release: MainsailOS release 2.2.2 (bookworm)
[04/05/26 23:36:50] crowsnest: Host Info: Kernel: Linux 6.12.75+rpt-rpi-v8 aarch64
[04/05/26 23:36:50] crowsnest: Host Info: Model:  Raspberry Pi 4 Model B Rev 1.1
[04/05/26 23:36:50] crowsnest: Host Info: Available CPU Cores: 4
[04/05/26 23:36:50] crowsnest: Host Info: Available Memory: 748988 kB
[04/05/26 23:36:50] crowsnest: Host Info: Diskspace (avail. / total): 5.7G / 15G
[04/05/26 23:36:50] crowsnest: INFO: Checking Dependencies
[04/05/26 23:36:50] crowsnest: Dependency: 'crudini' found in /usr/bin/crudini.
[04/05/26 23:36:50] crowsnest: Dependency: 'find' found in /usr/bin/find.
[04/05/26 23:36:50] crowsnest: Dependency: 'xargs' found in /usr/bin/xargs.
[04/05/26 23:36:50] crowsnest: Dependency: 'ustreamer' found in bin/ustreamer/src/ustreamer.bin.
[04/05/26 23:36:50] crowsnest: Dependency: 'camera-streamer' found in bin/camera-streamer/camera-streamer.
[04/05/26 23:36:51] crowsnest: Version Control: ustreamer is up to date. (v6.36)
[04/05/26 23:36:51] crowsnest: Version Control: camera-streamer is up to date. ((2f71a28))
[04/05/26 23:36:51] crowsnest: INFO: Print Configfile: '/home/jay/printer_data/config/crowsnest.conf'
[04/05/26 23:36:51] crowsnest:		[crowsnest]
[04/05/26 23:36:51] crowsnest:		log_path: /home/jay/printer_data/logs/crowsnest.log
[04/05/26 23:36:51] crowsnest:		log_level: verbose
[04/05/26 23:36:51] crowsnest:		delete_log: false
[04/05/26 23:36:51] crowsnest:		no_proxy: false
[04/05/26 23:36:51] crowsnest:		
[04/05/26 23:36:51] crowsnest:		[cam 1]
[04/05/26 23:36:51] crowsnest:		mode: ustreamer
[04/05/26 23:36:51] crowsnest:		
[04/05/26 23:36:51] crowsnest:		port: 8080
[04/05/26 23:36:51] crowsnest:		device: /dev/video0
[04/05/26 23:36:51] crowsnest:		resolution: 640x480
[04/05/26 23:36:51] crowsnest:		max_fps: 15
[04/05/26 23:36:51] crowsnest: INFO: Detect available Devices
[04/05/26 23:36:51] crowsnest: ERROR: No usable Devices Found. Stopping crowsnest.
[04/05/26 23:36:56] crowsnest: crowsnest - A webcam Service for multiple Cams and Stream Services.
[04/05/26 23:36:56] crowsnest: Version: v4.1.17-1-g9cc3d4a
[04/05/26 23:36:56] crowsnest: Prepare Startup ...
[04/05/26 23:36:56] crowsnest: INFO: Host information:
[04/05/26 23:36:56] crowsnest: Host Info: Distribution: Debian GNU/Linux 12 (bookworm)
[04/05/26 23:36:56] crowsnest: Host Info: Release: MainsailOS release 2.2.2 (bookworm)
[04/05/26 23:36:56] crowsnest: Host Info: Kernel: Linux 6.12.75+rpt-rpi-v8 aarch64
[04/05/26 23:36:56] crowsnest: Host Info: Model:  Raspberry Pi 4 Model B Rev 1.1
[04/05/26 23:36:56] crowsnest: Host Info: Available CPU Cores: 4
[04/05/26 23:36:56] crowsnest: Host Info: Available Memory: 748988 kB
[04/05/26 23:36:56] crowsnest: Host Info: Diskspace (avail. / total): 5.7G / 15G
[04/05/26 23:36:56] crowsnest: INFO: Checking Dependencies
[04/05/26 23:36:56] crowsnest: Dependency: 'crudini' found in /usr/bin/crudini.
[04/05/26 23:36:56] crowsnest: Dependency: 'find' found in /usr/bin/find.
[04/05/26 23:36:56] crowsnest: Dependency: 'xargs' found in /usr/bin/xargs.
[04/05/26 23:36:56] crowsnest: Dependency: 'ustreamer' found in bin/ustreamer/src/ustreamer.bin.
[04/05/26 23:36:57] crowsnest: Dependency: 'camera-streamer' found in bin/camera-streamer/camera-streamer.
[04/05/26 23:36:57] crowsnest: Version Control: ustreamer is up to date. (v6.36)
[04/05/26 23:36:57] crowsnest: Version Control: camera-streamer is up to date. ((2f71a28))
[04/05/26 23:36:57] crowsnest: INFO: Print Configfile: '/home/jay/printer_data/config/crowsnest.conf'
[04/05/26 23:36:57] crowsnest:		[crowsnest]
[04/05/26 23:36:57] crowsnest:		log_path: /home/jay/printer_data/logs/crowsnest.log
[04/05/26 23:36:57] crowsnest:		log_level: verbose
[04/05/26 23:36:57] crowsnest:		delete_log: false
[04/05/26 23:36:57] crowsnest:		no_proxy: false
[04/05/26 23:36:57] crowsnest:		
[04/05/26 23:36:57] crowsnest:		[cam 1]
[04/05/26 23:36:57] crowsnest:		mode: ustreamer
[04/05/26 23:36:57] crowsnest:		
[04/05/26 23:36:57] crowsnest:		port: 8080
[04/05/26 23:36:57] crowsnest:		device: /dev/video0
[04/05/26 23:36:57] crowsnest:		resolution: 640x480
[04/05/26 23:36:57] crowsnest:		max_fps: 15
[04/05/26 23:36:57] crowsnest: INFO: Detect available Devices
[04/05/26 23:36:57] crowsnest: ERROR: No usable Devices Found. Stopping crowsnest.
[05/18/26 18:50:07] crowsnest: crowsnest - A webcam Service for multiple Cams and Stream Services.
[05/18/26 18:50:07] crowsnest: Version: v4.1.17-1-g9cc3d4a
[05/18/26 18:50:07] crowsnest: Prepare Startup ...
[05/18/26 18:50:07] crowsnest: INFO: Host information:
[05/18/26 18:50:07] crowsnest: Host Info: Distribution: Debian GNU/Linux 12 (bookworm)
[05/18/26 18:50:07] crowsnest: Host Info: Release: MainsailOS release 2.2.2 (bookworm)
[05/18/26 18:50:07] crowsnest: Host Info: Kernel: Linux 6.12.75+rpt-rpi-v8 aarch64
[05/18/26 18:50:07] crowsnest: Host Info: Model:  Raspberry Pi 4 Model B Rev 1.1
[05/18/26 18:50:07] crowsnest: Host Info: Available CPU Cores: 4
[05/18/26 18:50:07] crowsnest: Host Info: Available Memory: 748988 kB
[05/18/26 18:50:07] crowsnest: Host Info: Diskspace (avail. / total): 5.6G / 15G
[05/18/26 18:50:07] crowsnest: INFO: Checking Dependencies
[05/18/26 18:50:07] crowsnest: Dependency: 'crudini' found in /usr/bin/crudini.
[05/18/26 18:50:08] crowsnest: Dependency: 'find' found in /usr/bin/find.
[05/18/26 18:50:08] crowsnest: Dependency: 'xargs' found in /usr/bin/xargs.
[05/18/26 18:50:08] crowsnest: Dependency: 'ustreamer' found in bin/ustreamer/src/ustreamer.bin.
[05/18/26 18:50:08] crowsnest: Dependency: 'camera-streamer' found in bin/camera-streamer/camera-streamer.
[05/18/26 18:50:08] crowsnest: Version Control: ustreamer is up to date. (v6.36)
[05/18/26 18:50:09] crowsnest: Version Control: camera-streamer is up to date. ((2f71a28))
[05/18/26 18:50:09] crowsnest: INFO: Print Configfile: '/home/jay/printer_data/config/crowsnest.conf'
[05/18/26 18:50:09] crowsnest:		[crowsnest]
[05/18/26 18:50:09] crowsnest:		log_path: /home/jay/printer_data/logs/crowsnest.log
[05/18/26 18:50:09] crowsnest:		log_level: verbose
[05/18/26 18:50:09] crowsnest:		delete_log: false
[05/18/26 18:50:09] crowsnest:		no_proxy: false
[05/18/26 18:50:09] crowsnest:		
[05/18/26 18:50:09] crowsnest:		[cam 1]
[05/18/26 18:50:09] crowsnest:		mode: ustreamer
[05/18/26 18:50:09] crowsnest:		
[05/18/26 18:50:09] crowsnest:		port: 8080
[05/18/26 18:50:09] crowsnest:		device: /dev/video0
[05/18/26 18:50:09] crowsnest:		resolution: 640x480
[05/18/26 18:50:09] crowsnest:		max_fps: 15
[05/18/26 18:50:09] crowsnest: INFO: Detect available Devices
[05/18/26 18:50:10] crowsnest: ERROR: No usable Devices Found. Stopping crowsnest.
[05/18/26 18:50:15] crowsnest: crowsnest - A webcam Service for multiple Cams and Stream Services.
[05/18/26 18:50:15] crowsnest: Version: v4.1.17-1-g9cc3d4a
[05/18/26 18:50:15] crowsnest: Prepare Startup ...
[05/18/26 18:50:15] crowsnest: INFO: Host information:
[05/18/26 18:50:16] crowsnest: Host Info: Distribution: Debian GNU/Linux 12 (bookworm)
[05/18/26 18:50:16] crowsnest: Host Info: Release: MainsailOS release 2.2.2 (bookworm)
[05/18/26 18:50:16] crowsnest: Host Info: Kernel: Linux 6.12.75+rpt-rpi-v8 aarch64
[05/18/26 18:50:16] crowsnest: Host Info: Model:  Raspberry Pi 4 Model B Rev 1.1
[05/18/26 18:50:16] crowsnest: Host Info: Available CPU Cores: 4
[05/18/26 18:50:16] crowsnest: Host Info: Available Memory: 748988 kB
[05/18/26 18:50:16] crowsnest: Host Info: Diskspace (avail. / total): 5.6G / 15G
[05/18/26 18:50:16] crowsnest: INFO: Checking Dependencies
[05/18/26 18:50:16] crowsnest: Dependency: 'crudini' found in /usr/bin/crudini.
[05/18/26 18:50:16] crowsnest: Dependency: 'find' found in /usr/bin/find.
[05/18/26 18:50:16] crowsnest: Dependency: 'xargs' found in /usr/bin/xargs.
[05/18/26 18:50:16] crowsnest: Dependency: 'ustreamer' found in bin/ustreamer/src/ustreamer.bin.
[05/18/26 18:50:16] crowsnest: Dependency: 'camera-streamer' found in bin/camera-streamer/camera-streamer.
[05/18/26 18:50:16] crowsnest: Version Control: ustreamer is up to date. (v6.36)
[05/18/26 18:50:16] crowsnest: Version Control: camera-streamer is up to date. ((2f71a28))
[05/18/26 18:50:16] crowsnest: INFO: Print Configfile: '/home/jay/printer_data/config/crowsnest.conf'
[05/18/26 18:50:16] crowsnest:		[crowsnest]
[05/18/26 18:50:16] crowsnest:		log_path: /home/jay/printer_data/logs/crowsnest.log
[05/18/26 18:50:16] crowsnest:		log_level: verbose
[05/18/26 18:50:16] crowsnest:		delete_log: false
[05/18/26 18:50:16] crowsnest:		no_proxy: false
[05/18/26 18:50:16] crowsnest:		
[05/18/26 18:50:16] crowsnest:		[cam 1]
[05/18/26 18:50:16] crowsnest:		mode: ustreamer
[05/18/26 18:50:16] crowsnest:		
[05/18/26 18:50:16] crowsnest:		port: 8080
[05/18/26 18:50:16] crowsnest:		device: /dev/video0
[05/18/26 18:50:16] crowsnest:		resolution: 640x480
[05/18/26 18:50:16] crowsnest:		max_fps: 15
[05/18/26 18:50:16] crowsnest: INFO: Detect available Devices
[05/18/26 18:50:16] crowsnest: ERROR: No usable Devices Found. Stopping crowsnest.
[05/18/26 18:50:22] crowsnest: crowsnest - A webcam Service for multiple Cams and Stream Services.
[05/18/26 18:50:22] crowsnest: Version: v4.1.17-1-g9cc3d4a
[05/18/26 18:50:22] crowsnest: Prepare Startup ...
[05/18/26 18:50:22] crowsnest: INFO: Host information:
[05/18/26 18:50:22] crowsnest: Host Info: Distribution: Debian GNU/Linux 12 (bookworm)
[05/18/26 18:50:22] crowsnest: Host Info: Release: MainsailOS release 2.2.2 (bookworm)
[05/18/26 18:50:22] crowsnest: Host Info: Kernel: Linux 6.12.75+rpt-rpi-v8 aarch64
[05/18/26 18:50:22] crowsnest: Host Info: Model:  Raspberry Pi 4 Model B Rev 1.1
[05/18/26 18:50:22] crowsnest: Host Info: Available CPU Cores: 4
[05/18/26 18:50:22] crowsnest: Host Info: Available Memory: 748988 kB
[05/18/26 18:50:22] crowsnest: Host Info: Diskspace (avail. / total): 5.6G / 15G
[05/18/26 18:50:22] crowsnest: INFO: Checking Dependencies
[05/18/26 18:50:22] crowsnest: Dependency: 'crudini' found in /usr/bin/crudini.
[05/18/26 18:50:22] crowsnest: Dependency: 'find' found in /usr/bin/find.
[05/18/26 18:50:22] crowsnest: Dependency: 'xargs' found in /usr/bin/xargs.
[05/18/26 18:50:22] crowsnest: Dependency: 'ustreamer' found in bin/ustreamer/src/ustreamer.bin.
[05/18/26 18:50:22] crowsnest: Dependency: 'camera-streamer' found in bin/camera-streamer/camera-streamer.
[05/18/26 18:50:22] crowsnest: Version Control: ustreamer is up to date. (v6.36)
[05/18/26 18:50:22] crowsnest: Version Control: camera-streamer is up to date. ((2f71a28))
[05/18/26 18:50:22] crowsnest: INFO: Print Configfile: '/home/jay/printer_data/config/crowsnest.conf'
[05/18/26 18:50:22] crowsnest:		[crowsnest]
[05/18/26 18:50:22] crowsnest:		log_path: /home/jay/printer_data/logs/crowsnest.log
[05/18/26 18:50:22] crowsnest:		log_level: verbose
[05/18/26 18:50:22] crowsnest:		delete_log: false
[05/18/26 18:50:22] crowsnest:		no_proxy: false
[05/18/26 18:50:22] crowsnest:		
[05/18/26 18:50:22] crowsnest:		[cam 1]
[05/18/26 18:50:22] crowsnest:		mode: ustreamer
[05/18/26 18:50:22] crowsnest:		
[05/18/26 18:50:22] crowsnest:		port: 8080
[05/18/26 18:50:22] crowsnest:		device: /dev/video0
[05/18/26 18:50:22] crowsnest:		resolution: 640x480
[05/18/26 18:50:22] crowsnest:		max_fps: 15
[05/18/26 18:50:22] crowsnest: INFO: Detect available Devices
[05/18/26 18:50:22] crowsnest: ERROR: No usable Devices Found. Stopping crowsnest.
[05/18/26 18:50:28] crowsnest: crowsnest - A webcam Service for multiple Cams and Stream Services.
[05/18/26 18:50:28] crowsnest: Version: v4.1.17-1-g9cc3d4a
[05/18/26 18:50:28] crowsnest: Prepare Startup ...
[05/18/26 18:50:28] crowsnest: INFO: Host information:
[05/18/26 18:50:28] crowsnest: Host Info: Distribution: Debian GNU/Linux 12 (bookworm)
[05/18/26 18:50:28] crowsnest: Host Info: Release: MainsailOS release 2.2.2 (bookworm)
[05/18/26 18:50:28] crowsnest: Host Info: Kernel: Linux 6.12.75+rpt-rpi-v8 aarch64
[05/18/26 18:50:28] crowsnest: Host Info: Model:  Raspberry Pi 4 Model B Rev 1.1
[05/18/26 18:50:28] crowsnest: Host Info: Available CPU Cores: 4
[05/18/26 18:50:28] crowsnest: Host Info: Available Memory: 748988 kB
[05/18/26 18:50:28] crowsnest: Host Info: Diskspace (avail. / total): 5.6G / 15G
[05/18/26 18:50:28] crowsnest: INFO: Checking Dependencies
[05/18/26 18:50:28] crowsnest: Dependency: 'crudini' found in /usr/bin/crudini.
[05/18/26 18:50:28] crowsnest: Dependency: 'find' found in /usr/bin/find.
[05/18/26 18:50:28] crowsnest: Dependency: 'xargs' found in /usr/bin/xargs.
[05/18/26 18:50:28] crowsnest: Dependency: 'ustreamer' found in bin/ustreamer/src/ustreamer.bin.
[05/18/26 18:50:28] crowsnest: Dependency: 'camera-streamer' found in bin/camera-streamer/camera-streamer.
[05/18/26 18:50:28] crowsnest: Version Control: ustreamer is up to date. (v6.36)
[05/18/26 18:50:28] crowsnest: Version Control: camera-streamer is up to date. ((2f71a28))
[05/18/26 18:50:28] crowsnest: INFO: Print Configfile: '/home/jay/printer_data/config/crowsnest.conf'
[05/18/26 18:50:28] crowsnest:		[crowsnest]
[05/18/26 18:50:28] crowsnest:		log_path: /home/jay/printer_data/logs/crowsnest.log
[05/18/26 18:50:28] crowsnest:		log_level: verbose
[05/18/26 18:50:28] crowsnest:		delete_log: false
[05/18/26 18:50:28] crowsnest:		no_proxy: false
[05/18/26 18:50:28] crowsnest:		
[05/18/26 18:50:28] crowsnest:		[cam 1]
[05/18/26 18:50:28] crowsnest:		mode: ustreamer
[05/18/26 18:50:28] crowsnest:		
[05/18/26 18:50:28] crowsnest:		port: 8080
[05/18/26 18:50:28] crowsnest:		device: /dev/video0
[05/18/26 18:50:28] crowsnest:		resolution: 640x480
[05/18/26 18:50:28] crowsnest:		max_fps: 15
[05/18/26 18:50:28] crowsnest: INFO: Detect available Devices
[05/18/26 18:50:28] crowsnest: ERROR: No usable Devices Found. Stopping crowsnest.
[05/18/26 18:50:34] crowsnest: crowsnest - A webcam Service for multiple Cams and Stream Services.
[05/18/26 18:50:34] crowsnest: Version: v4.1.17-1-g9cc3d4a
[05/18/26 18:50:34] crowsnest: Prepare Startup ...
[05/18/26 18:50:34] crowsnest: INFO: Host information:
[05/18/26 18:50:34] crowsnest: Host Info: Distribution: Debian GNU/Linux 12 (bookworm)
[05/18/26 18:50:34] crowsnest: Host Info: Release: MainsailOS release 2.2.2 (bookworm)
[05/18/26 18:50:34] crowsnest: Host Info: Kernel: Linux 6.12.75+rpt-rpi-v8 aarch64
[05/18/26 18:50:34] crowsnest: Host Info: Model:  Raspberry Pi 4 Model B Rev 1.1
[05/18/26 18:50:34] crowsnest: Host Info: Available CPU Cores: 4
[05/18/26 18:50:34] crowsnest: Host Info: Available Memory: 748988 kB
[05/18/26 18:50:34] crowsnest: Host Info: Diskspace (avail. / total): 5.6G / 15G
[05/18/26 18:50:34] crowsnest: INFO: Checking Dependencies
[05/18/26 18:50:34] crowsnest: Dependency: 'crudini' found in /usr/bin/crudini.
[05/18/26 18:50:34] crowsnest: Dependency: 'find' found in /usr/bin/find.
[05/18/26 18:50:34] crowsnest: Dependency: 'xargs' found in /usr/bin/xargs.
[05/18/26 18:50:34] crowsnest: Dependency: 'ustreamer' found in bin/ustreamer/src/ustreamer.bin.
[05/18/26 18:50:34] crowsnest: Dependency: 'camera-streamer' found in bin/camera-streamer/camera-streamer.
[05/18/26 18:50:34] crowsnest: Version Control: ustreamer is up to date. (v6.36)
[05/18/26 18:50:34] crowsnest: Version Control: camera-streamer is up to date. ((2f71a28))
[05/18/26 18:50:34] crowsnest: INFO: Print Configfile: '/home/jay/printer_data/config/crowsnest.conf'
[05/18/26 18:50:34] crowsnest:		[crowsnest]
[05/18/26 18:50:34] crowsnest:		log_path: /home/jay/printer_data/logs/crowsnest.log
[05/18/26 18:50:34] crowsnest:		log_level: verbose
[05/18/26 18:50:34] crowsnest:		delete_log: false
[05/18/26 18:50:34] crowsnest:		no_proxy: false
[05/18/26 18:50:34] crowsnest:		
[05/18/26 18:50:34] crowsnest:		[cam 1]
[05/18/26 18:50:34] crowsnest:		mode: ustreamer
[05/18/26 18:50:34] crowsnest:		
[05/18/26 18:50:34] crowsnest:		port: 8080
[05/18/26 18:50:34] crowsnest:		device: /dev/video0
[05/18/26 18:50:34] crowsnest:		resolution: 640x480
[05/18/26 18:50:34] crowsnest:		max_fps: 15
[05/18/26 18:50:34] crowsnest: INFO: Detect available Devices
[05/18/26 18:50:34] crowsnest: ERROR: No usable Devices Found. Stopping crowsnest.
[05/18/26 18:50:40] crowsnest: crowsnest - A webcam Service for multiple Cams and Stream Services.
[05/18/26 18:50:40] crowsnest: Version: v4.1.17-1-g9cc3d4a
[05/18/26 18:50:40] crowsnest: Prepare Startup ...
[05/18/26 18:50:40] crowsnest: INFO: Host information:
[05/18/26 18:50:40] crowsnest: Host Info: Distribution: Debian GNU/Linux 12 (bookworm)
[05/18/26 18:50:40] crowsnest: Host Info: Release: MainsailOS release 2.2.2 (bookworm)
[05/18/26 18:50:40] crowsnest: Host Info: Kernel: Linux 6.12.75+rpt-rpi-v8 aarch64
[05/18/26 18:50:40] crowsnest: Host Info: Model:  Raspberry Pi 4 Model B Rev 1.1
[05/18/26 18:50:40] crowsnest: Host Info: Available CPU Cores: 4
[05/18/26 18:50:40] crowsnest: Host Info: Available Memory: 748988 kB
[05/18/26 18:50:40] crowsnest: Host Info: Diskspace (avail. / total): 5.6G / 15G
[05/18/26 18:50:40] crowsnest: INFO: Checking Dependencies
[05/18/26 18:50:40] crowsnest: Dependency: 'crudini' found in /usr/bin/crudini.
[05/18/26 18:50:40] crowsnest: Dependency: 'find' found in /usr/bin/find.
[05/18/26 18:50:40] crowsnest: Dependency: 'xargs' found in /usr/bin/xargs.
[05/18/26 18:50:40] crowsnest: Dependency: 'ustreamer' found in bin/ustreamer/src/ustreamer.bin.
[05/18/26 18:50:40] crowsnest: Dependency: 'camera-streamer' found in bin/camera-streamer/camera-streamer.
[05/18/26 18:50:40] crowsnest: Version Control: ustreamer is up to date. (v6.36)
[05/18/26 18:50:40] crowsnest: Version Control: camera-streamer is up to date. ((2f71a28))
[05/18/26 18:50:40] crowsnest: INFO: Print Configfile: '/home/jay/printer_data/config/crowsnest.conf'
[05/18/26 18:50:40] crowsnest:		[crowsnest]
[05/18/26 18:50:40] crowsnest:		log_path: /home/jay/printer_data/logs/crowsnest.log
[05/18/26 18:50:40] crowsnest:		log_level: verbose
[05/18/26 18:50:40] crowsnest:		delete_log: false
[05/18/26 18:50:40] crowsnest:		no_proxy: false
[05/18/26 18:50:40] crowsnest:		
[05/18/26 18:50:40] crowsnest:		[cam 1]
[05/18/26 18:50:40] crowsnest:		mode: ustreamer
[05/18/26 18:50:40] crowsnest:		
[05/18/26 18:50:40] crowsnest:		port: 8080
[05/18/26 18:50:40] crowsnest:		device: /dev/video0
[05/18/26 18:50:40] crowsnest:		resolution: 640x480
[05/18/26 18:50:40] crowsnest:		max_fps: 15
[05/18/26 18:50:40] crowsnest: INFO: Detect available Devices
[05/18/26 18:50:40] crowsnest: ERROR: No usable Devices Found. Stopping crowsnest.
[05/18/26 18:50:46] crowsnest: crowsnest - A webcam Service for multiple Cams and Stream Services.
[05/18/26 18:50:46] crowsnest: Version: v4.1.17-1-g9cc3d4a
[05/18/26 18:50:46] crowsnest: Prepare Startup ...
[05/18/26 18:50:46] crowsnest: INFO: Host information:
[05/18/26 18:50:46] crowsnest: Host Info: Distribution: Debian GNU/Linux 12 (bookworm)
[05/18/26 18:50:46] crowsnest: Host Info: Release: MainsailOS release 2.2.2 (bookworm)
[05/18/26 18:50:46] crowsnest: Host Info: Kernel: Linux 6.12.75+rpt-rpi-v8 aarch64
[05/18/26 18:50:46] crowsnest: Host Info: Model:  Raspberry Pi 4 Model B Rev 1.1
[05/18/26 18:50:46] crowsnest: Host Info: Available CPU Cores: 4
[05/18/26 18:50:46] crowsnest: Host Info: Available Memory: 748988 kB
[05/18/26 18:50:46] crowsnest: Host Info: Diskspace (avail. / total): 5.6G / 15G
[05/18/26 18:50:46] crowsnest: INFO: Checking Dependencies
[05/18/26 18:50:46] crowsnest: Dependency: 'crudini' found in /usr/bin/crudini.
[05/18/26 18:50:46] crowsnest: Dependency: 'find' found in /usr/bin/find.
[05/18/26 18:50:46] crowsnest: Dependency: 'xargs' found in /usr/bin/xargs.
[05/18/26 18:50:46] crowsnest: Dependency: 'ustreamer' found in bin/ustreamer/src/ustreamer.bin.
[05/18/26 18:50:46] crowsnest: Dependency: 'camera-streamer' found in bin/camera-streamer/camera-streamer.
[05/18/26 18:50:46] crowsnest: Version Control: ustreamer is up to date. (v6.36)
[05/18/26 18:50:46] crowsnest: Version Control: camera-streamer is up to date. ((2f71a28))
[05/18/26 18:50:46] crowsnest: INFO: Print Configfile: '/home/jay/printer_data/config/crowsnest.conf'
[05/18/26 18:50:46] crowsnest:		[crowsnest]
[05/18/26 18:50:46] crowsnest:		log_path: /home/jay/printer_data/logs/crowsnest.log
[05/18/26 18:50:46] crowsnest:		log_level: verbose
[05/18/26 18:50:46] crowsnest:		delete_log: false
[05/18/26 18:50:46] crowsnest:		no_proxy: false
[05/18/26 18:50:46] crowsnest:		
[05/18/26 18:50:46] crowsnest:		[cam 1]
[05/18/26 18:50:46] crowsnest:		mode: ustreamer
[05/18/26 18:50:46] crowsnest:		
[05/18/26 18:50:46] crowsnest:		port: 8080
[05/18/26 18:50:46] crowsnest:		device: /dev/video0
[05/18/26 18:50:46] crowsnest:		resolution: 640x480
[05/18/26 18:50:46] crowsnest:		max_fps: 15
[05/18/26 18:50:46] crowsnest: INFO: Detect available Devices
[05/18/26 18:50:46] crowsnest: ERROR: No usable Devices Found. Stopping crowsnest.
[05/18/26 18:51:52] crowsnest: crowsnest - A webcam Service for multiple Cams and Stream Services.
[05/18/26 18:51:52] crowsnest: Version: v4.1.17-1-g9cc3d4a
[05/18/26 18:51:52] crowsnest: Prepare Startup ...
[05/18/26 18:51:52] crowsnest: INFO: Host information:
[05/18/26 18:51:52] crowsnest: Host Info: Distribution: Debian GNU/Linux 12 (bookworm)
[05/18/26 18:51:52] crowsnest: Host Info: Release: MainsailOS release 2.2.2 (bookworm)
[05/18/26 18:51:52] crowsnest: Host Info: Kernel: Linux 6.12.75+rpt-rpi-v8 aarch64
[05/18/26 18:51:52] crowsnest: Host Info: Model:  Raspberry Pi 4 Model B Rev 1.1
[05/18/26 18:51:52] crowsnest: Host Info: Available CPU Cores: 4
[05/18/26 18:51:52] crowsnest: Host Info: Available Memory: 748988 kB
[05/18/26 18:51:52] crowsnest: Host Info: Diskspace (avail. / total): 5.6G / 15G
[05/18/26 18:51:52] crowsnest: INFO: Checking Dependencies
[05/18/26 18:51:52] crowsnest: Dependency: 'crudini' found in /usr/bin/crudini.
[05/18/26 18:51:52] crowsnest: Dependency: 'find' found in /usr/bin/find.
[05/18/26 18:51:52] crowsnest: Dependency: 'xargs' found in /usr/bin/xargs.
[05/18/26 18:51:52] crowsnest: Dependency: 'ustreamer' found in bin/ustreamer/src/ustreamer.bin.
[05/18/26 18:51:52] crowsnest: Dependency: 'camera-streamer' found in bin/camera-streamer/camera-streamer.
[05/18/26 18:51:52] crowsnest: Version Control: ustreamer is up to date. (v6.36)
[05/18/26 18:51:52] crowsnest: Version Control: camera-streamer is up to date. ((2f71a28))
[05/18/26 18:51:52] crowsnest: INFO: Print Configfile: '/home/jay/printer_data/config/crowsnest.conf'
[05/18/26 18:51:52] crowsnest:		[crowsnest]
[05/18/26 18:51:52] crowsnest:		log_path: /home/jay/printer_data/logs/crowsnest.log
[05/18/26 18:51:52] crowsnest:		log_level: verbose
[05/18/26 18:51:52] crowsnest:		delete_log: false
[05/18/26 18:51:52] crowsnest:		no_proxy: false
[05/18/26 18:51:52] crowsnest:		
[05/18/26 18:51:52] crowsnest:		[cam 1]
[05/18/26 18:51:52] crowsnest:		mode: ustreamer
[05/18/26 18:51:52] crowsnest:		
[05/18/26 18:51:52] crowsnest:		port: 8080
[05/18/26 18:51:52] crowsnest:		device: /dev/video0
[05/18/26 18:51:52] crowsnest:		resolution: 640x480
[05/18/26 18:51:52] crowsnest:		max_fps: 15
[05/18/26 18:51:52] crowsnest: INFO: Detect available Devices
[05/18/26 18:51:52] crowsnest: ERROR: No usable Devices Found. Stopping crowsnest.
[05/18/26 18:51:58] crowsnest: crowsnest - A webcam Service for multiple Cams and Stream Services.
[05/18/26 18:51:58] crowsnest: Version: v4.1.17-1-g9cc3d4a
[05/18/26 18:51:58] crowsnest: Prepare Startup ...
[05/18/26 18:51:58] crowsnest: INFO: Host information:
[05/18/26 18:51:58] crowsnest: Host Info: Distribution: Debian GNU/Linux 12 (bookworm)
[05/18/26 18:51:58] crowsnest: Host Info: Release: MainsailOS release 2.2.2 (bookworm)
[05/18/26 18:51:58] crowsnest: Host Info: Kernel: Linux 6.12.75+rpt-rpi-v8 aarch64
[05/18/26 18:51:58] crowsnest: Host Info: Model:  Raspberry Pi 4 Model B Rev 1.1
[05/18/26 18:51:58] crowsnest: Host Info: Available CPU Cores: 4
[05/18/26 18:51:58] crowsnest: Host Info: Available Memory: 748988 kB
[05/18/26 18:51:58] crowsnest: Host Info: Diskspace (avail. / total): 5.6G / 15G
[05/18/26 18:51:58] crowsnest: INFO: Checking Dependencies
[05/18/26 18:51:58] crowsnest: Dependency: 'crudini' found in /usr/bin/crudini.
[05/18/26 18:51:58] crowsnest: Dependency: 'find' found in /usr/bin/find.
[05/18/26 18:51:58] crowsnest: Dependency: 'xargs' found in /usr/bin/xargs.
[05/18/26 18:51:58] crowsnest: Dependency: 'ustreamer' found in bin/ustreamer/src/ustreamer.bin.
[05/18/26 18:51:58] crowsnest: Dependency: 'camera-streamer' found in bin/camera-streamer/camera-streamer.
[05/18/26 18:51:58] crowsnest: Version Control: ustreamer is up to date. (v6.36)
[05/18/26 18:51:58] crowsnest: Version Control: camera-streamer is up to date. ((2f71a28))
[05/18/26 18:51:58] crowsnest: INFO: Print Configfile: '/home/jay/printer_data/config/crowsnest.conf'
[05/18/26 18:51:58] crowsnest:		[crowsnest]
[05/18/26 18:51:58] crowsnest:		log_path: /home/jay/printer_data/logs/crowsnest.log
[05/18/26 18:51:58] crowsnest:		log_level: verbose
[05/18/26 18:51:58] crowsnest:		delete_log: false
[05/18/26 18:51:58] crowsnest:		no_proxy: false
[05/18/26 18:51:58] crowsnest:		
[05/18/26 18:51:58] crowsnest:		[cam 1]
[05/18/26 18:51:58] crowsnest:		mode: ustreamer
[05/18/26 18:51:58] crowsnest:		
[05/18/26 18:51:58] crowsnest:		port: 8080
[05/18/26 18:51:58] crowsnest:		device: /dev/video0
[05/18/26 18:51:58] crowsnest:		resolution: 640x480
[05/18/26 18:51:58] crowsnest:		max_fps: 15
[05/18/26 18:51:58] crowsnest: INFO: Detect available Devices
[05/18/26 18:51:58] crowsnest: ERROR: No usable Devices Found. Stopping crowsnest.
[05/18/26 18:52:04] crowsnest: crowsnest - A webcam Service for multiple Cams and Stream Services.
[05/18/26 18:52:04] crowsnest: Version: v4.1.17-1-g9cc3d4a
[05/18/26 18:52:04] crowsnest: Prepare Startup ...
[05/18/26 18:52:04] crowsnest: INFO: Host information:
[05/18/26 18:52:04] crowsnest: Host Info: Distribution: Debian GNU/Linux 12 (bookworm)
[05/18/26 18:52:04] crowsnest: Host Info: Release: MainsailOS release 2.2.2 (bookworm)
[05/18/26 18:52:04] crowsnest: Host Info: Kernel: Linux 6.12.75+rpt-rpi-v8 aarch64
[05/18/26 18:52:04] crowsnest: Host Info: Model:  Raspberry Pi 4 Model B Rev 1.1
[05/18/26 18:52:04] crowsnest: Host Info: Available CPU Cores: 4
[05/18/26 18:52:04] crowsnest: Host Info: Available Memory: 748988 kB
[05/18/26 18:52:04] crowsnest: Host Info: Diskspace (avail. / total): 5.6G / 15G
[05/18/26 18:52:04] crowsnest: INFO: Checking Dependencies
[05/18/26 18:52:04] crowsnest: Dependency: 'crudini' found in /usr/bin/crudini.
[05/18/26 18:52:04] crowsnest: Dependency: 'find' found in /usr/bin/find.
[05/18/26 18:52:04] crowsnest: Dependency: 'xargs' found in /usr/bin/xargs.
[05/18/26 18:52:04] crowsnest: Dependency: 'ustreamer' found in bin/ustreamer/src/ustreamer.bin.
[05/18/26 18:52:04] crowsnest: Dependency: 'camera-streamer' found in bin/camera-streamer/camera-streamer.
[05/18/26 18:52:04] crowsnest: Version Control: ustreamer is up to date. (v6.36)
[05/18/26 18:52:04] crowsnest: Version Control: camera-streamer is up to date. ((2f71a28))
[05/18/26 18:52:04] crowsnest: INFO: Print Configfile: '/home/jay/printer_data/config/crowsnest.conf'
[05/18/26 18:52:04] crowsnest:		[crowsnest]
[05/18/26 18:52:04] crowsnest:		log_path: /home/jay/printer_data/logs/crowsnest.log
[05/18/26 18:52:04] crowsnest:		log_level: verbose
[05/18/26 18:52:04] crowsnest:		delete_log: false
[05/18/26 18:52:04] crowsnest:		no_proxy: false
[05/18/26 18:52:04] crowsnest:		
[05/18/26 18:52:04] crowsnest:		[cam 1]
[05/18/26 18:52:04] crowsnest:		mode: ustreamer
[05/18/26 18:52:04] crowsnest:		
[05/18/26 18:52:04] crowsnest:		port: 8080
[05/18/26 18:52:04] crowsnest:		device: /dev/video0
[05/18/26 18:52:04] crowsnest:		resolution: 640x480
[05/18/26 18:52:04] crowsnest:		max_fps: 15
[05/18/26 18:52:04] crowsnest: INFO: Detect available Devices
[05/18/26 18:52:04] crowsnest: ERROR: No usable Devices Found. Stopping crowsnest.
[05/22/26 09:41:31] crowsnest: crowsnest - A webcam Service for multiple Cams and Stream Services.
[05/22/26 09:41:32] crowsnest: Version: v4.1.17-1-g9cc3d4a
[05/22/26 09:41:32] crowsnest: Prepare Startup ...
[05/22/26 09:41:32] crowsnest: INFO: Host information:
[05/22/26 09:41:32] crowsnest: Host Info: Distribution: Debian GNU/Linux 12 (bookworm)
[05/22/26 09:41:32] crowsnest: Host Info: Release: MainsailOS release 2.2.2 (bookworm)
[05/22/26 09:41:32] crowsnest: Host Info: Kernel: Linux 6.12.75+rpt-rpi-v8 aarch64
[05/22/26 09:41:32] crowsnest: Host Info: Model:  Raspberry Pi 4 Model B Rev 1.1
[05/22/26 09:41:32] crowsnest: Host Info: Available CPU Cores: 4
[05/22/26 09:41:32] crowsnest: Host Info: Available Memory: 748988 kB
[05/22/26 09:41:32] crowsnest: Host Info: Diskspace (avail. / total): 5.7G / 15G
[05/22/26 09:41:32] crowsnest: INFO: Checking Dependencies
[05/22/26 09:41:32] crowsnest: Dependency: 'crudini' found in /usr/bin/crudini.
[05/22/26 09:41:32] crowsnest: Dependency: 'find' found in /usr/bin/find.
[05/22/26 09:41:32] crowsnest: Dependency: 'xargs' found in /usr/bin/xargs.
[05/22/26 09:41:32] crowsnest: Dependency: 'ustreamer' found in bin/ustreamer/src/ustreamer.bin.
[05/22/26 09:41:32] crowsnest: Dependency: 'camera-streamer' found in bin/camera-streamer/camera-streamer.
[05/22/26 09:41:32] crowsnest: Version Control: ustreamer is up to date. (v6.36)
[05/22/26 09:41:34] crowsnest: Version Control: camera-streamer is up to date. ((2f71a28))
[05/22/26 09:41:34] crowsnest: INFO: Print Configfile: '/home/jay/printer_data/config/crowsnest.conf'
[05/22/26 09:41:34] crowsnest:		[crowsnest]
[05/22/26 09:41:34] crowsnest:		log_path: /home/jay/printer_data/logs/crowsnest.log
[05/22/26 09:41:34] crowsnest:		log_level: verbose
[05/22/26 09:41:34] crowsnest:		delete_log: false
[05/22/26 09:41:34] crowsnest:		no_proxy: false
[05/22/26 09:41:34] crowsnest:		
[05/22/26 09:41:34] crowsnest:		[cam 1]
[05/22/26 09:41:34] crowsnest:		mode: ustreamer
[05/22/26 09:41:34] crowsnest:		
[05/22/26 09:41:34] crowsnest:		port: 8080
[05/22/26 09:41:34] crowsnest:		device: /dev/video0
[05/22/26 09:41:34] crowsnest:		resolution: 640x480
[05/22/26 09:41:34] crowsnest:		max_fps: 15
[05/22/26 09:41:34] crowsnest: INFO: Detect available Devices
[05/22/26 09:41:35] crowsnest: ERROR: No usable Devices Found. Stopping crowsnest.
[05/22/26 09:41:40] crowsnest: crowsnest - A webcam Service for multiple Cams and Stream Services.
[05/22/26 09:41:40] crowsnest: Version: v4.1.17-1-g9cc3d4a
[05/22/26 09:41:40] crowsnest: Prepare Startup ...
[05/22/26 09:41:40] crowsnest: INFO: Host information:
[05/22/26 09:41:40] crowsnest: Host Info: Distribution: Debian GNU/Linux 12 (bookworm)
[05/22/26 09:41:40] crowsnest: Host Info: Release: MainsailOS release 2.2.2 (bookworm)
[05/22/26 09:41:40] crowsnest: Host Info: Kernel: Linux 6.12.75+rpt-rpi-v8 aarch64
[05/22/26 09:41:40] crowsnest: Host Info: Model:  Raspberry Pi 4 Model B Rev 1.1
[05/22/26 09:41:40] crowsnest: Host Info: Available CPU Cores: 4
[05/22/26 09:41:40] crowsnest: Host Info: Available Memory: 748988 kB
[05/22/26 09:41:40] crowsnest: Host Info: Diskspace (avail. / total): 5.7G / 15G
[05/22/26 09:41:40] crowsnest: INFO: Checking Dependencies
[05/22/26 09:41:40] crowsnest: Dependency: 'crudini' found in /usr/bin/crudini.
[05/22/26 09:41:40] crowsnest: Dependency: 'find' found in /usr/bin/find.
[05/22/26 09:41:40] crowsnest: Dependency: 'xargs' found in /usr/bin/xargs.
[05/22/26 09:41:40] crowsnest: Dependency: 'ustreamer' found in bin/ustreamer/src/ustreamer.bin.
[05/22/26 09:41:40] crowsnest: Dependency: 'camera-streamer' found in bin/camera-streamer/camera-streamer.
[05/22/26 09:41:40] crowsnest: Version Control: ustreamer is up to date. (v6.36)
[05/22/26 09:41:41] crowsnest: Version Control: camera-streamer is up to date. ((2f71a28))
[05/22/26 09:41:41] crowsnest: INFO: Print Configfile: '/home/jay/printer_data/config/crowsnest.conf'
[05/22/26 09:41:41] crowsnest:		[crowsnest]
[05/22/26 09:41:41] crowsnest:		log_path: /home/jay/printer_data/logs/crowsnest.log
[05/22/26 09:41:41] crowsnest:		log_level: verbose
[05/22/26 09:41:41] crowsnest:		delete_log: false
[05/22/26 09:41:41] crowsnest:		no_proxy: false
[05/22/26 09:41:41] crowsnest:		
[05/22/26 09:41:41] crowsnest:		[cam 1]
[05/22/26 09:41:41] crowsnest:		mode: ustreamer
[05/22/26 09:41:41] crowsnest:		
[05/22/26 09:41:41] crowsnest:		port: 8080
[05/22/26 09:41:41] crowsnest:		device: /dev/video0
[05/22/26 09:41:41] crowsnest:		resolution: 640x480
[05/22/26 09:41:41] crowsnest:		max_fps: 15
[05/22/26 09:41:41] crowsnest: INFO: Detect available Devices
[05/22/26 09:41:41] crowsnest: ERROR: No usable Devices Found. Stopping crowsnest.
[05/22/26 09:41:46] crowsnest: crowsnest - A webcam Service for multiple Cams and Stream Services.
[05/22/26 09:41:46] crowsnest: Version: v4.1.17-1-g9cc3d4a
[05/22/26 09:41:46] crowsnest: Prepare Startup ...
[05/22/26 09:41:46] crowsnest: INFO: Host information:
[05/22/26 09:41:46] crowsnest: Host Info: Distribution: Debian GNU/Linux 12 (bookworm)
[05/22/26 09:41:46] crowsnest: Host Info: Release: MainsailOS release 2.2.2 (bookworm)
[05/22/26 09:41:46] crowsnest: Host Info: Kernel: Linux 6.12.75+rpt-rpi-v8 aarch64
[05/22/26 09:41:46] crowsnest: Host Info: Model:  Raspberry Pi 4 Model B Rev 1.1
[05/22/26 09:41:46] crowsnest: Host Info: Available CPU Cores: 4
[05/22/26 09:41:46] crowsnest: Host Info: Available Memory: 748988 kB
[05/22/26 09:41:46] crowsnest: Host Info: Diskspace (avail. / total): 5.7G / 15G
[05/22/26 09:41:46] crowsnest: INFO: Checking Dependencies
[05/22/26 09:41:46] crowsnest: Dependency: 'crudini' found in /usr/bin/crudini.
[05/22/26 09:41:46] crowsnest: Dependency: 'find' found in /usr/bin/find.
[05/22/26 09:41:46] crowsnest: Dependency: 'xargs' found in /usr/bin/xargs.
[05/22/26 09:41:46] crowsnest: Dependency: 'ustreamer' found in bin/ustreamer/src/ustreamer.bin.
[05/22/26 09:41:46] crowsnest: Dependency: 'camera-streamer' found in bin/camera-streamer/camera-streamer.
[05/22/26 09:41:46] crowsnest: Version Control: ustreamer is up to date. (v6.36)
[05/22/26 09:41:47] crowsnest: Version Control: camera-streamer is up to date. ((2f71a28))
[05/22/26 09:41:47] crowsnest: INFO: Print Configfile: '/home/jay/printer_data/config/crowsnest.conf'
[05/22/26 09:41:47] crowsnest:		[crowsnest]
[05/22/26 09:41:47] crowsnest:		log_path: /home/jay/printer_data/logs/crowsnest.log
[05/22/26 09:41:47] crowsnest:		log_level: verbose
[05/22/26 09:41:47] crowsnest:		delete_log: false
[05/22/26 09:41:47] crowsnest:		no_proxy: false
[05/22/26 09:41:47] crowsnest:		
[05/22/26 09:41:47] crowsnest:		[cam 1]
[05/22/26 09:41:47] crowsnest:		mode: ustreamer
[05/22/26 09:41:47] crowsnest:		
[05/22/26 09:41:47] crowsnest:		port: 8080
[05/22/26 09:41:47] crowsnest:		device: /dev/video0
[05/22/26 09:41:47] crowsnest:		resolution: 640x480
[05/22/26 09:41:47] crowsnest:		max_fps: 15
[05/22/26 09:41:47] crowsnest: INFO: Detect available Devices
[05/22/26 09:41:47] crowsnest: ERROR: No usable Devices Found. Stopping crowsnest.
[05/22/26 09:41:52] crowsnest: crowsnest - A webcam Service for multiple Cams and Stream Services.
[05/22/26 09:41:52] crowsnest: Version: v4.1.17-1-g9cc3d4a
[05/22/26 09:41:52] crowsnest: Prepare Startup ...
[05/22/26 09:41:52] crowsnest: INFO: Host information:
[05/22/26 09:41:52] crowsnest: Host Info: Distribution: Debian GNU/Linux 12 (bookworm)
[05/22/26 09:41:52] crowsnest: Host Info: Release: MainsailOS release 2.2.2 (bookworm)
[05/22/26 09:41:52] crowsnest: Host Info: Kernel: Linux 6.12.75+rpt-rpi-v8 aarch64
[05/22/26 09:41:52] crowsnest: Host Info: Model:  Raspberry Pi 4 Model B Rev 1.1
[05/22/26 09:41:52] crowsnest: Host Info: Available CPU Cores: 4
[05/22/26 09:41:52] crowsnest: Host Info: Available Memory: 748988 kB
[05/22/26 09:41:52] crowsnest: Host Info: Diskspace (avail. / total): 5.7G / 15G
[05/22/26 09:41:52] crowsnest: INFO: Checking Dependencies
[05/22/26 09:41:52] crowsnest: Dependency: 'crudini' found in /usr/bin/crudini.
[05/22/26 09:41:52] crowsnest: Dependency: 'find' found in /usr/bin/find.
[05/22/26 09:41:52] crowsnest: Dependency: 'xargs' found in /usr/bin/xargs.
[05/22/26 09:41:52] crowsnest: Dependency: 'ustreamer' found in bin/ustreamer/src/ustreamer.bin.
[05/22/26 09:41:52] crowsnest: Dependency: 'camera-streamer' found in bin/camera-streamer/camera-streamer.
[05/22/26 09:41:52] crowsnest: Version Control: ustreamer is up to date. (v6.36)
[05/22/26 09:41:53] crowsnest: Version Control: camera-streamer is up to date. ((2f71a28))
[05/22/26 09:41:53] crowsnest: INFO: Print Configfile: '/home/jay/printer_data/config/crowsnest.conf'
[05/22/26 09:41:53] crowsnest:		[crowsnest]
[05/22/26 09:41:53] crowsnest:		log_path: /home/jay/printer_data/logs/crowsnest.log
[05/22/26 09:41:53] crowsnest:		log_level: verbose
[05/22/26 09:41:53] crowsnest:		delete_log: false
[05/22/26 09:41:53] crowsnest:		no_proxy: false
[05/22/26 09:41:53] crowsnest:		
[05/22/26 09:41:53] crowsnest:		[cam 1]
[05/22/26 09:41:53] crowsnest:		mode: ustreamer
[05/22/26 09:41:53] crowsnest:		
[05/22/26 09:41:53] crowsnest:		port: 8080
[05/22/26 09:41:53] crowsnest:		device: /dev/video0
[05/22/26 09:41:53] crowsnest:		resolution: 640x480
[05/22/26 09:41:53] crowsnest:		max_fps: 15
[05/22/26 09:41:53] crowsnest: INFO: Detect available Devices
[05/22/26 09:41:53] crowsnest: ERROR: No usable Devices Found. Stopping crowsnest.
[05/22/26 09:41:58] crowsnest: crowsnest - A webcam Service for multiple Cams and Stream Services.
[05/22/26 09:41:58] crowsnest: Version: v4.1.17-1-g9cc3d4a
[05/22/26 09:41:58] crowsnest: Prepare Startup ...
[05/22/26 09:41:58] crowsnest: INFO: Host information:
[05/22/26 09:41:58] crowsnest: Host Info: Distribution: Debian GNU/Linux 12 (bookworm)
[05/22/26 09:41:58] crowsnest: Host Info: Release: MainsailOS release 2.2.2 (bookworm)
[05/22/26 09:41:58] crowsnest: Host Info: Kernel: Linux 6.12.75+rpt-rpi-v8 aarch64
[05/22/26 09:41:58] crowsnest: Host Info: Model:  Raspberry Pi 4 Model B Rev 1.1
[05/22/26 09:41:58] crowsnest: Host Info: Available CPU Cores: 4
[05/22/26 09:41:58] crowsnest: Host Info: Available Memory: 748988 kB
[05/22/26 09:41:58] crowsnest: Host Info: Diskspace (avail. / total): 5.7G / 15G
[05/22/26 09:41:58] crowsnest: INFO: Checking Dependencies
[05/22/26 09:41:58] crowsnest: Dependency: 'crudini' found in /usr/bin/crudini.
[05/22/26 09:41:58] crowsnest: Dependency: 'find' found in /usr/bin/find.
[05/22/26 09:41:58] crowsnest: Dependency: 'xargs' found in /usr/bin/xargs.
[05/22/26 09:41:58] crowsnest: Dependency: 'ustreamer' found in bin/ustreamer/src/ustreamer.bin.
[05/22/26 09:41:58] crowsnest: Dependency: 'camera-streamer' found in bin/camera-streamer/camera-streamer.
[05/22/26 09:41:58] crowsnest: Version Control: ustreamer is up to date. (v6.36)
[05/22/26 09:41:59] crowsnest: Version Control: camera-streamer is up to date. ((2f71a28))
[05/22/26 09:41:59] crowsnest: INFO: Print Configfile: '/home/jay/printer_data/config/crowsnest.conf'
[05/22/26 09:41:59] crowsnest:		[crowsnest]
[05/22/26 09:41:59] crowsnest:		log_path: /home/jay/printer_data/logs/crowsnest.log
[05/22/26 09:41:59] crowsnest:		log_level: verbose
[05/22/26 09:41:59] crowsnest:		delete_log: false
[05/22/26 09:41:59] crowsnest:		no_proxy: false
[05/22/26 09:41:59] crowsnest:		
[05/22/26 09:41:59] crowsnest:		[cam 1]
[05/22/26 09:41:59] crowsnest:		mode: ustreamer
[05/22/26 09:41:59] crowsnest:		
[05/22/26 09:41:59] crowsnest:		port: 8080
[05/22/26 09:41:59] crowsnest:		device: /dev/video0
[05/22/26 09:41:59] crowsnest:		resolution: 640x480
[05/22/26 09:41:59] crowsnest:		max_fps: 15
[05/22/26 09:41:59] crowsnest: INFO: Detect available Devices
[05/22/26 09:41:59] crowsnest: ERROR: No usable Devices Found. Stopping crowsnest.
[05/22/26 09:42:04] crowsnest: crowsnest - A webcam Service for multiple Cams and Stream Services.
[05/22/26 09:42:04] crowsnest: Version: v4.1.17-1-g9cc3d4a
[05/22/26 09:42:04] crowsnest: Prepare Startup ...
[05/22/26 09:42:04] crowsnest: INFO: Host information:
[05/22/26 09:42:04] crowsnest: Host Info: Distribution: Debian GNU/Linux 12 (bookworm)
[05/22/26 09:42:04] crowsnest: Host Info: Release: MainsailOS release 2.2.2 (bookworm)
[05/22/26 09:42:04] crowsnest: Host Info: Kernel: Linux 6.12.75+rpt-rpi-v8 aarch64
[05/22/26 09:42:04] crowsnest: Host Info: Model:  Raspberry Pi 4 Model B Rev 1.1
[05/22/26 09:42:04] crowsnest: Host Info: Available CPU Cores: 4
[05/22/26 09:42:04] crowsnest: Host Info: Available Memory: 748988 kB
[05/22/26 09:42:04] crowsnest: Host Info: Diskspace (avail. / total): 5.7G / 15G
[05/22/26 09:42:04] crowsnest: INFO: Checking Dependencies
[05/22/26 09:42:04] crowsnest: Dependency: 'crudini' found in /usr/bin/crudini.
[05/22/26 09:42:04] crowsnest: Dependency: 'find' found in /usr/bin/find.
[05/22/26 09:42:04] crowsnest: Dependency: 'xargs' found in /usr/bin/xargs.
[05/22/26 09:42:04] crowsnest: Dependency: 'ustreamer' found in bin/ustreamer/src/ustreamer.bin.
[05/22/26 09:42:04] crowsnest: Dependency: 'camera-streamer' found in bin/camera-streamer/camera-streamer.
[05/22/26 09:42:04] crowsnest: Version Control: ustreamer is up to date. (v6.36)
[05/22/26 09:42:05] crowsnest: Version Control: camera-streamer is up to date. ((2f71a28))
[05/22/26 09:42:05] crowsnest: INFO: Print Configfile: '/home/jay/printer_data/config/crowsnest.conf'
[05/22/26 09:42:05] crowsnest:		[crowsnest]
[05/22/26 09:42:05] crowsnest:		log_path: /home/jay/printer_data/logs/crowsnest.log
[05/22/26 09:42:05] crowsnest:		log_level: verbose
[05/22/26 09:42:05] crowsnest:		delete_log: false
[05/22/26 09:42:05] crowsnest:		no_proxy: false
[05/22/26 09:42:05] crowsnest:		
[05/22/26 09:42:05] crowsnest:		[cam 1]
[05/22/26 09:42:05] crowsnest:		mode: ustreamer
[05/22/26 09:42:05] crowsnest:		
[05/22/26 09:42:05] crowsnest:		port: 8080
[05/22/26 09:42:05] crowsnest:		device: /dev/video0
[05/22/26 09:42:05] crowsnest:		resolution: 640x480
[05/22/26 09:42:05] crowsnest:		max_fps: 15
[05/22/26 09:42:05] crowsnest: INFO: Detect available Devices
[05/22/26 09:42:05] crowsnest: ERROR: No usable Devices Found. Stopping crowsnest.
[05/22/26 09:42:10] crowsnest: crowsnest - A webcam Service for multiple Cams and Stream Services.
[05/22/26 09:42:10] crowsnest: Version: v4.1.17-1-g9cc3d4a
[05/22/26 09:42:10] crowsnest: Prepare Startup ...
[05/22/26 09:42:10] crowsnest: INFO: Host information:
[05/22/26 09:42:10] crowsnest: Host Info: Distribution: Debian GNU/Linux 12 (bookworm)
[05/22/26 09:42:10] crowsnest: Host Info: Release: MainsailOS release 2.2.2 (bookworm)
[05/22/26 09:42:10] crowsnest: Host Info: Kernel: Linux 6.12.75+rpt-rpi-v8 aarch64
[05/22/26 09:42:10] crowsnest: Host Info: Model:  Raspberry Pi 4 Model B Rev 1.1
[05/22/26 09:42:10] crowsnest: Host Info: Available CPU Cores: 4
[05/22/26 09:42:10] crowsnest: Host Info: Available Memory: 748988 kB
[05/22/26 09:42:10] crowsnest: Host Info: Diskspace (avail. / total): 5.7G / 15G
[05/22/26 09:42:10] crowsnest: INFO: Checking Dependencies
[05/22/26 09:42:10] crowsnest: Dependency: 'crudini' found in /usr/bin/crudini.
[05/22/26 09:42:10] crowsnest: Dependency: 'find' found in /usr/bin/find.
[05/22/26 09:42:10] crowsnest: Dependency: 'xargs' found in /usr/bin/xargs.
[05/22/26 09:42:10] crowsnest: Dependency: 'ustreamer' found in bin/ustreamer/src/ustreamer.bin.
[05/22/26 09:42:10] crowsnest: Dependency: 'camera-streamer' found in bin/camera-streamer/camera-streamer.
[05/22/26 09:42:10] crowsnest: Version Control: ustreamer is up to date. (v6.36)
[05/22/26 09:42:11] crowsnest: Version Control: camera-streamer is up to date. ((2f71a28))
[05/22/26 09:42:11] crowsnest: INFO: Print Configfile: '/home/jay/printer_data/config/crowsnest.conf'
[05/22/26 09:42:11] crowsnest:		[crowsnest]
[05/22/26 09:42:11] crowsnest:		log_path: /home/jay/printer_data/logs/crowsnest.log
[05/22/26 09:42:11] crowsnest:		log_level: verbose
[05/22/26 09:42:11] crowsnest:		delete_log: false
[05/22/26 09:42:11] crowsnest:		no_proxy: false
[05/22/26 09:42:11] crowsnest:		
[05/22/26 09:42:11] crowsnest:		[cam 1]
[05/22/26 09:42:11] crowsnest:		mode: ustreamer
[05/22/26 09:42:11] crowsnest:		
[05/22/26 09:42:11] crowsnest:		port: 8080
[05/22/26 09:42:11] crowsnest:		device: /dev/video0
[05/22/26 09:42:11] crowsnest:		resolution: 640x480
[05/22/26 09:42:11] crowsnest:		max_fps: 15
[05/22/26 09:42:11] crowsnest: INFO: Detect available Devices
[05/22/26 09:42:11] crowsnest: ERROR: No usable Devices Found. Stopping crowsnest.
[05/22/26 09:42:16] crowsnest: crowsnest - A webcam Service for multiple Cams and Stream Services.
[05/22/26 09:42:16] crowsnest: Version: v4.1.17-1-g9cc3d4a
[05/22/26 09:42:16] crowsnest: Prepare Startup ...
[05/22/26 09:42:16] crowsnest: INFO: Host information:
[05/22/26 09:42:16] crowsnest: Host Info: Distribution: Debian GNU/Linux 12 (bookworm)
[05/22/26 09:42:16] crowsnest: Host Info: Release: MainsailOS release 2.2.2 (bookworm)
[05/22/26 09:42:16] crowsnest: Host Info: Kernel: Linux 6.12.75+rpt-rpi-v8 aarch64
[05/22/26 09:42:16] crowsnest: Host Info: Model:  Raspberry Pi 4 Model B Rev 1.1
[05/22/26 09:42:16] crowsnest: Host Info: Available CPU Cores: 4
[05/22/26 09:42:16] crowsnest: Host Info: Available Memory: 748988 kB
[05/22/26 09:42:16] crowsnest: Host Info: Diskspace (avail. / total): 5.7G / 15G
[05/22/26 09:42:16] crowsnest: INFO: Checking Dependencies
[05/22/26 09:42:16] crowsnest: Dependency: 'crudini' found in /usr/bin/crudini.
[05/22/26 09:42:16] crowsnest: Dependency: 'find' found in /usr/bin/find.
[05/22/26 09:42:16] crowsnest: Dependency: 'xargs' found in /usr/bin/xargs.
[05/22/26 09:42:16] crowsnest: Dependency: 'ustreamer' found in bin/ustreamer/src/ustreamer.bin.
[05/22/26 09:42:16] crowsnest: Dependency: 'camera-streamer' found in bin/camera-streamer/camera-streamer.
[05/22/26 09:42:16] crowsnest: Version Control: ustreamer is up to date. (v6.36)
[05/22/26 09:42:17] crowsnest: Version Control: camera-streamer is up to date. ((2f71a28))
[05/22/26 09:42:17] crowsnest: INFO: Print Configfile: '/home/jay/printer_data/config/crowsnest.conf'
[05/22/26 09:42:17] crowsnest:		[crowsnest]
[05/22/26 09:42:17] crowsnest:		log_path: /home/jay/printer_data/logs/crowsnest.log
[05/22/26 09:42:17] crowsnest:		log_level: verbose
[05/22/26 09:42:17] crowsnest:		delete_log: false
[05/22/26 09:42:17] crowsnest:		no_proxy: false
[05/22/26 09:42:17] crowsnest:		
[05/22/26 09:42:17] crowsnest:		[cam 1]
[05/22/26 09:42:17] crowsnest:		mode: ustreamer
[05/22/26 09:42:17] crowsnest:		
[05/22/26 09:42:17] crowsnest:		port: 8080
[05/22/26 09:42:17] crowsnest:		device: /dev/video0
[05/22/26 09:42:17] crowsnest:		resolution: 640x480
[05/22/26 09:42:17] crowsnest:		max_fps: 15
[05/22/26 09:42:17] crowsnest: INFO: Detect available Devices
[05/22/26 09:42:17] crowsnest: ERROR: No usable Devices Found. Stopping crowsnest.
[05/22/26 09:42:22] crowsnest: crowsnest - A webcam Service for multiple Cams and Stream Services.
[05/22/26 09:42:22] crowsnest: Version: v4.1.17-1-g9cc3d4a
[05/22/26 09:42:22] crowsnest: Prepare Startup ...
[05/22/26 09:42:22] crowsnest: INFO: Host information:
[05/22/26 09:42:22] crowsnest: Host Info: Distribution: Debian GNU/Linux 12 (bookworm)
[05/22/26 09:42:22] crowsnest: Host Info: Release: MainsailOS release 2.2.2 (bookworm)
[05/22/26 09:42:22] crowsnest: Host Info: Kernel: Linux 6.12.75+rpt-rpi-v8 aarch64
[05/22/26 09:42:22] crowsnest: Host Info: Model:  Raspberry Pi 4 Model B Rev 1.1
[05/22/26 09:42:22] crowsnest: Host Info: Available CPU Cores: 4
[05/22/26 09:42:22] crowsnest: Host Info: Available Memory: 748988 kB
[05/22/26 09:42:22] crowsnest: Host Info: Diskspace (avail. / total): 5.7G / 15G
[05/22/26 09:42:22] crowsnest: INFO: Checking Dependencies
[05/22/26 09:42:22] crowsnest: Dependency: 'crudini' found in /usr/bin/crudini.
[05/22/26 09:42:22] crowsnest: Dependency: 'find' found in /usr/bin/find.
[05/22/26 09:42:22] crowsnest: Dependency: 'xargs' found in /usr/bin/xargs.
[05/22/26 09:42:22] crowsnest: Dependency: 'ustreamer' found in bin/ustreamer/src/ustreamer.bin.
[05/22/26 09:42:22] crowsnest: Dependency: 'camera-streamer' found in bin/camera-streamer/camera-streamer.
[05/22/26 09:42:22] crowsnest: Version Control: ustreamer is up to date. (v6.36)
[05/22/26 09:42:23] crowsnest: Version Control: camera-streamer is up to date. ((2f71a28))
[05/22/26 09:42:23] crowsnest: INFO: Print Configfile: '/home/jay/printer_data/config/crowsnest.conf'
[05/22/26 09:42:23] crowsnest:		[crowsnest]
[05/22/26 09:42:23] crowsnest:		log_path: /home/jay/printer_data/logs/crowsnest.log
[05/22/26 09:42:23] crowsnest:		log_level: verbose
[05/22/26 09:42:23] crowsnest:		delete_log: false
[05/22/26 09:42:23] crowsnest:		no_proxy: false
[05/22/26 09:42:23] crowsnest:		
[05/22/26 09:42:23] crowsnest:		[cam 1]
[05/22/26 09:42:23] crowsnest:		mode: ustreamer
[05/22/26 09:42:23] crowsnest:		
[05/22/26 09:42:23] crowsnest:		port: 8080
[05/22/26 09:42:23] crowsnest:		device: /dev/video0
[05/22/26 09:42:23] crowsnest:		resolution: 640x480
[05/22/26 09:42:23] crowsnest:		max_fps: 15
[05/22/26 09:42:23] crowsnest: INFO: Detect available Devices
[05/22/26 09:42:23] crowsnest: ERROR: No usable Devices Found. Stopping crowsnest.
[05/22/26 09:42:28] crowsnest: crowsnest - A webcam Service for multiple Cams and Stream Services.
[05/22/26 09:42:28] crowsnest: Version: v4.1.17-1-g9cc3d4a
[05/22/26 09:42:28] crowsnest: Prepare Startup ...
[05/22/26 09:42:28] crowsnest: INFO: Host information:
[05/22/26 09:42:28] crowsnest: Host Info: Distribution: Debian GNU/Linux 12 (bookworm)
[05/22/26 09:42:28] crowsnest: Host Info: Release: MainsailOS release 2.2.2 (bookworm)
[05/22/26 09:42:28] crowsnest: Host Info: Kernel: Linux 6.12.75+rpt-rpi-v8 aarch64
[05/22/26 09:42:28] crowsnest: Host Info: Model:  Raspberry Pi 4 Model B Rev 1.1
[05/22/26 09:42:28] crowsnest: Host Info: Available CPU Cores: 4
[05/22/26 09:42:28] crowsnest: Host Info: Available Memory: 748988 kB
[05/22/26 09:42:28] crowsnest: Host Info: Diskspace (avail. / total): 5.7G / 15G
[05/22/26 09:42:28] crowsnest: INFO: Checking Dependencies
[05/22/26 09:42:28] crowsnest: Dependency: 'crudini' found in /usr/bin/crudini.
[05/22/26 09:42:28] crowsnest: Dependency: 'find' found in /usr/bin/find.
[05/22/26 09:42:28] crowsnest: Dependency: 'xargs' found in /usr/bin/xargs.
[05/22/26 09:42:28] crowsnest: Dependency: 'ustreamer' found in bin/ustreamer/src/ustreamer.bin.
[05/22/26 09:42:28] crowsnest: Dependency: 'camera-streamer' found in bin/camera-streamer/camera-streamer.
[05/22/26 09:42:28] crowsnest: Version Control: ustreamer is up to date. (v6.36)
[05/22/26 09:42:29] crowsnest: Version Control: camera-streamer is up to date. ((2f71a28))
[05/22/26 09:42:29] crowsnest: INFO: Print Configfile: '/home/jay/printer_data/config/crowsnest.conf'
[05/22/26 09:42:29] crowsnest:		[crowsnest]
[05/22/26 09:42:29] crowsnest:		log_path: /home/jay/printer_data/logs/crowsnest.log
[05/22/26 09:42:29] crowsnest:		log_level: verbose
[05/22/26 09:42:29] crowsnest:		delete_log: false
[05/22/26 09:42:29] crowsnest:		no_proxy: false
[05/22/26 09:42:29] crowsnest:		
[05/22/26 09:42:29] crowsnest:		[cam 1]
[05/22/26 09:42:29] crowsnest:		mode: ustreamer
[05/22/26 09:42:29] crowsnest:		
[05/22/26 09:42:29] crowsnest:		port: 8080
[05/22/26 09:42:29] crowsnest:		device: /dev/video0
[05/22/26 09:42:29] crowsnest:		resolution: 640x480
[05/22/26 09:42:29] crowsnest:		max_fps: 15
[05/22/26 09:42:29] crowsnest: INFO: Detect available Devices
[05/22/26 09:42:29] crowsnest: ERROR: No usable Devices Found. Stopping crowsnest.
[05/22/26 09:47:03] crowsnest: crowsnest - A webcam Service for multiple Cams and Stream Services.
[05/22/26 09:47:03] crowsnest: Version: v4.1.17-1-g9cc3d4a
[05/22/26 09:47:03] crowsnest: Prepare Startup ...
[05/22/26 09:47:03] crowsnest: INFO: Host information:
[05/22/26 09:47:03] crowsnest: Host Info: Distribution: Debian GNU/Linux 12 (bookworm)
[05/22/26 09:47:03] crowsnest: Host Info: Release: MainsailOS release 2.2.2 (bookworm)
[05/22/26 09:47:03] crowsnest: Host Info: Kernel: Linux 6.12.75+rpt-rpi-v8 aarch64
[05/22/26 09:47:03] crowsnest: Host Info: Model:  Raspberry Pi 4 Model B Rev 1.1
[05/22/26 09:47:03] crowsnest: Host Info: Available CPU Cores: 4
[05/22/26 09:47:03] crowsnest: Host Info: Available Memory: 748988 kB
[05/22/26 09:47:03] crowsnest: Host Info: Diskspace (avail. / total): 5.7G / 15G
[05/22/26 09:47:03] crowsnest: INFO: Checking Dependencies
[05/22/26 09:47:04] crowsnest: Dependency: 'crudini' found in /usr/bin/crudini.
[05/22/26 09:47:04] crowsnest: Dependency: 'find' found in /usr/bin/find.
[05/22/26 09:47:04] crowsnest: Dependency: 'xargs' found in /usr/bin/xargs.
[05/22/26 09:47:04] crowsnest: Dependency: 'ustreamer' found in bin/ustreamer/src/ustreamer.bin.
[05/22/26 09:47:04] crowsnest: Dependency: 'camera-streamer' found in bin/camera-streamer/camera-streamer.
[05/22/26 09:47:04] crowsnest: Version Control: ustreamer is up to date. (v6.36)
[05/22/26 09:47:06] crowsnest: Version Control: camera-streamer is up to date. ((2f71a28))
[05/22/26 09:47:06] crowsnest: INFO: Print Configfile: '/home/jay/printer_data/config/crowsnest.conf'
[05/22/26 09:47:06] crowsnest:		[crowsnest]
[05/22/26 09:47:06] crowsnest:		log_path: /home/jay/printer_data/logs/crowsnest.log
[05/22/26 09:47:06] crowsnest:		log_level: verbose
[05/22/26 09:47:06] crowsnest:		delete_log: false
[05/22/26 09:47:06] crowsnest:		no_proxy: false
[05/22/26 09:47:06] crowsnest:		
[05/22/26 09:47:06] crowsnest:		[cam 1]
[05/22/26 09:47:06] crowsnest:		mode: ustreamer
[05/22/26 09:47:06] crowsnest:		
[05/22/26 09:47:06] crowsnest:		port: 8080
[05/22/26 09:47:06] crowsnest:		device: /dev/video0
[05/22/26 09:47:06] crowsnest:		resolution: 640x480
[05/22/26 09:47:06] crowsnest:		max_fps: 15
[05/22/26 09:47:06] crowsnest: INFO: Detect available Devices
[05/22/26 09:47:06] crowsnest: ERROR: No usable Devices Found. Stopping crowsnest.
[05/22/26 09:47:12] crowsnest: crowsnest - A webcam Service for multiple Cams and Stream Services.
[05/22/26 09:47:12] crowsnest: Version: v4.1.17-1-g9cc3d4a
[05/22/26 09:47:12] crowsnest: Prepare Startup ...
[05/22/26 09:47:12] crowsnest: INFO: Host information:
[05/22/26 09:47:12] crowsnest: Host Info: Distribution: Debian GNU/Linux 12 (bookworm)
[05/22/26 09:47:12] crowsnest: Host Info: Release: MainsailOS release 2.2.2 (bookworm)
[05/22/26 09:47:12] crowsnest: Host Info: Kernel: Linux 6.12.75+rpt-rpi-v8 aarch64
[05/22/26 09:47:12] crowsnest: Host Info: Model:  Raspberry Pi 4 Model B Rev 1.1
[05/22/26 09:47:12] crowsnest: Host Info: Available CPU Cores: 4
[05/22/26 09:47:12] crowsnest: Host Info: Available Memory: 748988 kB
[05/22/26 09:47:12] crowsnest: Host Info: Diskspace (avail. / total): 5.7G / 15G
[05/22/26 09:47:13] crowsnest: INFO: Checking Dependencies
[05/22/26 09:47:13] crowsnest: Dependency: 'crudini' found in /usr/bin/crudini.
[05/22/26 09:47:13] crowsnest: Dependency: 'find' found in /usr/bin/find.
[05/22/26 09:47:13] crowsnest: Dependency: 'xargs' found in /usr/bin/xargs.
[05/22/26 09:47:13] crowsnest: Dependency: 'ustreamer' found in bin/ustreamer/src/ustreamer.bin.
[05/22/26 09:47:13] crowsnest: Dependency: 'camera-streamer' found in bin/camera-streamer/camera-streamer.
[05/22/26 09:47:13] crowsnest: Version Control: ustreamer is up to date. (v6.36)
[05/22/26 09:47:13] crowsnest: Version Control: camera-streamer is up to date. ((2f71a28))
[05/22/26 09:47:13] crowsnest: INFO: Print Configfile: '/home/jay/printer_data/config/crowsnest.conf'
[05/22/26 09:47:13] crowsnest:		[crowsnest]
[05/22/26 09:47:13] crowsnest:		log_path: /home/jay/printer_data/logs/crowsnest.log
[05/22/26 09:47:13] crowsnest:		log_level: verbose
[05/22/26 09:47:13] crowsnest:		delete_log: false
[05/22/26 09:47:13] crowsnest:		no_proxy: false
[05/22/26 09:47:13] crowsnest:		
[05/22/26 09:47:13] crowsnest:		[cam 1]
[05/22/26 09:47:13] crowsnest:		mode: ustreamer
[05/22/26 09:47:13] crowsnest:		
[05/22/26 09:47:13] crowsnest:		port: 8080
[05/22/26 09:47:13] crowsnest:		device: /dev/video0
[05/22/26 09:47:13] crowsnest:		resolution: 640x480
[05/22/26 09:47:13] crowsnest:		max_fps: 15
[05/22/26 09:47:13] crowsnest: INFO: Detect available Devices
[05/22/26 09:47:13] crowsnest: ERROR: No usable Devices Found. Stopping crowsnest.
[05/22/26 09:47:19] crowsnest: crowsnest - A webcam Service for multiple Cams and Stream Services.
[05/22/26 09:47:19] crowsnest: Version: v4.1.17-1-g9cc3d4a
[05/22/26 09:47:19] crowsnest: Prepare Startup ...
[05/22/26 09:47:19] crowsnest: INFO: Host information:
[05/22/26 09:47:19] crowsnest: Host Info: Distribution: Debian GNU/Linux 12 (bookworm)
[05/22/26 09:47:19] crowsnest: Host Info: Release: MainsailOS release 2.2.2 (bookworm)
[05/22/26 09:47:19] crowsnest: Host Info: Kernel: Linux 6.12.75+rpt-rpi-v8 aarch64
[05/22/26 09:47:19] crowsnest: Host Info: Model:  Raspberry Pi 4 Model B Rev 1.1
[05/22/26 09:47:19] crowsnest: Host Info: Available CPU Cores: 4
[05/22/26 09:47:19] crowsnest: Host Info: Available Memory: 748988 kB
[05/22/26 09:47:19] crowsnest: Host Info: Diskspace (avail. / total): 5.7G / 15G
[05/22/26 09:47:20] crowsnest: INFO: Checking Dependencies
[05/22/26 09:47:20] crowsnest: Dependency: 'crudini' found in /usr/bin/crudini.
[05/22/26 09:47:20] crowsnest: Dependency: 'find' found in /usr/bin/find.
[05/22/26 09:47:20] crowsnest: Dependency: 'xargs' found in /usr/bin/xargs.
[05/22/26 09:47:20] crowsnest: Dependency: 'ustreamer' found in bin/ustreamer/src/ustreamer.bin.
[05/22/26 09:47:20] crowsnest: Dependency: 'camera-streamer' found in bin/camera-streamer/camera-streamer.
[05/22/26 09:47:20] crowsnest: Version Control: ustreamer is up to date. (v6.36)
[05/22/26 09:47:20] crowsnest: Version Control: camera-streamer is up to date. ((2f71a28))
[05/22/26 09:47:20] crowsnest: INFO: Print Configfile: '/home/jay/printer_data/config/crowsnest.conf'
[05/22/26 09:47:20] crowsnest:		[crowsnest]
[05/22/26 09:47:20] crowsnest:		log_path: /home/jay/printer_data/logs/crowsnest.log
[05/22/26 09:47:20] crowsnest:		log_level: verbose
[05/22/26 09:47:20] crowsnest:		delete_log: false
[05/22/26 09:47:20] crowsnest:		no_proxy: false
[05/22/26 09:47:20] crowsnest:		
[05/22/26 09:47:20] crowsnest:		[cam 1]
[05/22/26 09:47:20] crowsnest:		mode: ustreamer
[05/22/26 09:47:20] crowsnest:		
[05/22/26 09:47:20] crowsnest:		port: 8080
[05/22/26 09:47:20] crowsnest:		device: /dev/video0
[05/22/26 09:47:20] crowsnest:		resolution: 640x480
[05/22/26 09:47:20] crowsnest:		max_fps: 15
[05/22/26 09:47:20] crowsnest: INFO: Detect available Devices
[05/22/26 09:47:20] crowsnest: ERROR: No usable Devices Found. Stopping crowsnest.
[05/22/26 09:47:26] crowsnest: crowsnest - A webcam Service for multiple Cams and Stream Services.
[05/22/26 09:47:26] crowsnest: Version: v4.1.17-1-g9cc3d4a
[05/22/26 09:47:26] crowsnest: Prepare Startup ...
[05/22/26 09:47:26] crowsnest: INFO: Host information:
[05/22/26 09:47:26] crowsnest: Host Info: Distribution: Debian GNU/Linux 12 (bookworm)
[05/22/26 09:47:26] crowsnest: Host Info: Release: MainsailOS release 2.2.2 (bookworm)
[05/22/26 09:47:26] crowsnest: Host Info: Kernel: Linux 6.12.75+rpt-rpi-v8 aarch64
[05/22/26 09:47:26] crowsnest: Host Info: Model:  Raspberry Pi 4 Model B Rev 1.1
[05/22/26 09:47:27] crowsnest: Host Info: Available CPU Cores: 4
[05/22/26 09:47:27] crowsnest: Host Info: Available Memory: 748988 kB
[05/22/26 09:47:27] crowsnest: Host Info: Diskspace (avail. / total): 5.7G / 15G
[05/22/26 09:47:27] crowsnest: INFO: Checking Dependencies
[05/22/26 09:47:27] crowsnest: Dependency: 'crudini' found in /usr/bin/crudini.
[05/22/26 09:47:27] crowsnest: Dependency: 'find' found in /usr/bin/find.
[05/22/26 09:47:27] crowsnest: Dependency: 'xargs' found in /usr/bin/xargs.
[05/22/26 09:47:27] crowsnest: Dependency: 'ustreamer' found in bin/ustreamer/src/ustreamer.bin.
[05/22/26 09:47:27] crowsnest: Dependency: 'camera-streamer' found in bin/camera-streamer/camera-streamer.
[05/22/26 09:47:27] crowsnest: Version Control: ustreamer is up to date. (v6.36)
[05/22/26 09:47:27] crowsnest: Version Control: camera-streamer is up to date. ((2f71a28))
[05/22/26 09:47:27] crowsnest: INFO: Print Configfile: '/home/jay/printer_data/config/crowsnest.conf'
[05/22/26 09:47:27] crowsnest:		[crowsnest]
[05/22/26 09:47:27] crowsnest:		log_path: /home/jay/printer_data/logs/crowsnest.log
[05/22/26 09:47:27] crowsnest:		log_level: verbose
[05/22/26 09:47:27] crowsnest:		delete_log: false
[05/22/26 09:47:27] crowsnest:		no_proxy: false
[05/22/26 09:47:27] crowsnest:		
[05/22/26 09:47:27] crowsnest:		[cam 1]
[05/22/26 09:47:27] crowsnest:		mode: ustreamer
[05/22/26 09:47:27] crowsnest:		
[05/22/26 09:47:27] crowsnest:		port: 8080
[05/22/26 09:47:27] crowsnest:		device: /dev/video0
[05/22/26 09:47:27] crowsnest:		resolution: 640x480
[05/22/26 09:47:27] crowsnest:		max_fps: 15
[05/22/26 09:47:27] crowsnest: INFO: Detect available Devices
[05/22/26 09:47:27] crowsnest: ERROR: No usable Devices Found. Stopping crowsnest.
[05/22/26 09:47:33] crowsnest: crowsnest - A webcam Service for multiple Cams and Stream Services.
[05/22/26 09:47:33] crowsnest: Version: v4.1.17-1-g9cc3d4a
[05/22/26 09:47:33] crowsnest: Prepare Startup ...
[05/22/26 09:47:33] crowsnest: INFO: Host information:
[05/22/26 09:47:33] crowsnest: Host Info: Distribution: Debian GNU/Linux 12 (bookworm)
[05/22/26 09:47:33] crowsnest: Host Info: Release: MainsailOS release 2.2.2 (bookworm)
[05/22/26 09:47:33] crowsnest: Host Info: Kernel: Linux 6.12.75+rpt-rpi-v8 aarch64
[05/22/26 09:47:33] crowsnest: Host Info: Model:  Raspberry Pi 4 Model B Rev 1.1
[05/22/26 09:47:33] crowsnest: Host Info: Available CPU Cores: 4
[05/22/26 09:47:33] crowsnest: Host Info: Available Memory: 748988 kB
[05/22/26 09:47:34] crowsnest: Host Info: Diskspace (avail. / total): 5.7G / 15G
[05/22/26 09:47:34] crowsnest: INFO: Checking Dependencies
[05/22/26 09:47:34] crowsnest: Dependency: 'crudini' found in /usr/bin/crudini.
[05/22/26 09:47:34] crowsnest: Dependency: 'find' found in /usr/bin/find.
[05/22/26 09:47:34] crowsnest: Dependency: 'xargs' found in /usr/bin/xargs.
[05/22/26 09:47:34] crowsnest: Dependency: 'ustreamer' found in bin/ustreamer/src/ustreamer.bin.
[05/22/26 09:47:34] crowsnest: Dependency: 'camera-streamer' found in bin/camera-streamer/camera-streamer.
[05/22/26 09:47:34] crowsnest: Version Control: ustreamer is up to date. (v6.36)
[05/22/26 09:47:34] crowsnest: Version Control: camera-streamer is up to date. ((2f71a28))
[05/22/26 09:47:34] crowsnest: INFO: Print Configfile: '/home/jay/printer_data/config/crowsnest.conf'
[05/22/26 09:47:34] crowsnest:		[crowsnest]
[05/22/26 09:47:34] crowsnest:		log_path: /home/jay/printer_data/logs/crowsnest.log
[05/22/26 09:47:34] crowsnest:		log_level: verbose
[05/22/26 09:47:34] crowsnest:		delete_log: false
[05/22/26 09:47:34] crowsnest:		no_proxy: false
[05/22/26 09:47:34] crowsnest:		
[05/22/26 09:47:34] crowsnest:		[cam 1]
[05/22/26 09:47:34] crowsnest:		mode: ustreamer
[05/22/26 09:47:34] crowsnest:		
[05/22/26 09:47:34] crowsnest:		port: 8080
[05/22/26 09:47:34] crowsnest:		device: /dev/video0
[05/22/26 09:47:34] crowsnest:		resolution: 640x480
[05/22/26 09:47:34] crowsnest:		max_fps: 15
[05/22/26 09:47:34] crowsnest: INFO: Detect available Devices
[05/22/26 09:47:34] crowsnest: ERROR: No usable Devices Found. Stopping crowsnest.
[05/22/26 09:47:40] crowsnest: crowsnest - A webcam Service for multiple Cams and Stream Services.
[05/22/26 09:47:40] crowsnest: Version: v4.1.17-1-g9cc3d4a
[05/22/26 09:47:40] crowsnest: Prepare Startup ...
[05/22/26 09:47:40] crowsnest: INFO: Host information:
[05/22/26 09:47:40] crowsnest: Host Info: Distribution: Debian GNU/Linux 12 (bookworm)
[05/22/26 09:47:40] crowsnest: Host Info: Release: MainsailOS release 2.2.2 (bookworm)
[05/22/26 09:47:40] crowsnest: Host Info: Kernel: Linux 6.12.75+rpt-rpi-v8 aarch64
[05/22/26 09:47:40] crowsnest: Host Info: Model:  Raspberry Pi 4 Model B Rev 1.1
[05/22/26 09:47:40] crowsnest: Host Info: Available CPU Cores: 4
[05/22/26 09:47:40] crowsnest: Host Info: Available Memory: 748988 kB
[05/22/26 09:47:40] crowsnest: Host Info: Diskspace (avail. / total): 5.7G / 15G
[05/22/26 09:47:40] crowsnest: INFO: Checking Dependencies
[05/22/26 09:47:41] crowsnest: Dependency: 'crudini' found in /usr/bin/crudini.
[05/22/26 09:47:41] crowsnest: Dependency: 'find' found in /usr/bin/find.
[05/22/26 09:47:41] crowsnest: Dependency: 'xargs' found in /usr/bin/xargs.
[05/22/26 09:47:41] crowsnest: Dependency: 'ustreamer' found in bin/ustreamer/src/ustreamer.bin.
[05/22/26 09:47:41] crowsnest: Dependency: 'camera-streamer' found in bin/camera-streamer/camera-streamer.
[05/22/26 09:47:41] crowsnest: Version Control: ustreamer is up to date. (v6.36)
[05/22/26 09:47:41] crowsnest: Version Control: camera-streamer is up to date. ((2f71a28))
[05/22/26 09:47:41] crowsnest: INFO: Print Configfile: '/home/jay/printer_data/config/crowsnest.conf'
[05/22/26 09:47:41] crowsnest:		[crowsnest]
[05/22/26 09:47:41] crowsnest:		log_path: /home/jay/printer_data/logs/crowsnest.log
[05/22/26 09:47:41] crowsnest:		log_level: verbose
[05/22/26 09:47:41] crowsnest:		delete_log: false
[05/22/26 09:47:41] crowsnest:		no_proxy: false
[05/22/26 09:47:41] crowsnest:		
[05/22/26 09:47:41] crowsnest:		[cam 1]
[05/22/26 09:47:41] crowsnest:		mode: ustreamer
[05/22/26 09:47:41] crowsnest:		
[05/22/26 09:47:41] crowsnest:		port: 8080
[05/22/26 09:47:41] crowsnest:		device: /dev/video0
[05/22/26 09:47:41] crowsnest:		resolution: 640x480
[05/22/26 09:47:41] crowsnest:		max_fps: 15
[05/22/26 09:47:41] crowsnest: INFO: Detect available Devices
[05/22/26 09:47:41] crowsnest: ERROR: No usable Devices Found. Stopping crowsnest.
[05/22/26 09:47:47] crowsnest: crowsnest - A webcam Service for multiple Cams and Stream Services.
[05/22/26 09:47:47] crowsnest: Version: v4.1.17-1-g9cc3d4a
[05/22/26 09:47:47] crowsnest: Prepare Startup ...
[05/22/26 09:47:47] crowsnest: INFO: Host information:
[05/22/26 09:47:47] crowsnest: Host Info: Distribution: Debian GNU/Linux 12 (bookworm)
[05/22/26 09:47:47] crowsnest: Host Info: Release: MainsailOS release 2.2.2 (bookworm)
[05/22/26 09:47:47] crowsnest: Host Info: Kernel: Linux 6.12.75+rpt-rpi-v8 aarch64
[05/22/26 09:47:47] crowsnest: Host Info: Model:  Raspberry Pi 4 Model B Rev 1.1
[05/22/26 09:47:47] crowsnest: Host Info: Available CPU Cores: 4
[05/22/26 09:47:47] crowsnest: Host Info: Available Memory: 748988 kB
[05/22/26 09:47:47] crowsnest: Host Info: Diskspace (avail. / total): 5.7G / 15G
[05/22/26 09:47:48] crowsnest: INFO: Checking Dependencies
[05/22/26 09:47:48] crowsnest: Dependency: 'crudini' found in /usr/bin/crudini.
[05/22/26 09:47:48] crowsnest: Dependency: 'find' found in /usr/bin/find.
[05/22/26 09:47:48] crowsnest: Dependency: 'xargs' found in /usr/bin/xargs.
[05/22/26 09:47:48] crowsnest: Dependency: 'ustreamer' found in bin/ustreamer/src/ustreamer.bin.
[05/22/26 09:47:48] crowsnest: Dependency: 'camera-streamer' found in bin/camera-streamer/camera-streamer.
[05/22/26 09:47:48] crowsnest: Version Control: ustreamer is up to date. (v6.36)
[05/22/26 09:47:48] crowsnest: Version Control: camera-streamer is up to date. ((2f71a28))
[05/22/26 09:47:48] crowsnest: INFO: Print Configfile: '/home/jay/printer_data/config/crowsnest.conf'
[05/22/26 09:47:48] crowsnest:		[crowsnest]
[05/22/26 09:47:48] crowsnest:		log_path: /home/jay/printer_data/logs/crowsnest.log
[05/22/26 09:47:48] crowsnest:		log_level: verbose
[05/22/26 09:47:48] crowsnest:		delete_log: false
[05/22/26 09:47:48] crowsnest:		no_proxy: false
[05/22/26 09:47:48] crowsnest:		
[05/22/26 09:47:48] crowsnest:		[cam 1]
[05/22/26 09:47:48] crowsnest:		mode: ustreamer
[05/22/26 09:47:48] crowsnest:		
[05/22/26 09:47:48] crowsnest:		port: 8080
[05/22/26 09:47:48] crowsnest:		device: /dev/video0
[05/22/26 09:47:48] crowsnest:		resolution: 640x480
[05/22/26 09:47:48] crowsnest:		max_fps: 15
[05/22/26 09:47:48] crowsnest: INFO: Detect available Devices
[05/22/26 09:47:48] crowsnest: ERROR: No usable Devices Found. Stopping crowsnest.
[05/22/26 09:51:38] crowsnest: crowsnest - A webcam Service for multiple Cams and Stream Services.
[05/22/26 09:51:38] crowsnest: Version: v4.1.17-1-g9cc3d4a
[05/22/26 09:51:38] crowsnest: Prepare Startup ...
[05/22/26 09:51:38] crowsnest: INFO: Host information:
[05/22/26 09:51:38] crowsnest: Host Info: Distribution: Debian GNU/Linux 12 (bookworm)
[05/22/26 09:51:38] crowsnest: Host Info: Release: MainsailOS release 2.2.2 (bookworm)
[05/22/26 09:51:38] crowsnest: Host Info: Kernel: Linux 6.12.75+rpt-rpi-v8 aarch64
[05/22/26 09:51:38] crowsnest: Host Info: Model:  Raspberry Pi 4 Model B Rev 1.1
[05/22/26 09:51:38] crowsnest: Host Info: Available CPU Cores: 4
[05/22/26 09:51:38] crowsnest: Host Info: Available Memory: 748988 kB
[05/22/26 09:51:39] crowsnest: Host Info: Diskspace (avail. / total): 5.7G / 15G
[05/22/26 09:51:39] crowsnest: INFO: Checking Dependencies
[05/22/26 09:51:39] crowsnest: Dependency: 'crudini' found in /usr/bin/crudini.
[05/22/26 09:51:39] crowsnest: Dependency: 'find' found in /usr/bin/find.
[05/22/26 09:51:39] crowsnest: Dependency: 'xargs' found in /usr/bin/xargs.
[05/22/26 09:51:39] crowsnest: Dependency: 'ustreamer' found in bin/ustreamer/src/ustreamer.bin.
[05/22/26 09:51:39] crowsnest: Dependency: 'camera-streamer' found in bin/camera-streamer/camera-streamer.
[05/22/26 09:51:39] crowsnest: Version Control: ustreamer is up to date. (v6.36)
[05/22/26 09:51:39] crowsnest: Version Control: camera-streamer is up to date. ((2f71a28))
[05/22/26 09:51:39] crowsnest: INFO: Print Configfile: '/home/jay/printer_data/config/crowsnest.conf'
[05/22/26 09:51:39] crowsnest:		[crowsnest]
[05/22/26 09:51:39] crowsnest:		log_path: /home/jay/printer_data/logs/crowsnest.log
[05/22/26 09:51:39] crowsnest:		log_level: verbose
[05/22/26 09:51:39] crowsnest:		delete_log: false
[05/22/26 09:51:39] crowsnest:		no_proxy: false
[05/22/26 09:51:39] crowsnest:		
[05/22/26 09:51:39] crowsnest:		[cam 1]
[05/22/26 09:51:39] crowsnest:		mode: ustreamer
[05/22/26 09:51:39] crowsnest:		
[05/22/26 09:51:39] crowsnest:		port: 8080
[05/22/26 09:51:39] crowsnest:		device: /dev/video0
[05/22/26 09:51:39] crowsnest:		resolution: 640x480
[05/22/26 09:51:39] crowsnest:		max_fps: 15
[05/22/26 09:51:39] crowsnest: INFO: Detect available Devices
[05/22/26 09:51:39] crowsnest: ERROR: No usable Devices Found. Stopping crowsnest.
[05/22/26 09:51:45] crowsnest: crowsnest - A webcam Service for multiple Cams and Stream Services.
[05/22/26 09:51:45] crowsnest: Version: v4.1.17-1-g9cc3d4a
[05/22/26 09:51:45] crowsnest: Prepare Startup ...
[05/22/26 09:51:45] crowsnest: INFO: Host information:
[05/22/26 09:51:45] crowsnest: Host Info: Distribution: Debian GNU/Linux 12 (bookworm)
[05/22/26 09:51:45] crowsnest: Host Info: Release: MainsailOS release 2.2.2 (bookworm)
[05/22/26 09:51:45] crowsnest: Host Info: Kernel: Linux 6.12.75+rpt-rpi-v8 aarch64
[05/22/26 09:51:45] crowsnest: Host Info: Model:  Raspberry Pi 4 Model B Rev 1.1
[05/22/26 09:51:45] crowsnest: Host Info: Available CPU Cores: 4
[05/22/26 09:51:45] crowsnest: Host Info: Available Memory: 748988 kB
[05/22/26 09:51:45] crowsnest: Host Info: Diskspace (avail. / total): 5.7G / 15G
[05/22/26 09:51:45] crowsnest: INFO: Checking Dependencies
[05/22/26 09:51:46] crowsnest: Dependency: 'crudini' found in /usr/bin/crudini.
[05/22/26 09:51:46] crowsnest: Dependency: 'find' found in /usr/bin/find.
[05/22/26 09:51:46] crowsnest: Dependency: 'xargs' found in /usr/bin/xargs.
[05/22/26 09:51:46] crowsnest: Dependency: 'ustreamer' found in bin/ustreamer/src/ustreamer.bin.
[05/22/26 09:51:46] crowsnest: Dependency: 'camera-streamer' found in bin/camera-streamer/camera-streamer.
[05/22/26 09:51:46] crowsnest: Version Control: ustreamer is up to date. (v6.36)
[05/22/26 09:51:46] crowsnest: Version Control: camera-streamer is up to date. ((2f71a28))
[05/22/26 09:51:46] crowsnest: INFO: Print Configfile: '/home/jay/printer_data/config/crowsnest.conf'
[05/22/26 09:51:46] crowsnest:		[crowsnest]
[05/22/26 09:51:46] crowsnest:		log_path: /home/jay/printer_data/logs/crowsnest.log
[05/22/26 09:51:46] crowsnest:		log_level: verbose
[05/22/26 09:51:46] crowsnest:		delete_log: false
[05/22/26 09:51:46] crowsnest:		no_proxy: false
[05/22/26 09:51:46] crowsnest:		
[05/22/26 09:51:46] crowsnest:		[cam 1]
[05/22/26 09:51:46] crowsnest:		mode: ustreamer
[05/22/26 09:51:46] crowsnest:		
[05/22/26 09:51:46] crowsnest:		port: 8080
[05/22/26 09:51:46] crowsnest:		device: /dev/video0
[05/22/26 09:51:46] crowsnest:		resolution: 640x480
[05/22/26 09:51:46] crowsnest:		max_fps: 15
[05/22/26 09:51:46] crowsnest: INFO: Detect available Devices
[05/22/26 09:51:46] crowsnest: ERROR: No usable Devices Found. Stopping crowsnest.
[05/22/26 09:51:52] crowsnest: crowsnest - A webcam Service for multiple Cams and Stream Services.
[05/22/26 09:51:52] crowsnest: Version: v4.1.17-1-g9cc3d4a
[05/22/26 09:51:52] crowsnest: Prepare Startup ...
[05/22/26 09:51:52] crowsnest: INFO: Host information:
[05/22/26 09:51:52] crowsnest: Host Info: Distribution: Debian GNU/Linux 12 (bookworm)
[05/22/26 09:51:52] crowsnest: Host Info: Release: MainsailOS release 2.2.2 (bookworm)
[05/22/26 09:51:52] crowsnest: Host Info: Kernel: Linux 6.12.75+rpt-rpi-v8 aarch64
[05/22/26 09:51:52] crowsnest: Host Info: Model:  Raspberry Pi 4 Model B Rev 1.1
[05/22/26 09:51:52] crowsnest: Host Info: Available CPU Cores: 4
[05/22/26 09:51:52] crowsnest: Host Info: Available Memory: 748988 kB
[05/22/26 09:51:52] crowsnest: Host Info: Diskspace (avail. / total): 5.7G / 15G
[05/22/26 09:51:53] crowsnest: INFO: Checking Dependencies
[05/22/26 09:51:53] crowsnest: Dependency: 'crudini' found in /usr/bin/crudini.
[05/22/26 09:51:53] crowsnest: Dependency: 'find' found in /usr/bin/find.
[05/22/26 09:51:53] crowsnest: Dependency: 'xargs' found in /usr/bin/xargs.
[05/22/26 09:51:53] crowsnest: Dependency: 'ustreamer' found in bin/ustreamer/src/ustreamer.bin.
[05/22/26 09:51:53] crowsnest: Dependency: 'camera-streamer' found in bin/camera-streamer/camera-streamer.
[05/22/26 09:51:53] crowsnest: Version Control: ustreamer is up to date. (v6.36)
[05/22/26 09:51:53] crowsnest: Version Control: camera-streamer is up to date. ((2f71a28))
[05/22/26 09:51:53] crowsnest: INFO: Print Configfile: '/home/jay/printer_data/config/crowsnest.conf'
[05/22/26 09:51:53] crowsnest:		[crowsnest]
[05/22/26 09:51:53] crowsnest:		log_path: /home/jay/printer_data/logs/crowsnest.log
[05/22/26 09:51:53] crowsnest:		log_level: verbose
[05/22/26 09:51:53] crowsnest:		delete_log: false
[05/22/26 09:51:53] crowsnest:		no_proxy: false
[05/22/26 09:51:53] crowsnest:		
[05/22/26 09:51:53] crowsnest:		[cam 1]
[05/22/26 09:51:53] crowsnest:		mode: ustreamer
[05/22/26 09:51:53] crowsnest:		
[05/22/26 09:51:53] crowsnest:		port: 8080
[05/22/26 09:51:53] crowsnest:		device: /dev/video0
[05/22/26 09:51:53] crowsnest:		resolution: 640x480
[05/22/26 09:51:53] crowsnest:		max_fps: 15
[05/22/26 09:51:53] crowsnest: INFO: Detect available Devices
[05/22/26 09:51:53] crowsnest: ERROR: No usable Devices Found. Stopping crowsnest.
[06/06/26 21:40:54] crowsnest: crowsnest - A webcam Service for multiple Cams and Stream Services.
[06/06/26 21:40:54] crowsnest: Version: v4.1.17-1-g9cc3d4a
[06/06/26 21:40:54] crowsnest: Prepare Startup ...
[06/06/26 21:40:54] crowsnest: INFO: Host information:
[06/06/26 21:40:54] crowsnest: Host Info: Distribution: Debian GNU/Linux 12 (bookworm)
[06/06/26 21:40:54] crowsnest: Host Info: Release: MainsailOS release 2.2.2 (bookworm)
[06/06/26 21:40:54] crowsnest: Host Info: Kernel: Linux 6.12.87+rpt-rpi-v8 aarch64
[06/06/26 21:40:54] crowsnest: Host Info: Model:  Raspberry Pi 4 Model B Rev 1.1
[06/06/26 21:40:54] crowsnest: Host Info: Available CPU Cores: 4
[06/06/26 21:40:54] crowsnest: Host Info: Available Memory: 748988 kB
[06/06/26 21:40:54] crowsnest: Host Info: Diskspace (avail. / total): 5.4G / 15G
[06/06/26 21:40:54] crowsnest: INFO: Checking Dependencies
[06/06/26 21:40:55] crowsnest: Dependency: 'crudini' found in /usr/bin/crudini.
[06/06/26 21:40:55] crowsnest: Dependency: 'find' found in /usr/bin/find.
[06/06/26 21:40:55] crowsnest: Dependency: 'xargs' found in /usr/bin/xargs.
[06/06/26 21:40:55] crowsnest: Dependency: 'ustreamer' found in bin/ustreamer/src/ustreamer.bin.
[06/06/26 21:40:55] crowsnest: Dependency: 'camera-streamer' found in bin/camera-streamer/camera-streamer.
[06/06/26 21:40:55] crowsnest: Version Control: ustreamer is up to date. (v6.36)
[06/06/26 21:40:57] crowsnest: Version Control: camera-streamer is up to date. ((2f71a28))
[06/06/26 21:40:57] crowsnest: INFO: Print Configfile: '/home/jay/printer_data/config/crowsnest.conf'
[06/06/26 21:40:57] crowsnest:		[crowsnest]
[06/06/26 21:40:57] crowsnest:		log_path: /home/jay/printer_data/logs/crowsnest.log
[06/06/26 21:40:57] crowsnest:		log_level: verbose
[06/06/26 21:40:57] crowsnest:		delete_log: false
[06/06/26 21:40:57] crowsnest:		no_proxy: false
[06/06/26 21:40:57] crowsnest:		
[06/06/26 21:40:57] crowsnest:		[cam 1]
[06/06/26 21:40:57] crowsnest:		mode: ustreamer
[06/06/26 21:40:57] crowsnest:		
[06/06/26 21:40:57] crowsnest:		port: 8080
[06/06/26 21:40:57] crowsnest:		device: /dev/video0
[06/06/26 21:40:57] crowsnest:		resolution: 640x480
[06/06/26 21:40:57] crowsnest:		max_fps: 15
[06/06/26 21:40:57] crowsnest: INFO: Detect available Devices
[06/06/26 21:40:57] crowsnest: ERROR: No usable Devices Found. Stopping crowsnest.
[06/06/26 21:41:03] crowsnest: crowsnest - A webcam Service for multiple Cams and Stream Services.
[06/06/26 21:41:03] crowsnest: Version: v4.1.17-1-g9cc3d4a
[06/06/26 21:41:03] crowsnest: Prepare Startup ...
[06/06/26 21:41:04] crowsnest: INFO: Host information:
[06/06/26 21:41:04] crowsnest: Host Info: Distribution: Debian GNU/Linux 12 (bookworm)
[06/06/26 21:41:04] crowsnest: Host Info: Release: MainsailOS release 2.2.2 (bookworm)
[06/06/26 21:41:04] crowsnest: Host Info: Kernel: Linux 6.12.87+rpt-rpi-v8 aarch64
[06/06/26 21:41:04] crowsnest: Host Info: Model:  Raspberry Pi 4 Model B Rev 1.1
[06/06/26 21:41:04] crowsnest: Host Info: Available CPU Cores: 4
[06/06/26 21:41:04] crowsnest: Host Info: Available Memory: 748988 kB
[06/06/26 21:41:04] crowsnest: Host Info: Diskspace (avail. / total): 5.4G / 15G
[06/06/26 21:41:04] crowsnest: INFO: Checking Dependencies
[06/06/26 21:41:04] crowsnest: Dependency: 'crudini' found in /usr/bin/crudini.
[06/06/26 21:41:04] crowsnest: Dependency: 'find' found in /usr/bin/find.
[06/06/26 21:41:04] crowsnest: Dependency: 'xargs' found in /usr/bin/xargs.
[06/06/26 21:41:04] crowsnest: Dependency: 'ustreamer' found in bin/ustreamer/src/ustreamer.bin.
[06/06/26 21:41:04] crowsnest: Dependency: 'camera-streamer' found in bin/camera-streamer/camera-streamer.
[06/06/26 21:41:04] crowsnest: Version Control: ustreamer is up to date. (v6.36)
[06/06/26 21:41:04] crowsnest: Version Control: camera-streamer is up to date. ((2f71a28))
[06/06/26 21:41:04] crowsnest: INFO: Print Configfile: '/home/jay/printer_data/config/crowsnest.conf'
[06/06/26 21:41:04] crowsnest:		[crowsnest]
[06/06/26 21:41:04] crowsnest:		log_path: /home/jay/printer_data/logs/crowsnest.log
[06/06/26 21:41:04] crowsnest:		log_level: verbose
[06/06/26 21:41:04] crowsnest:		delete_log: false
[06/06/26 21:41:04] crowsnest:		no_proxy: false
[06/06/26 21:41:04] crowsnest:		
[06/06/26 21:41:04] crowsnest:		[cam 1]
[06/06/26 21:41:04] crowsnest:		mode: ustreamer
[06/06/26 21:41:04] crowsnest:		
[06/06/26 21:41:04] crowsnest:		port: 8080
[06/06/26 21:41:04] crowsnest:		device: /dev/video0
[06/06/26 21:41:04] crowsnest:		resolution: 640x480
[06/06/26 21:41:04] crowsnest:		max_fps: 15
[06/06/26 21:41:04] crowsnest: INFO: Detect available Devices
[06/06/26 21:41:04] crowsnest: ERROR: No usable Devices Found. Stopping crowsnest.
[06/06/26 21:41:10] crowsnest: crowsnest - A webcam Service for multiple Cams and Stream Services.
[06/06/26 21:41:10] crowsnest: Version: v4.1.17-1-g9cc3d4a
[06/06/26 21:41:10] crowsnest: Prepare Startup ...
[06/06/26 21:41:11] crowsnest: INFO: Host information:
[06/06/26 21:41:11] crowsnest: Host Info: Distribution: Debian GNU/Linux 12 (bookworm)
[06/06/26 21:41:11] crowsnest: Host Info: Release: MainsailOS release 2.2.2 (bookworm)
[06/06/26 21:41:11] crowsnest: Host Info: Kernel: Linux 6.12.87+rpt-rpi-v8 aarch64
[06/06/26 21:41:11] crowsnest: Host Info: Model:  Raspberry Pi 4 Model B Rev 1.1
[06/06/26 21:41:11] crowsnest: Host Info: Available CPU Cores: 4
[06/06/26 21:41:11] crowsnest: Host Info: Available Memory: 748988 kB
[06/06/26 21:41:11] crowsnest: Host Info: Diskspace (avail. / total): 5.4G / 15G
[06/06/26 21:41:11] crowsnest: INFO: Checking Dependencies
[06/06/26 21:41:11] crowsnest: Dependency: 'crudini' found in /usr/bin/crudini.
[06/06/26 21:41:11] crowsnest: Dependency: 'find' found in /usr/bin/find.
[06/06/26 21:41:11] crowsnest: Dependency: 'xargs' found in /usr/bin/xargs.
[06/06/26 21:41:11] crowsnest: Dependency: 'ustreamer' found in bin/ustreamer/src/ustreamer.bin.
[06/06/26 21:41:11] crowsnest: Dependency: 'camera-streamer' found in bin/camera-streamer/camera-streamer.
[06/06/26 21:41:11] crowsnest: Version Control: ustreamer is up to date. (v6.36)
[06/06/26 21:41:11] crowsnest: Version Control: camera-streamer is up to date. ((2f71a28))
[06/06/26 21:41:11] crowsnest: INFO: Print Configfile: '/home/jay/printer_data/config/crowsnest.conf'
[06/06/26 21:41:11] crowsnest:		[crowsnest]
[06/06/26 21:41:11] crowsnest:		log_path: /home/jay/printer_data/logs/crowsnest.log
[06/06/26 21:41:11] crowsnest:		log_level: verbose
[06/06/26 21:41:11] crowsnest:		delete_log: false
[06/06/26 21:41:11] crowsnest:		no_proxy: false
[06/06/26 21:41:11] crowsnest:		
[06/06/26 21:41:11] crowsnest:		[cam 1]
[06/06/26 21:41:11] crowsnest:		mode: ustreamer
[06/06/26 21:41:11] crowsnest:		
[06/06/26 21:41:11] crowsnest:		port: 8080
[06/06/26 21:41:11] crowsnest:		device: /dev/video0
[06/06/26 21:41:11] crowsnest:		resolution: 640x480
[06/06/26 21:41:11] crowsnest:		max_fps: 15
[06/06/26 21:41:11] crowsnest: INFO: Detect available Devices
[06/06/26 21:41:11] crowsnest: ERROR: No usable Devices Found. Stopping crowsnest.
[06/06/26 21:41:17] crowsnest: crowsnest - A webcam Service for multiple Cams and Stream Services.
[06/06/26 21:41:17] crowsnest: Version: v4.1.17-1-g9cc3d4a
[06/06/26 21:41:17] crowsnest: Prepare Startup ...
[06/06/26 21:41:18] crowsnest: INFO: Host information:
[06/06/26 21:41:18] crowsnest: Host Info: Distribution: Debian GNU/Linux 12 (bookworm)
[06/06/26 21:41:18] crowsnest: Host Info: Release: MainsailOS release 2.2.2 (bookworm)
[06/06/26 21:41:18] crowsnest: Host Info: Kernel: Linux 6.12.87+rpt-rpi-v8 aarch64
[06/06/26 21:41:18] crowsnest: Host Info: Model:  Raspberry Pi 4 Model B Rev 1.1
[06/06/26 21:41:18] crowsnest: Host Info: Available CPU Cores: 4
[06/06/26 21:41:18] crowsnest: Host Info: Available Memory: 748988 kB
[06/06/26 21:41:18] crowsnest: Host Info: Diskspace (avail. / total): 5.4G / 15G
[06/06/26 21:41:18] crowsnest: INFO: Checking Dependencies
[06/06/26 21:41:18] crowsnest: Dependency: 'crudini' found in /usr/bin/crudini.
[06/06/26 21:41:18] crowsnest: Dependency: 'find' found in /usr/bin/find.
[06/06/26 21:41:18] crowsnest: Dependency: 'xargs' found in /usr/bin/xargs.
[06/06/26 21:41:18] crowsnest: Dependency: 'ustreamer' found in bin/ustreamer/src/ustreamer.bin.
[06/06/26 21:41:18] crowsnest: Dependency: 'camera-streamer' found in bin/camera-streamer/camera-streamer.
[06/06/26 21:41:18] crowsnest: Version Control: ustreamer is up to date. (v6.36)
[06/06/26 21:41:18] crowsnest: Version Control: camera-streamer is up to date. ((2f71a28))
[06/06/26 21:41:18] crowsnest: INFO: Print Configfile: '/home/jay/printer_data/config/crowsnest.conf'
[06/06/26 21:41:18] crowsnest:		[crowsnest]
[06/06/26 21:41:18] crowsnest:		log_path: /home/jay/printer_data/logs/crowsnest.log
[06/06/26 21:41:18] crowsnest:		log_level: verbose
[06/06/26 21:41:18] crowsnest:		delete_log: false
[06/06/26 21:41:18] crowsnest:		no_proxy: false
[06/06/26 21:41:18] crowsnest:		
[06/06/26 21:41:18] crowsnest:		[cam 1]
[06/06/26 21:41:18] crowsnest:		mode: ustreamer
[06/06/26 21:41:18] crowsnest:		
[06/06/26 21:41:18] crowsnest:		port: 8080
[06/06/26 21:41:18] crowsnest:		device: /dev/video0
[06/06/26 21:41:18] crowsnest:		resolution: 640x480
[06/06/26 21:41:18] crowsnest:		max_fps: 15
[06/06/26 21:41:18] crowsnest: INFO: Detect available Devices
[06/06/26 21:41:18] crowsnest: ERROR: No usable Devices Found. Stopping crowsnest.
[06/06/26 21:41:24] crowsnest: crowsnest - A webcam Service for multiple Cams and Stream Services.
[06/06/26 21:41:24] crowsnest: Version: v4.1.17-1-g9cc3d4a
[06/06/26 21:41:24] crowsnest: Prepare Startup ...
[06/06/26 21:41:25] crowsnest: INFO: Host information:
[06/06/26 21:41:25] crowsnest: Host Info: Distribution: Debian GNU/Linux 12 (bookworm)
[06/06/26 21:41:25] crowsnest: Host Info: Release: MainsailOS release 2.2.2 (bookworm)
[06/06/26 21:41:25] crowsnest: Host Info: Kernel: Linux 6.12.87+rpt-rpi-v8 aarch64
[06/06/26 21:41:25] crowsnest: Host Info: Model:  Raspberry Pi 4 Model B Rev 1.1
[06/06/26 21:41:25] crowsnest: Host Info: Available CPU Cores: 4
[06/06/26 21:41:25] crowsnest: Host Info: Available Memory: 748988 kB
[06/06/26 21:41:25] crowsnest: Host Info: Diskspace (avail. / total): 5.4G / 15G
[06/06/26 21:41:25] crowsnest: INFO: Checking Dependencies
[06/06/26 21:41:25] crowsnest: Dependency: 'crudini' found in /usr/bin/crudini.
[06/06/26 21:41:25] crowsnest: Dependency: 'find' found in /usr/bin/find.
[06/06/26 21:41:25] crowsnest: Dependency: 'xargs' found in /usr/bin/xargs.
[06/06/26 21:41:25] crowsnest: Dependency: 'ustreamer' found in bin/ustreamer/src/ustreamer.bin.
[06/06/26 21:41:25] crowsnest: Dependency: 'camera-streamer' found in bin/camera-streamer/camera-streamer.
[06/06/26 21:41:25] crowsnest: Version Control: ustreamer is up to date. (v6.36)
[06/06/26 21:41:25] crowsnest: Version Control: camera-streamer is up to date. ((2f71a28))
[06/06/26 21:41:25] crowsnest: INFO: Print Configfile: '/home/jay/printer_data/config/crowsnest.conf'
[06/06/26 21:41:25] crowsnest:		[crowsnest]
[06/06/26 21:41:25] crowsnest:		log_path: /home/jay/printer_data/logs/crowsnest.log
[06/06/26 21:41:25] crowsnest:		log_level: verbose
[06/06/26 21:41:25] crowsnest:		delete_log: false
[06/06/26 21:41:25] crowsnest:		no_proxy: false
[06/06/26 21:41:25] crowsnest:		
[06/06/26 21:41:25] crowsnest:		[cam 1]
[06/06/26 21:41:25] crowsnest:		mode: ustreamer
[06/06/26 21:41:25] crowsnest:		
[06/06/26 21:41:25] crowsnest:		port: 8080
[06/06/26 21:41:25] crowsnest:		device: /dev/video0
[06/06/26 21:41:25] crowsnest:		resolution: 640x480
[06/06/26 21:41:25] crowsnest:		max_fps: 15
[06/06/26 21:41:25] crowsnest: INFO: Detect available Devices
[06/06/26 21:41:25] crowsnest: ERROR: No usable Devices Found. Stopping crowsnest.
[06/06/26 21:41:31] crowsnest: crowsnest - A webcam Service for multiple Cams and Stream Services.
[06/06/26 21:41:31] crowsnest: Version: v4.1.17-1-g9cc3d4a
[06/06/26 21:41:31] crowsnest: Prepare Startup ...
[06/06/26 21:41:32] crowsnest: INFO: Host information:
[06/06/26 21:41:32] crowsnest: Host Info: Distribution: Debian GNU/Linux 12 (bookworm)
[06/06/26 21:41:32] crowsnest: Host Info: Release: MainsailOS release 2.2.2 (bookworm)
[06/06/26 21:41:32] crowsnest: Host Info: Kernel: Linux 6.12.87+rpt-rpi-v8 aarch64
[06/06/26 21:41:32] crowsnest: Host Info: Model:  Raspberry Pi 4 Model B Rev 1.1
[06/06/26 21:41:32] crowsnest: Host Info: Available CPU Cores: 4
[06/06/26 21:41:32] crowsnest: Host Info: Available Memory: 748988 kB
[06/06/26 21:41:32] crowsnest: Host Info: Diskspace (avail. / total): 5.4G / 15G
[06/06/26 21:41:32] crowsnest: INFO: Checking Dependencies
[06/06/26 21:41:32] crowsnest: Dependency: 'crudini' found in /usr/bin/crudini.
[06/06/26 21:41:32] crowsnest: Dependency: 'find' found in /usr/bin/find.
[06/06/26 21:41:32] crowsnest: Dependency: 'xargs' found in /usr/bin/xargs.
[06/06/26 21:41:32] crowsnest: Dependency: 'ustreamer' found in bin/ustreamer/src/ustreamer.bin.
[06/06/26 21:41:32] crowsnest: Dependency: 'camera-streamer' found in bin/camera-streamer/camera-streamer.
[06/06/26 21:41:32] crowsnest: Version Control: ustreamer is up to date. (v6.36)
[06/06/26 21:41:32] crowsnest: Version Control: camera-streamer is up to date. ((2f71a28))
[06/06/26 21:41:32] crowsnest: INFO: Print Configfile: '/home/jay/printer_data/config/crowsnest.conf'
[06/06/26 21:41:32] crowsnest:		[crowsnest]
[06/06/26 21:41:32] crowsnest:		log_path: /home/jay/printer_data/logs/crowsnest.log
[06/06/26 21:41:32] crowsnest:		log_level: verbose
[06/06/26 21:41:32] crowsnest:		delete_log: false
[06/06/26 21:41:32] crowsnest:		no_proxy: false
[06/06/26 21:41:32] crowsnest:		
[06/06/26 21:41:32] crowsnest:		[cam 1]
[06/06/26 21:41:32] crowsnest:		mode: ustreamer
[06/06/26 21:41:32] crowsnest:		
[06/06/26 21:41:32] crowsnest:		port: 8080
[06/06/26 21:41:32] crowsnest:		device: /dev/video0
[06/06/26 21:41:32] crowsnest:		resolution: 640x480
[06/06/26 21:41:32] crowsnest:		max_fps: 15
[06/06/26 21:41:32] crowsnest: INFO: Detect available Devices
[06/06/26 21:41:32] crowsnest: ERROR: No usable Devices Found. Stopping crowsnest.
[06/06/26 21:41:38] crowsnest: crowsnest - A webcam Service for multiple Cams and Stream Services.
[06/06/26 21:41:38] crowsnest: Version: v4.1.17-1-g9cc3d4a
[06/06/26 21:41:38] crowsnest: Prepare Startup ...
[06/06/26 21:41:39] crowsnest: INFO: Host information:
[06/06/26 21:41:39] crowsnest: Host Info: Distribution: Debian GNU/Linux 12 (bookworm)
[06/06/26 21:41:39] crowsnest: Host Info: Release: MainsailOS release 2.2.2 (bookworm)
[06/06/26 21:41:39] crowsnest: Host Info: Kernel: Linux 6.12.87+rpt-rpi-v8 aarch64
[06/06/26 21:41:39] crowsnest: Host Info: Model:  Raspberry Pi 4 Model B Rev 1.1
[06/06/26 21:41:39] crowsnest: Host Info: Available CPU Cores: 4
[06/06/26 21:41:39] crowsnest: Host Info: Available Memory: 748988 kB
[06/06/26 21:41:39] crowsnest: Host Info: Diskspace (avail. / total): 5.4G / 15G
[06/06/26 21:41:39] crowsnest: INFO: Checking Dependencies
[06/06/26 21:41:39] crowsnest: Dependency: 'crudini' found in /usr/bin/crudini.
[06/06/26 21:41:39] crowsnest: Dependency: 'find' found in /usr/bin/find.
[06/06/26 21:41:39] crowsnest: Dependency: 'xargs' found in /usr/bin/xargs.
[06/06/26 21:41:39] crowsnest: Dependency: 'ustreamer' found in bin/ustreamer/src/ustreamer.bin.
[06/06/26 21:41:39] crowsnest: Dependency: 'camera-streamer' found in bin/camera-streamer/camera-streamer.
[06/06/26 21:41:39] crowsnest: Version Control: ustreamer is up to date. (v6.36)
[06/06/26 21:41:39] crowsnest: Version Control: camera-streamer is up to date. ((2f71a28))
[06/06/26 21:41:39] crowsnest: INFO: Print Configfile: '/home/jay/printer_data/config/crowsnest.conf'
[06/06/26 21:41:39] crowsnest:		[crowsnest]
[06/06/26 21:41:39] crowsnest:		log_path: /home/jay/printer_data/logs/crowsnest.log
[06/06/26 21:41:39] crowsnest:		log_level: verbose
[06/06/26 21:41:39] crowsnest:		delete_log: false
[06/06/26 21:41:39] crowsnest:		no_proxy: false
[06/06/26 21:41:39] crowsnest:		
[06/06/26 21:41:39] crowsnest:		[cam 1]
[06/06/26 21:41:39] crowsnest:		mode: ustreamer
[06/06/26 21:41:39] crowsnest:		
[06/06/26 21:41:39] crowsnest:		port: 8080
[06/06/26 21:41:39] crowsnest:		device: /dev/video0
[06/06/26 21:41:39] crowsnest:		resolution: 640x480
[06/06/26 21:41:39] crowsnest:		max_fps: 15
[06/06/26 21:41:39] crowsnest: INFO: Detect available Devices
[06/06/26 21:41:39] crowsnest: ERROR: No usable Devices Found. Stopping crowsnest.
[06/06/26 21:41:45] crowsnest: crowsnest - A webcam Service for multiple Cams and Stream Services.
[06/06/26 21:41:45] crowsnest: Version: v4.1.17-1-g9cc3d4a
[06/06/26 21:41:45] crowsnest: Prepare Startup ...
[06/06/26 21:41:46] crowsnest: INFO: Host information:
[06/06/26 21:41:46] crowsnest: Host Info: Distribution: Debian GNU/Linux 12 (bookworm)
[06/06/26 21:41:46] crowsnest: Host Info: Release: MainsailOS release 2.2.2 (bookworm)
[06/06/26 21:41:46] crowsnest: Host Info: Kernel: Linux 6.12.87+rpt-rpi-v8 aarch64
[06/06/26 21:41:46] crowsnest: Host Info: Model:  Raspberry Pi 4 Model B Rev 1.1
[06/06/26 21:41:46] crowsnest: Host Info: Available CPU Cores: 4
[06/06/26 21:41:46] crowsnest: Host Info: Available Memory: 748988 kB
[06/06/26 21:41:46] crowsnest: Host Info: Diskspace (avail. / total): 5.4G / 15G
[06/06/26 21:41:46] crowsnest: INFO: Checking Dependencies
[06/06/26 21:41:46] crowsnest: Dependency: 'crudini' found in /usr/bin/crudini.
[06/06/26 21:41:46] crowsnest: Dependency: 'find' found in /usr/bin/find.
[06/06/26 21:41:46] crowsnest: Dependency: 'xargs' found in /usr/bin/xargs.
[06/06/26 21:41:46] crowsnest: Dependency: 'ustreamer' found in bin/ustreamer/src/ustreamer.bin.
[06/06/26 21:41:46] crowsnest: Dependency: 'camera-streamer' found in bin/camera-streamer/camera-streamer.
[06/06/26 21:41:46] crowsnest: Version Control: ustreamer is up to date. (v6.36)
[06/06/26 21:41:46] crowsnest: Version Control: camera-streamer is up to date. ((2f71a28))
[06/06/26 21:41:46] crowsnest: INFO: Print Configfile: '/home/jay/printer_data/config/crowsnest.conf'
[06/06/26 21:41:46] crowsnest:		[crowsnest]
[06/06/26 21:41:46] crowsnest:		log_path: /home/jay/printer_data/logs/crowsnest.log
[06/06/26 21:41:46] crowsnest:		log_level: verbose
[06/06/26 21:41:46] crowsnest:		delete_log: false
[06/06/26 21:41:46] crowsnest:		no_proxy: false
[06/06/26 21:41:46] crowsnest:		
[06/06/26 21:41:46] crowsnest:		[cam 1]
[06/06/26 21:41:46] crowsnest:		mode: ustreamer
[06/06/26 21:41:46] crowsnest:		
[06/06/26 21:41:46] crowsnest:		port: 8080
[06/06/26 21:41:46] crowsnest:		device: /dev/video0
[06/06/26 21:41:46] crowsnest:		resolution: 640x480
[06/06/26 21:41:46] crowsnest:		max_fps: 15
[06/06/26 21:41:46] crowsnest: INFO: Detect available Devices
[06/06/26 21:41:46] crowsnest: ERROR: No usable Devices Found. Stopping crowsnest.
[06/06/26 21:41:52] crowsnest: crowsnest - A webcam Service for multiple Cams and Stream Services.
[06/06/26 21:41:52] crowsnest: Version: v4.1.17-1-g9cc3d4a
[06/06/26 21:41:52] crowsnest: Prepare Startup ...
[06/06/26 21:41:53] crowsnest: INFO: Host information:
[06/06/26 21:41:53] crowsnest: Host Info: Distribution: Debian GNU/Linux 12 (bookworm)
[06/06/26 21:41:53] crowsnest: Host Info: Release: MainsailOS release 2.2.2 (bookworm)
[06/06/26 21:41:53] crowsnest: Host Info: Kernel: Linux 6.12.87+rpt-rpi-v8 aarch64
[06/06/26 21:41:53] crowsnest: Host Info: Model:  Raspberry Pi 4 Model B Rev 1.1
[06/06/26 21:41:53] crowsnest: Host Info: Available CPU Cores: 4
[06/06/26 21:41:53] crowsnest: Host Info: Available Memory: 748988 kB
[06/06/26 21:41:53] crowsnest: Host Info: Diskspace (avail. / total): 5.4G / 15G
[06/06/26 21:41:53] crowsnest: INFO: Checking Dependencies
[06/06/26 21:41:53] crowsnest: Dependency: 'crudini' found in /usr/bin/crudini.
[06/06/26 21:41:53] crowsnest: Dependency: 'find' found in /usr/bin/find.
[06/06/26 21:41:53] crowsnest: Dependency: 'xargs' found in /usr/bin/xargs.
[06/06/26 21:41:53] crowsnest: Dependency: 'ustreamer' found in bin/ustreamer/src/ustreamer.bin.
[06/06/26 21:41:53] crowsnest: Dependency: 'camera-streamer' found in bin/camera-streamer/camera-streamer.
[06/06/26 21:41:53] crowsnest: Version Control: ustreamer is up to date. (v6.36)
[06/06/26 21:41:53] crowsnest: Version Control: camera-streamer is up to date. ((2f71a28))
[06/06/26 21:41:53] crowsnest: INFO: Print Configfile: '/home/jay/printer_data/config/crowsnest.conf'
[06/06/26 21:41:53] crowsnest:		[crowsnest]
[06/06/26 21:41:53] crowsnest:		log_path: /home/jay/printer_data/logs/crowsnest.log
[06/06/26 21:41:53] crowsnest:		log_level: verbose
[06/06/26 21:41:53] crowsnest:		delete_log: false
[06/06/26 21:41:53] crowsnest:		no_proxy: false
[06/06/26 21:41:53] crowsnest:		
[06/06/26 21:41:53] crowsnest:		[cam 1]
[06/06/26 21:41:53] crowsnest:		mode: ustreamer
[06/06/26 21:41:53] crowsnest:		
[06/06/26 21:41:53] crowsnest:		port: 8080
[06/06/26 21:41:53] crowsnest:		device: /dev/video0
[06/06/26 21:41:53] crowsnest:		resolution: 640x480
[06/06/26 21:41:53] crowsnest:		max_fps: 15
[06/06/26 21:41:53] crowsnest: INFO: Detect available Devices
[06/06/26 21:41:53] crowsnest: ERROR: No usable Devices Found. Stopping crowsnest.
[06/06/26 21:41:59] crowsnest: crowsnest - A webcam Service for multiple Cams and Stream Services.
[06/06/26 21:41:59] crowsnest: Version: v4.1.17-1-g9cc3d4a
[06/06/26 21:41:59] crowsnest: Prepare Startup ...
[06/06/26 21:42:00] crowsnest: INFO: Host information:
[06/06/26 21:42:00] crowsnest: Host Info: Distribution: Debian GNU/Linux 12 (bookworm)
[06/06/26 21:42:00] crowsnest: Host Info: Release: MainsailOS release 2.2.2 (bookworm)
[06/06/26 21:42:00] crowsnest: Host Info: Kernel: Linux 6.12.87+rpt-rpi-v8 aarch64
[06/06/26 21:42:00] crowsnest: Host Info: Model:  Raspberry Pi 4 Model B Rev 1.1
[06/06/26 21:42:00] crowsnest: Host Info: Available CPU Cores: 4
[06/06/26 21:42:00] crowsnest: Host Info: Available Memory: 748988 kB
[06/06/26 21:42:00] crowsnest: Host Info: Diskspace (avail. / total): 5.4G / 15G
[06/06/26 21:42:00] crowsnest: INFO: Checking Dependencies
[06/06/26 21:42:00] crowsnest: Dependency: 'crudini' found in /usr/bin/crudini.
[06/06/26 21:42:00] crowsnest: Dependency: 'find' found in /usr/bin/find.
[06/06/26 21:42:00] crowsnest: Dependency: 'xargs' found in /usr/bin/xargs.
[06/06/26 21:42:00] crowsnest: Dependency: 'ustreamer' found in bin/ustreamer/src/ustreamer.bin.
[06/06/26 21:42:00] crowsnest: Dependency: 'camera-streamer' found in bin/camera-streamer/camera-streamer.
[06/06/26 21:42:00] crowsnest: Version Control: ustreamer is up to date. (v6.36)
[06/06/26 21:42:00] crowsnest: Version Control: camera-streamer is up to date. ((2f71a28))
[06/06/26 21:42:00] crowsnest: INFO: Print Configfile: '/home/jay/printer_data/config/crowsnest.conf'
[06/06/26 21:42:00] crowsnest:		[crowsnest]
[06/06/26 21:42:00] crowsnest:		log_path: /home/jay/printer_data/logs/crowsnest.log
[06/06/26 21:42:00] crowsnest:		log_level: verbose
[06/06/26 21:42:00] crowsnest:		delete_log: false
[06/06/26 21:42:00] crowsnest:		no_proxy: false
[06/06/26 21:42:00] crowsnest:		
[06/06/26 21:42:00] crowsnest:		[cam 1]
[06/06/26 21:42:00] crowsnest:		mode: ustreamer
[06/06/26 21:42:00] crowsnest:		
[06/06/26 21:42:00] crowsnest:		port: 8080
[06/06/26 21:42:00] crowsnest:		device: /dev/video0
[06/06/26 21:42:00] crowsnest:		resolution: 640x480
[06/06/26 21:42:00] crowsnest:		max_fps: 15
[06/06/26 21:42:00] crowsnest: INFO: Detect available Devices
[06/06/26 21:42:00] crowsnest: ERROR: No usable Devices Found. Stopping crowsnest.
[06/07/26 21:46:20] crowsnest: crowsnest - A webcam Service for multiple Cams and Stream Services.
[06/07/26 21:46:20] crowsnest: Version: v4.1.17-1-g9cc3d4a
[06/07/26 21:46:20] crowsnest: Prepare Startup ...
[06/07/26 21:46:20] crowsnest: INFO: Host information:
[06/07/26 21:46:20] crowsnest: Host Info: Distribution: Debian GNU/Linux 12 (bookworm)
[06/07/26 21:46:20] crowsnest: Host Info: Release: MainsailOS release 2.2.2 (bookworm)
[06/07/26 21:46:20] crowsnest: Host Info: Kernel: Linux 6.12.87+rpt-rpi-v8 aarch64
[06/07/26 21:46:20] crowsnest: Host Info: Model:  Raspberry Pi 4 Model B Rev 1.1
[06/07/26 21:46:20] crowsnest: Host Info: Available CPU Cores: 4
[06/07/26 21:46:20] crowsnest: Host Info: Available Memory: 748988 kB
[06/07/26 21:46:20] crowsnest: Host Info: Diskspace (avail. / total): 5.4G / 15G
[06/07/26 21:46:20] crowsnest: INFO: Checking Dependencies
[06/07/26 21:46:29] crowsnest: Dependency: 'crudini' found in /usr/bin/crudini.
[06/07/26 21:46:29] crowsnest: Dependency: 'find' found in /usr/bin/find.
[06/07/26 21:46:29] crowsnest: Dependency: 'xargs' found in /usr/bin/xargs.
[06/07/26 21:46:29] crowsnest: Dependency: 'ustreamer' found in bin/ustreamer/src/ustreamer.bin.
[06/07/26 21:46:29] crowsnest: Dependency: 'camera-streamer' found in bin/camera-streamer/camera-streamer.
[06/07/26 21:46:29] crowsnest: Version Control: ustreamer is up to date. (v6.36)
[06/07/26 21:46:31] crowsnest: Version Control: camera-streamer is up to date. ((2f71a28))
[06/07/26 21:46:31] crowsnest: INFO: Print Configfile: '/home/jay/printer_data/config/crowsnest.conf'
[06/07/26 21:46:31] crowsnest:		[crowsnest]
[06/07/26 21:46:31] crowsnest:		log_path: /home/jay/printer_data/logs/crowsnest.log
[06/07/26 21:46:31] crowsnest:		log_level: verbose
[06/07/26 21:46:31] crowsnest:		delete_log: false
[06/07/26 21:46:31] crowsnest:		no_proxy: false
[06/07/26 21:46:31] crowsnest:		
[06/07/26 21:46:31] crowsnest:		[cam 1]
[06/07/26 21:46:31] crowsnest:		mode: ustreamer
[06/07/26 21:46:31] crowsnest:		
[06/07/26 21:46:31] crowsnest:		port: 8080
[06/07/26 21:46:31] crowsnest:		device: /dev/video0
[06/07/26 21:46:31] crowsnest:		resolution: 640x480
[06/07/26 21:46:31] crowsnest:		max_fps: 15
[06/07/26 21:46:31] crowsnest: INFO: Detect available Devices
[06/07/26 21:46:32] crowsnest: ERROR: No usable Devices Found. Stopping crowsnest.
[06/07/26 21:46:37] crowsnest: crowsnest - A webcam Service for multiple Cams and Stream Services.
[06/07/26 21:46:37] crowsnest: Version: v4.1.17-1-g9cc3d4a
[06/07/26 21:46:37] crowsnest: Prepare Startup ...
[06/07/26 21:46:38] crowsnest: INFO: Host information:
[06/07/26 21:46:38] crowsnest: Host Info: Distribution: Debian GNU/Linux 12 (bookworm)
[06/07/26 21:46:38] crowsnest: Host Info: Release: MainsailOS release 2.2.2 (bookworm)
[06/07/26 21:46:38] crowsnest: Host Info: Kernel: Linux 6.12.87+rpt-rpi-v8 aarch64
[06/07/26 21:46:38] crowsnest: Host Info: Model:  Raspberry Pi 4 Model B Rev 1.1
[06/07/26 21:46:38] crowsnest: Host Info: Available CPU Cores: 4
[06/07/26 21:46:38] crowsnest: Host Info: Available Memory: 748988 kB
[06/07/26 21:46:38] crowsnest: Host Info: Diskspace (avail. / total): 5.4G / 15G
[06/07/26 21:46:38] crowsnest: INFO: Checking Dependencies
[06/07/26 21:46:38] crowsnest: Dependency: 'crudini' found in /usr/bin/crudini.
[06/07/26 21:46:38] crowsnest: Dependency: 'find' found in /usr/bin/find.
[06/07/26 21:46:38] crowsnest: Dependency: 'xargs' found in /usr/bin/xargs.
[06/07/26 21:46:38] crowsnest: Dependency: 'ustreamer' found in bin/ustreamer/src/ustreamer.bin.
[06/07/26 21:46:38] crowsnest: Dependency: 'camera-streamer' found in bin/camera-streamer/camera-streamer.
[06/07/26 21:46:38] crowsnest: Version Control: ustreamer is up to date. (v6.36)
[06/07/26 21:46:38] crowsnest: Version Control: camera-streamer is up to date. ((2f71a28))
[06/07/26 21:46:38] crowsnest: INFO: Print Configfile: '/home/jay/printer_data/config/crowsnest.conf'
[06/07/26 21:46:38] crowsnest:		[crowsnest]
[06/07/26 21:46:38] crowsnest:		log_path: /home/jay/printer_data/logs/crowsnest.log
[06/07/26 21:46:38] crowsnest:		log_level: verbose
[06/07/26 21:46:38] crowsnest:		delete_log: false
[06/07/26 21:46:38] crowsnest:		no_proxy: false
[06/07/26 21:46:38] crowsnest:		
[06/07/26 21:46:38] crowsnest:		[cam 1]
[06/07/26 21:46:38] crowsnest:		mode: ustreamer
[06/07/26 21:46:38] crowsnest:		
[06/07/26 21:46:38] crowsnest:		port: 8080
[06/07/26 21:46:38] crowsnest:		device: /dev/video0
[06/07/26 21:46:38] crowsnest:		resolution: 640x480
[06/07/26 21:46:38] crowsnest:		max_fps: 15
[06/07/26 21:46:38] crowsnest: INFO: Detect available Devices
[06/07/26 21:46:38] crowsnest: ERROR: No usable Devices Found. Stopping crowsnest.
[06/07/26 21:46:44] crowsnest: crowsnest - A webcam Service for multiple Cams and Stream Services.
[06/07/26 21:46:44] crowsnest: Version: v4.1.17-1-g9cc3d4a
[06/07/26 21:46:44] crowsnest: Prepare Startup ...
[06/07/26 21:46:45] crowsnest: INFO: Host information:
[06/07/26 21:46:45] crowsnest: Host Info: Distribution: Debian GNU/Linux 12 (bookworm)
[06/07/26 21:46:45] crowsnest: Host Info: Release: MainsailOS release 2.2.2 (bookworm)
[06/07/26 21:46:45] crowsnest: Host Info: Kernel: Linux 6.12.87+rpt-rpi-v8 aarch64
[06/07/26 21:46:45] crowsnest: Host Info: Model:  Raspberry Pi 4 Model B Rev 1.1
[06/07/26 21:46:45] crowsnest: Host Info: Available CPU Cores: 4
[06/07/26 21:46:45] crowsnest: Host Info: Available Memory: 748988 kB
[06/07/26 21:46:45] crowsnest: Host Info: Diskspace (avail. / total): 5.4G / 15G
[06/07/26 21:46:45] crowsnest: INFO: Checking Dependencies
[06/07/26 21:46:45] crowsnest: Dependency: 'crudini' found in /usr/bin/crudini.
[06/07/26 21:46:45] crowsnest: Dependency: 'find' found in /usr/bin/find.
[06/07/26 21:46:45] crowsnest: Dependency: 'xargs' found in /usr/bin/xargs.
[06/07/26 21:46:45] crowsnest: Dependency: 'ustreamer' found in bin/ustreamer/src/ustreamer.bin.
[06/07/26 21:46:45] crowsnest: Dependency: 'camera-streamer' found in bin/camera-streamer/camera-streamer.
[06/07/26 21:46:45] crowsnest: Version Control: ustreamer is up to date. (v6.36)
[06/07/26 21:46:45] crowsnest: Version Control: camera-streamer is up to date. ((2f71a28))
[06/07/26 21:46:45] crowsnest: INFO: Print Configfile: '/home/jay/printer_data/config/crowsnest.conf'
[06/07/26 21:46:45] crowsnest:		[crowsnest]
[06/07/26 21:46:45] crowsnest:		log_path: /home/jay/printer_data/logs/crowsnest.log
[06/07/26 21:46:45] crowsnest:		log_level: verbose
[06/07/26 21:46:45] crowsnest:		delete_log: false
[06/07/26 21:46:45] crowsnest:		no_proxy: false
[06/07/26 21:46:45] crowsnest:		
[06/07/26 21:46:45] crowsnest:		[cam 1]
[06/07/26 21:46:45] crowsnest:		mode: ustreamer
[06/07/26 21:46:45] crowsnest:		
[06/07/26 21:46:45] crowsnest:		port: 8080
[06/07/26 21:46:45] crowsnest:		device: /dev/video0
[06/07/26 21:46:45] crowsnest:		resolution: 640x480
[06/07/26 21:46:45] crowsnest:		max_fps: 15
[06/07/26 21:46:45] crowsnest: INFO: Detect available Devices
[06/07/26 21:46:45] crowsnest: ERROR: No usable Devices Found. Stopping crowsnest.
[06/07/26 21:46:51] crowsnest: crowsnest - A webcam Service for multiple Cams and Stream Services.
[06/07/26 21:46:51] crowsnest: Version: v4.1.17-1-g9cc3d4a
[06/07/26 21:46:51] crowsnest: Prepare Startup ...
[06/07/26 21:46:52] crowsnest: INFO: Host information:
[06/07/26 21:46:52] crowsnest: Host Info: Distribution: Debian GNU/Linux 12 (bookworm)
[06/07/26 21:46:52] crowsnest: Host Info: Release: MainsailOS release 2.2.2 (bookworm)
[06/07/26 21:46:52] crowsnest: Host Info: Kernel: Linux 6.12.87+rpt-rpi-v8 aarch64
[06/07/26 21:46:52] crowsnest: Host Info: Model:  Raspberry Pi 4 Model B Rev 1.1
[06/07/26 21:46:52] crowsnest: Host Info: Available CPU Cores: 4
[06/07/26 21:46:52] crowsnest: Host Info: Available Memory: 748988 kB
[06/07/26 21:46:52] crowsnest: Host Info: Diskspace (avail. / total): 5.4G / 15G
[06/07/26 21:46:52] crowsnest: INFO: Checking Dependencies
[06/07/26 21:46:52] crowsnest: Dependency: 'crudini' found in /usr/bin/crudini.
[06/07/26 21:46:52] crowsnest: Dependency: 'find' found in /usr/bin/find.
[06/07/26 21:46:52] crowsnest: Dependency: 'xargs' found in /usr/bin/xargs.
[06/07/26 21:46:52] crowsnest: Dependency: 'ustreamer' found in bin/ustreamer/src/ustreamer.bin.
[06/07/26 21:46:52] crowsnest: Dependency: 'camera-streamer' found in bin/camera-streamer/camera-streamer.
[06/07/26 21:46:52] crowsnest: Version Control: ustreamer is up to date. (v6.36)
[06/07/26 21:46:52] crowsnest: Version Control: camera-streamer is up to date. ((2f71a28))
[06/07/26 21:46:52] crowsnest: INFO: Print Configfile: '/home/jay/printer_data/config/crowsnest.conf'
[06/07/26 21:46:52] crowsnest:		[crowsnest]
[06/07/26 21:46:52] crowsnest:		log_path: /home/jay/printer_data/logs/crowsnest.log
[06/07/26 21:46:52] crowsnest:		log_level: verbose
[06/07/26 21:46:52] crowsnest:		delete_log: false
[06/07/26 21:46:52] crowsnest:		no_proxy: false
[06/07/26 21:46:52] crowsnest:		
[06/07/26 21:46:52] crowsnest:		[cam 1]
[06/07/26 21:46:52] crowsnest:		mode: ustreamer
[06/07/26 21:46:52] crowsnest:		
[06/07/26 21:46:52] crowsnest:		port: 8080
[06/07/26 21:46:52] crowsnest:		device: /dev/video0
[06/07/26 21:46:52] crowsnest:		resolution: 640x480
[06/07/26 21:46:52] crowsnest:		max_fps: 15
[06/07/26 21:46:52] crowsnest: INFO: Detect available Devices
[06/07/26 21:46:52] crowsnest: ERROR: No usable Devices Found. Stopping crowsnest.
[06/07/26 21:46:58] crowsnest: crowsnest - A webcam Service for multiple Cams and Stream Services.
[06/07/26 21:46:58] crowsnest: Version: v4.1.17-1-g9cc3d4a
[06/07/26 21:46:58] crowsnest: Prepare Startup ...
[06/07/26 21:46:59] crowsnest: INFO: Host information:
[06/07/26 21:46:59] crowsnest: Host Info: Distribution: Debian GNU/Linux 12 (bookworm)
[06/07/26 21:46:59] crowsnest: Host Info: Release: MainsailOS release 2.2.2 (bookworm)
[06/07/26 21:46:59] crowsnest: Host Info: Kernel: Linux 6.12.87+rpt-rpi-v8 aarch64
[06/07/26 21:46:59] crowsnest: Host Info: Model:  Raspberry Pi 4 Model B Rev 1.1
[06/07/26 21:46:59] crowsnest: Host Info: Available CPU Cores: 4
[06/07/26 21:46:59] crowsnest: Host Info: Available Memory: 748988 kB
[06/07/26 21:46:59] crowsnest: Host Info: Diskspace (avail. / total): 5.4G / 15G
[06/07/26 21:46:59] crowsnest: INFO: Checking Dependencies
[06/07/26 21:46:59] crowsnest: Dependency: 'crudini' found in /usr/bin/crudini.
[06/07/26 21:46:59] crowsnest: Dependency: 'find' found in /usr/bin/find.
[06/07/26 21:46:59] crowsnest: Dependency: 'xargs' found in /usr/bin/xargs.
[06/07/26 21:46:59] crowsnest: Dependency: 'ustreamer' found in bin/ustreamer/src/ustreamer.bin.
[06/07/26 21:46:59] crowsnest: Dependency: 'camera-streamer' found in bin/camera-streamer/camera-streamer.
[06/07/26 21:46:59] crowsnest: Version Control: ustreamer is up to date. (v6.36)
[06/07/26 21:46:59] crowsnest: Version Control: camera-streamer is up to date. ((2f71a28))
[06/07/26 21:46:59] crowsnest: INFO: Print Configfile: '/home/jay/printer_data/config/crowsnest.conf'
[06/07/26 21:46:59] crowsnest:		[crowsnest]
[06/07/26 21:46:59] crowsnest:		log_path: /home/jay/printer_data/logs/crowsnest.log
[06/07/26 21:46:59] crowsnest:		log_level: verbose
[06/07/26 21:46:59] crowsnest:		delete_log: false
[06/07/26 21:46:59] crowsnest:		no_proxy: false
[06/07/26 21:46:59] crowsnest:		
[06/07/26 21:46:59] crowsnest:		[cam 1]
[06/07/26 21:46:59] crowsnest:		mode: ustreamer
[06/07/26 21:46:59] crowsnest:		
[06/07/26 21:46:59] crowsnest:		port: 8080
[06/07/26 21:46:59] crowsnest:		device: /dev/video0
[06/07/26 21:46:59] crowsnest:		resolution: 640x480
[06/07/26 21:46:59] crowsnest:		max_fps: 15
[06/07/26 21:46:59] crowsnest: INFO: Detect available Devices
[06/07/26 21:46:59] crowsnest: ERROR: No usable Devices Found. Stopping crowsnest.
[06/07/26 21:47:05] crowsnest: crowsnest - A webcam Service for multiple Cams and Stream Services.
[06/07/26 21:47:05] crowsnest: Version: v4.1.17-1-g9cc3d4a
[06/07/26 21:47:05] crowsnest: Prepare Startup ...
[06/07/26 21:47:06] crowsnest: INFO: Host information:
[06/07/26 21:47:06] crowsnest: Host Info: Distribution: Debian GNU/Linux 12 (bookworm)
[06/07/26 21:47:06] crowsnest: Host Info: Release: MainsailOS release 2.2.2 (bookworm)
[06/07/26 21:47:06] crowsnest: Host Info: Kernel: Linux 6.12.87+rpt-rpi-v8 aarch64
[06/07/26 21:47:06] crowsnest: Host Info: Model:  Raspberry Pi 4 Model B Rev 1.1
[06/07/26 21:47:06] crowsnest: Host Info: Available CPU Cores: 4
[06/07/26 21:47:06] crowsnest: Host Info: Available Memory: 748988 kB
[06/07/26 21:47:06] crowsnest: Host Info: Diskspace (avail. / total): 5.4G / 15G
[06/07/26 21:47:06] crowsnest: INFO: Checking Dependencies
[06/07/26 21:47:06] crowsnest: Dependency: 'crudini' found in /usr/bin/crudini.
[06/07/26 21:47:06] crowsnest: Dependency: 'find' found in /usr/bin/find.
[06/07/26 21:47:06] crowsnest: Dependency: 'xargs' found in /usr/bin/xargs.
[06/07/26 21:47:06] crowsnest: Dependency: 'ustreamer' found in bin/ustreamer/src/ustreamer.bin.
[06/07/26 21:47:06] crowsnest: Dependency: 'camera-streamer' found in bin/camera-streamer/camera-streamer.
[06/07/26 21:47:06] crowsnest: Version Control: ustreamer is up to date. (v6.36)
[06/07/26 21:47:06] crowsnest: Version Control: camera-streamer is up to date. ((2f71a28))
[06/07/26 21:47:06] crowsnest: INFO: Print Configfile: '/home/jay/printer_data/config/crowsnest.conf'
[06/07/26 21:47:06] crowsnest:		[crowsnest]
[06/07/26 21:47:06] crowsnest:		log_path: /home/jay/printer_data/logs/crowsnest.log
[06/07/26 21:47:06] crowsnest:		log_level: verbose
[06/07/26 21:47:06] crowsnest:		delete_log: false
[06/07/26 21:47:06] crowsnest:		no_proxy: false
[06/07/26 21:47:06] crowsnest:		
[06/07/26 21:47:06] crowsnest:		[cam 1]
[06/07/26 21:47:06] crowsnest:		mode: ustreamer
[06/07/26 21:47:06] crowsnest:		
[06/07/26 21:47:06] crowsnest:		port: 8080
[06/07/26 21:47:06] crowsnest:		device: /dev/video0
[06/07/26 21:47:06] crowsnest:		resolution: 640x480
[06/07/26 21:47:06] crowsnest:		max_fps: 15
[06/07/26 21:47:06] crowsnest: INFO: Detect available Devices
[06/07/26 21:47:06] crowsnest: ERROR: No usable Devices Found. Stopping crowsnest.
[06/07/26 21:47:12] crowsnest: crowsnest - A webcam Service for multiple Cams and Stream Services.
[06/07/26 21:47:12] crowsnest: Version: v4.1.17-1-g9cc3d4a
[06/07/26 21:47:12] crowsnest: Prepare Startup ...
[06/07/26 21:47:13] crowsnest: INFO: Host information:
[06/07/26 21:47:13] crowsnest: Host Info: Distribution: Debian GNU/Linux 12 (bookworm)
[06/07/26 21:47:13] crowsnest: Host Info: Release: MainsailOS release 2.2.2 (bookworm)
[06/07/26 21:47:13] crowsnest: Host Info: Kernel: Linux 6.12.87+rpt-rpi-v8 aarch64
[06/07/26 21:47:13] crowsnest: Host Info: Model:  Raspberry Pi 4 Model B Rev 1.1
[06/07/26 21:47:13] crowsnest: Host Info: Available CPU Cores: 4
[06/07/26 21:47:13] crowsnest: Host Info: Available Memory: 748988 kB
[06/07/26 21:47:13] crowsnest: Host Info: Diskspace (avail. / total): 5.4G / 15G
[06/07/26 21:47:13] crowsnest: INFO: Checking Dependencies
[06/07/26 21:47:13] crowsnest: Dependency: 'crudini' found in /usr/bin/crudini.
[06/07/26 21:47:13] crowsnest: Dependency: 'find' found in /usr/bin/find.
[06/07/26 21:47:13] crowsnest: Dependency: 'xargs' found in /usr/bin/xargs.
[06/07/26 21:47:13] crowsnest: Dependency: 'ustreamer' found in bin/ustreamer/src/ustreamer.bin.
[06/07/26 21:47:13] crowsnest: Dependency: 'camera-streamer' found in bin/camera-streamer/camera-streamer.
[06/07/26 21:47:13] crowsnest: Version Control: ustreamer is up to date. (v6.36)
[06/07/26 21:47:13] crowsnest: Version Control: camera-streamer is up to date. ((2f71a28))
[06/07/26 21:47:13] crowsnest: INFO: Print Configfile: '/home/jay/printer_data/config/crowsnest.conf'
[06/07/26 21:47:13] crowsnest:		[crowsnest]
[06/07/26 21:47:13] crowsnest:		log_path: /home/jay/printer_data/logs/crowsnest.log
[06/07/26 21:47:13] crowsnest:		log_level: verbose
[06/07/26 21:47:13] crowsnest:		delete_log: false
[06/07/26 21:47:13] crowsnest:		no_proxy: false
[06/07/26 21:47:13] crowsnest:		
[06/07/26 21:47:13] crowsnest:		[cam 1]
[06/07/26 21:47:13] crowsnest:		mode: ustreamer
[06/07/26 21:47:13] crowsnest:		
[06/07/26 21:47:13] crowsnest:		port: 8080
[06/07/26 21:47:13] crowsnest:		device: /dev/video0
[06/07/26 21:47:13] crowsnest:		resolution: 640x480
[06/07/26 21:47:13] crowsnest:		max_fps: 15
[06/07/26 21:47:13] crowsnest: INFO: Detect available Devices
[06/07/26 21:47:13] crowsnest: ERROR: No usable Devices Found. Stopping crowsnest.
[06/07/26 21:47:19] crowsnest: crowsnest - A webcam Service for multiple Cams and Stream Services.
[06/07/26 21:47:19] crowsnest: Version: v4.1.17-1-g9cc3d4a
[06/07/26 21:47:19] crowsnest: Prepare Startup ...
[06/07/26 21:47:20] crowsnest: INFO: Host information:
[06/07/26 21:47:20] crowsnest: Host Info: Distribution: Debian GNU/Linux 12 (bookworm)
[06/07/26 21:47:20] crowsnest: Host Info: Release: MainsailOS release 2.2.2 (bookworm)
[06/07/26 21:47:20] crowsnest: Host Info: Kernel: Linux 6.12.87+rpt-rpi-v8 aarch64
[06/07/26 21:47:20] crowsnest: Host Info: Model:  Raspberry Pi 4 Model B Rev 1.1
[06/07/26 21:47:20] crowsnest: Host Info: Available CPU Cores: 4
[06/07/26 21:47:20] crowsnest: Host Info: Available Memory: 748988 kB
[06/07/26 21:47:20] crowsnest: Host Info: Diskspace (avail. / total): 5.4G / 15G
[06/07/26 21:47:20] crowsnest: INFO: Checking Dependencies
[06/07/26 21:47:20] crowsnest: Dependency: 'crudini' found in /usr/bin/crudini.
[06/07/26 21:47:20] crowsnest: Dependency: 'find' found in /usr/bin/find.
[06/07/26 21:47:20] crowsnest: Dependency: 'xargs' found in /usr/bin/xargs.
[06/07/26 21:47:20] crowsnest: Dependency: 'ustreamer' found in bin/ustreamer/src/ustreamer.bin.
[06/07/26 21:47:20] crowsnest: Dependency: 'camera-streamer' found in bin/camera-streamer/camera-streamer.
[06/07/26 21:47:20] crowsnest: Version Control: ustreamer is up to date. (v6.36)
[06/07/26 21:47:20] crowsnest: Version Control: camera-streamer is up to date. ((2f71a28))
[06/07/26 21:47:20] crowsnest: INFO: Print Configfile: '/home/jay/printer_data/config/crowsnest.conf'
[06/07/26 21:47:20] crowsnest:		[crowsnest]
[06/07/26 21:47:20] crowsnest:		log_path: /home/jay/printer_data/logs/crowsnest.log
[06/07/26 21:47:20] crowsnest:		log_level: verbose
[06/07/26 21:47:20] crowsnest:		delete_log: false
[06/07/26 21:47:20] crowsnest:		no_proxy: false
[06/07/26 21:47:20] crowsnest:		
[06/07/26 21:47:20] crowsnest:		[cam 1]
[06/07/26 21:47:20] crowsnest:		mode: ustreamer
[06/07/26 21:47:20] crowsnest:		
[06/07/26 21:47:20] crowsnest:		port: 8080
[06/07/26 21:47:20] crowsnest:		device: /dev/video0
[06/07/26 21:47:20] crowsnest:		resolution: 640x480
[06/07/26 21:47:20] crowsnest:		max_fps: 15
[06/07/26 21:47:20] crowsnest: INFO: Detect available Devices
[06/07/26 21:47:20] crowsnest: ERROR: No usable Devices Found. Stopping crowsnest.
[06/07/26 21:47:26] crowsnest: crowsnest - A webcam Service for multiple Cams and Stream Services.
[06/07/26 21:47:26] crowsnest: Version: v4.1.17-1-g9cc3d4a
[06/07/26 21:47:26] crowsnest: Prepare Startup ...
[06/07/26 21:47:27] crowsnest: INFO: Host information:
[06/07/26 21:47:27] crowsnest: Host Info: Distribution: Debian GNU/Linux 12 (bookworm)
[06/07/26 21:47:27] crowsnest: Host Info: Release: MainsailOS release 2.2.2 (bookworm)
[06/07/26 21:47:27] crowsnest: Host Info: Kernel: Linux 6.12.87+rpt-rpi-v8 aarch64
[06/07/26 21:47:27] crowsnest: Host Info: Model:  Raspberry Pi 4 Model B Rev 1.1
[06/07/26 21:47:27] crowsnest: Host Info: Available CPU Cores: 4
[06/07/26 21:47:27] crowsnest: Host Info: Available Memory: 748988 kB
[06/07/26 21:47:27] crowsnest: Host Info: Diskspace (avail. / total): 5.4G / 15G
[06/07/26 21:47:27] crowsnest: INFO: Checking Dependencies
[06/07/26 21:47:27] crowsnest: Dependency: 'crudini' found in /usr/bin/crudini.
[06/07/26 21:47:27] crowsnest: Dependency: 'find' found in /usr/bin/find.
[06/07/26 21:47:27] crowsnest: Dependency: 'xargs' found in /usr/bin/xargs.
[06/07/26 21:47:27] crowsnest: Dependency: 'ustreamer' found in bin/ustreamer/src/ustreamer.bin.
[06/07/26 21:47:27] crowsnest: Dependency: 'camera-streamer' found in bin/camera-streamer/camera-streamer.
[06/07/26 21:47:27] crowsnest: Version Control: ustreamer is up to date. (v6.36)
[06/07/26 21:47:27] crowsnest: Version Control: camera-streamer is up to date. ((2f71a28))
[06/07/26 21:47:27] crowsnest: INFO: Print Configfile: '/home/jay/printer_data/config/crowsnest.conf'
[06/07/26 21:47:27] crowsnest:		[crowsnest]
[06/07/26 21:47:27] crowsnest:		log_path: /home/jay/printer_data/logs/crowsnest.log
[06/07/26 21:47:27] crowsnest:		log_level: verbose
[06/07/26 21:47:27] crowsnest:		delete_log: false
[06/07/26 21:47:27] crowsnest:		no_proxy: false
[06/07/26 21:47:27] crowsnest:		
[06/07/26 21:47:27] crowsnest:		[cam 1]
[06/07/26 21:47:27] crowsnest:		mode: ustreamer
[06/07/26 21:47:27] crowsnest:		
[06/07/26 21:47:27] crowsnest:		port: 8080
[06/07/26 21:47:27] crowsnest:		device: /dev/video0
[06/07/26 21:47:27] crowsnest:		resolution: 640x480
[06/07/26 21:47:27] crowsnest:		max_fps: 15
[06/07/26 21:47:27] crowsnest: INFO: Detect available Devices
[06/07/26 21:47:27] crowsnest: ERROR: No usable Devices Found. Stopping crowsnest.
[06/07/26 21:47:33] crowsnest: crowsnest - A webcam Service for multiple Cams and Stream Services.
[06/07/26 21:47:33] crowsnest: Version: v4.1.17-1-g9cc3d4a
[06/07/26 21:47:33] crowsnest: Prepare Startup ...
[06/07/26 21:47:34] crowsnest: INFO: Host information:
[06/07/26 21:47:34] crowsnest: Host Info: Distribution: Debian GNU/Linux 12 (bookworm)
[06/07/26 21:47:34] crowsnest: Host Info: Release: MainsailOS release 2.2.2 (bookworm)
[06/07/26 21:47:34] crowsnest: Host Info: Kernel: Linux 6.12.87+rpt-rpi-v8 aarch64
[06/07/26 21:47:34] crowsnest: Host Info: Model:  Raspberry Pi 4 Model B Rev 1.1
[06/07/26 21:47:34] crowsnest: Host Info: Available CPU Cores: 4
[06/07/26 21:47:34] crowsnest: Host Info: Available Memory: 748988 kB
[06/07/26 21:47:34] crowsnest: Host Info: Diskspace (avail. / total): 5.4G / 15G
[06/07/26 21:47:34] crowsnest: INFO: Checking Dependencies
[06/07/26 21:47:34] crowsnest: Dependency: 'crudini' found in /usr/bin/crudini.
[06/07/26 21:47:34] crowsnest: Dependency: 'find' found in /usr/bin/find.
[06/07/26 21:47:34] crowsnest: Dependency: 'xargs' found in /usr/bin/xargs.
[06/07/26 21:47:34] crowsnest: Dependency: 'ustreamer' found in bin/ustreamer/src/ustreamer.bin.
[06/07/26 21:47:34] crowsnest: Dependency: 'camera-streamer' found in bin/camera-streamer/camera-streamer.
[06/07/26 21:47:34] crowsnest: Version Control: ustreamer is up to date. (v6.36)
[06/07/26 21:47:34] crowsnest: Version Control: camera-streamer is up to date. ((2f71a28))
[06/07/26 21:47:34] crowsnest: INFO: Print Configfile: '/home/jay/printer_data/config/crowsnest.conf'
[06/07/26 21:47:34] crowsnest:		[crowsnest]
[06/07/26 21:47:34] crowsnest:		log_path: /home/jay/printer_data/logs/crowsnest.log
[06/07/26 21:47:34] crowsnest:		log_level: verbose
[06/07/26 21:47:34] crowsnest:		delete_log: false
[06/07/26 21:47:34] crowsnest:		no_proxy: false
[06/07/26 21:47:34] crowsnest:		
[06/07/26 21:47:34] crowsnest:		[cam 1]
[06/07/26 21:47:34] crowsnest:		mode: ustreamer
[06/07/26 21:47:34] crowsnest:		
[06/07/26 21:47:34] crowsnest:		port: 8080
[06/07/26 21:47:34] crowsnest:		device: /dev/video0
[06/07/26 21:47:34] crowsnest:		resolution: 640x480
[06/07/26 21:47:34] crowsnest:		max_fps: 15
[06/07/26 21:47:34] crowsnest: INFO: Detect available Devices
[06/07/26 21:47:34] crowsnest: ERROR: No usable Devices Found. Stopping crowsnest.
[06/08/26 07:15:47] crowsnest: crowsnest - A webcam Service for multiple Cams and Stream Services.
[06/08/26 07:15:47] crowsnest: Version: v4.1.17-1-g9cc3d4a
[06/08/26 07:15:47] crowsnest: Prepare Startup ...
[06/08/26 07:15:48] crowsnest: INFO: Host information:
[06/08/26 07:15:48] crowsnest: Host Info: Distribution: Debian GNU/Linux 12 (bookworm)
[06/08/26 07:15:48] crowsnest: Host Info: Release: MainsailOS release 2.2.2 (bookworm)
[06/08/26 07:15:48] crowsnest: Host Info: Kernel: Linux 6.12.87+rpt-rpi-v8 aarch64
[06/08/26 07:15:48] crowsnest: Host Info: Model:  Raspberry Pi 4 Model B Rev 1.1
[06/08/26 07:15:48] crowsnest: Host Info: Available CPU Cores: 4
[06/08/26 07:15:48] crowsnest: Host Info: Available Memory: 748988 kB
[06/08/26 07:15:48] crowsnest: Host Info: Diskspace (avail. / total): 5.4G / 15G
[06/08/26 07:15:48] crowsnest: INFO: Checking Dependencies
[06/08/26 07:15:48] crowsnest: Dependency: 'crudini' found in /usr/bin/crudini.
[06/08/26 07:15:48] crowsnest: Dependency: 'find' found in /usr/bin/find.
[06/08/26 07:15:48] crowsnest: Dependency: 'xargs' found in /usr/bin/xargs.
[06/08/26 07:15:48] crowsnest: Dependency: 'ustreamer' found in bin/ustreamer/src/ustreamer.bin.
[06/08/26 07:15:48] crowsnest: Dependency: 'camera-streamer' found in bin/camera-streamer/camera-streamer.
[06/08/26 07:15:48] crowsnest: Version Control: ustreamer is up to date. (v6.36)
[06/08/26 07:15:50] crowsnest: Version Control: camera-streamer is up to date. ((2f71a28))
[06/08/26 07:15:50] crowsnest: INFO: Print Configfile: '/home/jay/printer_data/config/crowsnest.conf'
[06/08/26 07:15:50] crowsnest:		[crowsnest]
[06/08/26 07:15:50] crowsnest:		log_path: /home/jay/printer_data/logs/crowsnest.log
[06/08/26 07:15:50] crowsnest:		log_level: verbose
[06/08/26 07:15:50] crowsnest:		delete_log: false
[06/08/26 07:15:50] crowsnest:		no_proxy: false
[06/08/26 07:15:50] crowsnest:		
[06/08/26 07:15:50] crowsnest:		[cam 1]
[06/08/26 07:15:50] crowsnest:		mode: ustreamer
[06/08/26 07:15:50] crowsnest:		
[06/08/26 07:15:50] crowsnest:		port: 8080
[06/08/26 07:15:50] crowsnest:		device: /dev/video0
[06/08/26 07:15:50] crowsnest:		resolution: 640x480
[06/08/26 07:15:50] crowsnest:		max_fps: 15
[06/08/26 07:15:50] crowsnest: INFO: Detect available Devices
[06/08/26 07:15:50] crowsnest: ERROR: No usable Devices Found. Stopping crowsnest.
[06/08/26 07:15:56] crowsnest: crowsnest - A webcam Service for multiple Cams and Stream Services.
[06/08/26 07:15:57] crowsnest: Version: v4.1.17-1-g9cc3d4a
[06/08/26 07:15:57] crowsnest: Prepare Startup ...
[06/08/26 07:15:57] crowsnest: INFO: Host information:
[06/08/26 07:15:57] crowsnest: Host Info: Distribution: Debian GNU/Linux 12 (bookworm)
[06/08/26 07:15:57] crowsnest: Host Info: Release: MainsailOS release 2.2.2 (bookworm)
[06/08/26 07:15:57] crowsnest: Host Info: Kernel: Linux 6.12.87+rpt-rpi-v8 aarch64
[06/08/26 07:15:57] crowsnest: Host Info: Model:  Raspberry Pi 4 Model B Rev 1.1
[06/08/26 07:15:57] crowsnest: Host Info: Available CPU Cores: 4
[06/08/26 07:15:57] crowsnest: Host Info: Available Memory: 748988 kB
[06/08/26 07:15:57] crowsnest: Host Info: Diskspace (avail. / total): 5.4G / 15G
[06/08/26 07:15:57] crowsnest: INFO: Checking Dependencies
[06/08/26 07:15:57] crowsnest: Dependency: 'crudini' found in /usr/bin/crudini.
[06/08/26 07:15:57] crowsnest: Dependency: 'find' found in /usr/bin/find.
[06/08/26 07:15:57] crowsnest: Dependency: 'xargs' found in /usr/bin/xargs.
[06/08/26 07:15:57] crowsnest: Dependency: 'ustreamer' found in bin/ustreamer/src/ustreamer.bin.
[06/08/26 07:15:57] crowsnest: Dependency: 'camera-streamer' found in bin/camera-streamer/camera-streamer.
[06/08/26 07:15:57] crowsnest: Version Control: ustreamer is up to date. (v6.36)
[06/08/26 07:15:57] crowsnest: Version Control: camera-streamer is up to date. ((2f71a28))
[06/08/26 07:15:57] crowsnest: INFO: Print Configfile: '/home/jay/printer_data/config/crowsnest.conf'
[06/08/26 07:15:57] crowsnest:		[crowsnest]
[06/08/26 07:15:57] crowsnest:		log_path: /home/jay/printer_data/logs/crowsnest.log
[06/08/26 07:15:57] crowsnest:		log_level: verbose
[06/08/26 07:15:57] crowsnest:		delete_log: false
[06/08/26 07:15:57] crowsnest:		no_proxy: false
[06/08/26 07:15:57] crowsnest:		
[06/08/26 07:15:57] crowsnest:		[cam 1]
[06/08/26 07:15:57] crowsnest:		mode: ustreamer
[06/08/26 07:15:57] crowsnest:		
[06/08/26 07:15:57] crowsnest:		port: 8080
[06/08/26 07:15:57] crowsnest:		device: /dev/video0
[06/08/26 07:15:57] crowsnest:		resolution: 640x480
[06/08/26 07:15:57] crowsnest:		max_fps: 15
[06/08/26 07:15:57] crowsnest: INFO: Detect available Devices
[06/08/26 07:15:57] crowsnest: ERROR: No usable Devices Found. Stopping crowsnest.
[06/08/26 07:16:03] crowsnest: crowsnest - A webcam Service for multiple Cams and Stream Services.
[06/08/26 07:16:04] crowsnest: Version: v4.1.17-1-g9cc3d4a
[06/08/26 07:16:04] crowsnest: Prepare Startup ...
[06/08/26 07:16:04] crowsnest: INFO: Host information:
[06/08/26 07:16:04] crowsnest: Host Info: Distribution: Debian GNU/Linux 12 (bookworm)
[06/08/26 07:16:04] crowsnest: Host Info: Release: MainsailOS release 2.2.2 (bookworm)
[06/08/26 07:16:04] crowsnest: Host Info: Kernel: Linux 6.12.87+rpt-rpi-v8 aarch64
[06/08/26 07:16:04] crowsnest: Host Info: Model:  Raspberry Pi 4 Model B Rev 1.1
[06/08/26 07:16:04] crowsnest: Host Info: Available CPU Cores: 4
[06/08/26 07:16:04] crowsnest: Host Info: Available Memory: 748988 kB
[06/08/26 07:16:04] crowsnest: Host Info: Diskspace (avail. / total): 5.4G / 15G
[06/08/26 07:16:04] crowsnest: INFO: Checking Dependencies
[06/08/26 07:16:04] crowsnest: Dependency: 'crudini' found in /usr/bin/crudini.
[06/08/26 07:16:04] crowsnest: Dependency: 'find' found in /usr/bin/find.
[06/08/26 07:16:04] crowsnest: Dependency: 'xargs' found in /usr/bin/xargs.
[06/08/26 07:16:04] crowsnest: Dependency: 'ustreamer' found in bin/ustreamer/src/ustreamer.bin.
[06/08/26 07:16:04] crowsnest: Dependency: 'camera-streamer' found in bin/camera-streamer/camera-streamer.
[06/08/26 07:16:04] crowsnest: Version Control: ustreamer is up to date. (v6.36)
[06/08/26 07:16:04] crowsnest: Version Control: camera-streamer is up to date. ((2f71a28))
[06/08/26 07:16:04] crowsnest: INFO: Print Configfile: '/home/jay/printer_data/config/crowsnest.conf'
[06/08/26 07:16:04] crowsnest:		[crowsnest]
[06/08/26 07:16:04] crowsnest:		log_path: /home/jay/printer_data/logs/crowsnest.log
[06/08/26 07:16:04] crowsnest:		log_level: verbose
[06/08/26 07:16:04] crowsnest:		delete_log: false
[06/08/26 07:16:04] crowsnest:		no_proxy: false
[06/08/26 07:16:04] crowsnest:		
[06/08/26 07:16:04] crowsnest:		[cam 1]
[06/08/26 07:16:04] crowsnest:		mode: ustreamer
[06/08/26 07:16:04] crowsnest:		
[06/08/26 07:16:04] crowsnest:		port: 8080
[06/08/26 07:16:04] crowsnest:		device: /dev/video0
[06/08/26 07:16:04] crowsnest:		resolution: 640x480
[06/08/26 07:16:04] crowsnest:		max_fps: 15
[06/08/26 07:16:04] crowsnest: INFO: Detect available Devices
[06/08/26 07:16:04] crowsnest: ERROR: No usable Devices Found. Stopping crowsnest.
[06/08/26 07:16:10] crowsnest: crowsnest - A webcam Service for multiple Cams and Stream Services.
[06/08/26 07:16:11] crowsnest: Version: v4.1.17-1-g9cc3d4a
[06/08/26 07:16:11] crowsnest: Prepare Startup ...
[06/08/26 07:16:11] crowsnest: INFO: Host information:
[06/08/26 07:16:11] crowsnest: Host Info: Distribution: Debian GNU/Linux 12 (bookworm)
[06/08/26 07:16:11] crowsnest: Host Info: Release: MainsailOS release 2.2.2 (bookworm)
[06/08/26 07:16:11] crowsnest: Host Info: Kernel: Linux 6.12.87+rpt-rpi-v8 aarch64
[06/08/26 07:16:11] crowsnest: Host Info: Model:  Raspberry Pi 4 Model B Rev 1.1
[06/08/26 07:16:11] crowsnest: Host Info: Available CPU Cores: 4
[06/08/26 07:16:11] crowsnest: Host Info: Available Memory: 748988 kB
[06/08/26 07:16:11] crowsnest: Host Info: Diskspace (avail. / total): 5.4G / 15G
[06/08/26 07:16:11] crowsnest: INFO: Checking Dependencies
[06/08/26 07:16:11] crowsnest: Dependency: 'crudini' found in /usr/bin/crudini.
[06/08/26 07:16:11] crowsnest: Dependency: 'find' found in /usr/bin/find.
[06/08/26 07:16:11] crowsnest: Dependency: 'xargs' found in /usr/bin/xargs.
[06/08/26 07:16:11] crowsnest: Dependency: 'ustreamer' found in bin/ustreamer/src/ustreamer.bin.
[06/08/26 07:16:11] crowsnest: Dependency: 'camera-streamer' found in bin/camera-streamer/camera-streamer.
[06/08/26 07:16:11] crowsnest: Version Control: ustreamer is up to date. (v6.36)
[06/08/26 07:16:11] crowsnest: Version Control: camera-streamer is up to date. ((2f71a28))
[06/08/26 07:16:11] crowsnest: INFO: Print Configfile: '/home/jay/printer_data/config/crowsnest.conf'
[06/08/26 07:16:11] crowsnest:		[crowsnest]
[06/08/26 07:16:11] crowsnest:		log_path: /home/jay/printer_data/logs/crowsnest.log
[06/08/26 07:16:11] crowsnest:		log_level: verbose
[06/08/26 07:16:11] crowsnest:		delete_log: false
[06/08/26 07:16:11] crowsnest:		no_proxy: false
[06/08/26 07:16:11] crowsnest:		
[06/08/26 07:16:11] crowsnest:		[cam 1]
[06/08/26 07:16:11] crowsnest:		mode: ustreamer
[06/08/26 07:16:11] crowsnest:		
[06/08/26 07:16:11] crowsnest:		port: 8080
[06/08/26 07:16:11] crowsnest:		device: /dev/video0
[06/08/26 07:16:11] crowsnest:		resolution: 640x480
[06/08/26 07:16:11] crowsnest:		max_fps: 15
[06/08/26 07:16:11] crowsnest: INFO: Detect available Devices
[06/08/26 07:16:11] crowsnest: ERROR: No usable Devices Found. Stopping crowsnest.
[06/08/26 07:16:17] crowsnest: crowsnest - A webcam Service for multiple Cams and Stream Services.
[06/08/26 07:16:18] crowsnest: Version: v4.1.17-1-g9cc3d4a
[06/08/26 07:16:18] crowsnest: Prepare Startup ...
[06/08/26 07:16:18] crowsnest: INFO: Host information:
[06/08/26 07:16:18] crowsnest: Host Info: Distribution: Debian GNU/Linux 12 (bookworm)
[06/08/26 07:16:18] crowsnest: Host Info: Release: MainsailOS release 2.2.2 (bookworm)
[06/08/26 07:16:18] crowsnest: Host Info: Kernel: Linux 6.12.87+rpt-rpi-v8 aarch64
[06/08/26 07:16:18] crowsnest: Host Info: Model:  Raspberry Pi 4 Model B Rev 1.1
[06/08/26 07:16:18] crowsnest: Host Info: Available CPU Cores: 4
[06/08/26 07:16:18] crowsnest: Host Info: Available Memory: 748988 kB
[06/08/26 07:16:18] crowsnest: Host Info: Diskspace (avail. / total): 5.4G / 15G
[06/08/26 07:16:18] crowsnest: INFO: Checking Dependencies
[06/08/26 07:16:18] crowsnest: Dependency: 'crudini' found in /usr/bin/crudini.
[06/08/26 07:16:18] crowsnest: Dependency: 'find' found in /usr/bin/find.
[06/08/26 07:16:18] crowsnest: Dependency: 'xargs' found in /usr/bin/xargs.
[06/08/26 07:16:18] crowsnest: Dependency: 'ustreamer' found in bin/ustreamer/src/ustreamer.bin.
[06/08/26 07:16:18] crowsnest: Dependency: 'camera-streamer' found in bin/camera-streamer/camera-streamer.
[06/08/26 07:16:18] crowsnest: Version Control: ustreamer is up to date. (v6.36)
[06/08/26 07:16:18] crowsnest: Version Control: camera-streamer is up to date. ((2f71a28))
[06/08/26 07:16:18] crowsnest: INFO: Print Configfile: '/home/jay/printer_data/config/crowsnest.conf'
[06/08/26 07:16:18] crowsnest:		[crowsnest]
[06/08/26 07:16:18] crowsnest:		log_path: /home/jay/printer_data/logs/crowsnest.log
[06/08/26 07:16:18] crowsnest:		log_level: verbose
[06/08/26 07:16:18] crowsnest:		delete_log: false
[06/08/26 07:16:18] crowsnest:		no_proxy: false
[06/08/26 07:16:18] crowsnest:		
[06/08/26 07:16:18] crowsnest:		[cam 1]
[06/08/26 07:16:18] crowsnest:		mode: ustreamer
[06/08/26 07:16:18] crowsnest:		
[06/08/26 07:16:18] crowsnest:		port: 8080
[06/08/26 07:16:18] crowsnest:		device: /dev/video0
[06/08/26 07:16:18] crowsnest:		resolution: 640x480
[06/08/26 07:16:18] crowsnest:		max_fps: 15
[06/08/26 07:16:18] crowsnest: INFO: Detect available Devices
[06/08/26 07:16:18] crowsnest: ERROR: No usable Devices Found. Stopping crowsnest.
[06/08/26 07:16:24] crowsnest: crowsnest - A webcam Service for multiple Cams and Stream Services.
[06/08/26 07:16:24] crowsnest: Version: v4.1.17-1-g9cc3d4a
[06/08/26 07:16:25] crowsnest: Prepare Startup ...
[06/08/26 07:16:25] crowsnest: INFO: Host information:
[06/08/26 07:16:25] crowsnest: Host Info: Distribution: Debian GNU/Linux 12 (bookworm)
[06/08/26 07:16:25] crowsnest: Host Info: Release: MainsailOS release 2.2.2 (bookworm)
[06/08/26 07:16:25] crowsnest: Host Info: Kernel: Linux 6.12.87+rpt-rpi-v8 aarch64
[06/08/26 07:16:25] crowsnest: Host Info: Model:  Raspberry Pi 4 Model B Rev 1.1
[06/08/26 07:16:25] crowsnest: Host Info: Available CPU Cores: 4
[06/08/26 07:16:25] crowsnest: Host Info: Available Memory: 748988 kB
[06/08/26 07:16:25] crowsnest: Host Info: Diskspace (avail. / total): 5.4G / 15G
[06/08/26 07:16:25] crowsnest: INFO: Checking Dependencies
[06/08/26 07:16:25] crowsnest: Dependency: 'crudini' found in /usr/bin/crudini.
[06/08/26 07:16:25] crowsnest: Dependency: 'find' found in /usr/bin/find.
[06/08/26 07:16:25] crowsnest: Dependency: 'xargs' found in /usr/bin/xargs.
[06/08/26 07:16:25] crowsnest: Dependency: 'ustreamer' found in bin/ustreamer/src/ustreamer.bin.
[06/08/26 07:16:25] crowsnest: Dependency: 'camera-streamer' found in bin/camera-streamer/camera-streamer.
[06/08/26 07:16:25] crowsnest: Version Control: ustreamer is up to date. (v6.36)
[06/08/26 07:16:25] crowsnest: Version Control: camera-streamer is up to date. ((2f71a28))
[06/08/26 07:16:25] crowsnest: INFO: Print Configfile: '/home/jay/printer_data/config/crowsnest.conf'
[06/08/26 07:16:25] crowsnest:		[crowsnest]
[06/08/26 07:16:25] crowsnest:		log_path: /home/jay/printer_data/logs/crowsnest.log
[06/08/26 07:16:25] crowsnest:		log_level: verbose
[06/08/26 07:16:25] crowsnest:		delete_log: false
[06/08/26 07:16:25] crowsnest:		no_proxy: false
[06/08/26 07:16:25] crowsnest:		
[06/08/26 07:16:25] crowsnest:		[cam 1]
[06/08/26 07:16:25] crowsnest:		mode: ustreamer
[06/08/26 07:16:25] crowsnest:		
[06/08/26 07:16:25] crowsnest:		port: 8080
[06/08/26 07:16:25] crowsnest:		device: /dev/video0
[06/08/26 07:16:25] crowsnest:		resolution: 640x480
[06/08/26 07:16:25] crowsnest:		max_fps: 15
[06/08/26 07:16:25] crowsnest: INFO: Detect available Devices
[06/08/26 07:19:02] crowsnest: ERROR: No usable Devices Found. Stopping crowsnest.
[06/08/26 07:19:08] crowsnest: crowsnest - A webcam Service for multiple Cams and Stream Services.
[06/08/26 07:19:08] crowsnest: Version: v4.1.17-1-g9cc3d4a
[06/08/26 07:19:08] crowsnest: Prepare Startup ...
[06/08/26 07:19:08] crowsnest: INFO: Host information:
[06/08/26 07:19:08] crowsnest: Host Info: Distribution: Debian GNU/Linux 12 (bookworm)
[06/08/26 07:19:08] crowsnest: Host Info: Release: MainsailOS release 2.2.2 (bookworm)
[06/08/26 07:19:08] crowsnest: Host Info: Kernel: Linux 6.12.87+rpt-rpi-v8 aarch64
[06/08/26 07:19:08] crowsnest: Host Info: Model:  Raspberry Pi 4 Model B Rev 1.1
[06/08/26 07:19:08] crowsnest: Host Info: Available CPU Cores: 4
[06/08/26 07:19:08] crowsnest: Host Info: Available Memory: 748988 kB
[06/08/26 07:19:08] crowsnest: Host Info: Diskspace (avail. / total): 5.4G / 15G
[06/08/26 07:19:08] crowsnest: INFO: Checking Dependencies
[06/08/26 07:19:08] crowsnest: Dependency: 'crudini' found in /usr/bin/crudini.
[06/08/26 07:19:08] crowsnest: Dependency: 'find' found in /usr/bin/find.
[06/08/26 07:19:08] crowsnest: Dependency: 'xargs' found in /usr/bin/xargs.
[06/08/26 07:19:08] crowsnest: Dependency: 'ustreamer' found in bin/ustreamer/src/ustreamer.bin.
[06/08/26 07:19:08] crowsnest: Dependency: 'camera-streamer' found in bin/camera-streamer/camera-streamer.
[06/08/26 07:19:08] crowsnest: Version Control: ustreamer is up to date. (v6.36)
[06/08/26 07:19:08] crowsnest: Version Control: camera-streamer is up to date. ((2f71a28))
[06/08/26 07:19:08] crowsnest: INFO: Print Configfile: '/home/jay/printer_data/config/crowsnest.conf'
[06/08/26 07:19:08] crowsnest:		[crowsnest]
[06/08/26 07:19:08] crowsnest:		log_path: /home/jay/printer_data/logs/crowsnest.log
[06/08/26 07:19:08] crowsnest:		log_level: verbose
[06/08/26 07:19:08] crowsnest:		delete_log: false
[06/08/26 07:19:08] crowsnest:		no_proxy: false
[06/08/26 07:19:08] crowsnest:		
[06/08/26 07:19:08] crowsnest:		[cam 1]
[06/08/26 07:19:08] crowsnest:		mode: ustreamer
[06/08/26 07:19:08] crowsnest:		
[06/08/26 07:19:08] crowsnest:		port: 8080
[06/08/26 07:19:08] crowsnest:		device: /dev/video0
[06/08/26 07:19:08] crowsnest:		resolution: 640x480
[06/08/26 07:19:08] crowsnest:		max_fps: 15
[06/08/26 07:19:09] crowsnest: INFO: Detect available Devices
[06/08/26 07:19:09] crowsnest: ERROR: No usable Devices Found. Stopping crowsnest.
[06/08/26 07:19:15] crowsnest: crowsnest - A webcam Service for multiple Cams and Stream Services.
[06/08/26 07:19:15] crowsnest: Version: v4.1.17-1-g9cc3d4a
[06/08/26 07:19:15] crowsnest: Prepare Startup ...
[06/08/26 07:19:15] crowsnest: INFO: Host information:
[06/08/26 07:19:15] crowsnest: Host Info: Distribution: Debian GNU/Linux 12 (bookworm)
[06/08/26 07:19:15] crowsnest: Host Info: Release: MainsailOS release 2.2.2 (bookworm)
[06/08/26 07:19:15] crowsnest: Host Info: Kernel: Linux 6.12.87+rpt-rpi-v8 aarch64
[06/08/26 07:19:15] crowsnest: Host Info: Model:  Raspberry Pi 4 Model B Rev 1.1
[06/08/26 07:19:15] crowsnest: Host Info: Available CPU Cores: 4
[06/08/26 07:19:15] crowsnest: Host Info: Available Memory: 748988 kB
[06/08/26 07:19:15] crowsnest: Host Info: Diskspace (avail. / total): 5.4G / 15G
[06/08/26 07:19:15] crowsnest: INFO: Checking Dependencies
[06/08/26 07:19:15] crowsnest: Dependency: 'crudini' found in /usr/bin/crudini.
[06/08/26 07:19:15] crowsnest: Dependency: 'find' found in /usr/bin/find.
[06/08/26 07:19:15] crowsnest: Dependency: 'xargs' found in /usr/bin/xargs.
[06/08/26 07:19:15] crowsnest: Dependency: 'ustreamer' found in bin/ustreamer/src/ustreamer.bin.
[06/08/26 07:19:15] crowsnest: Dependency: 'camera-streamer' found in bin/camera-streamer/camera-streamer.
[06/08/26 07:19:15] crowsnest: Version Control: ustreamer is up to date. (v6.36)
[06/08/26 07:19:15] crowsnest: Version Control: camera-streamer is up to date. ((2f71a28))
[06/08/26 07:19:15] crowsnest: INFO: Print Configfile: '/home/jay/printer_data/config/crowsnest.conf'
[06/08/26 07:19:15] crowsnest:		[crowsnest]
[06/08/26 07:19:15] crowsnest:		log_path: /home/jay/printer_data/logs/crowsnest.log
[06/08/26 07:19:15] crowsnest:		log_level: verbose
[06/08/26 07:19:15] crowsnest:		delete_log: false
[06/08/26 07:19:15] crowsnest:		no_proxy: false
[06/08/26 07:19:15] crowsnest:		
[06/08/26 07:19:15] crowsnest:		[cam 1]
[06/08/26 07:19:15] crowsnest:		mode: ustreamer
[06/08/26 07:19:15] crowsnest:		
[06/08/26 07:19:15] crowsnest:		port: 8080
[06/08/26 07:19:15] crowsnest:		device: /dev/video0
[06/08/26 07:19:15] crowsnest:		resolution: 640x480
[06/08/26 07:19:15] crowsnest:		max_fps: 15
[06/08/26 07:19:16] crowsnest: INFO: Detect available Devices
[06/08/26 07:19:16] crowsnest: ERROR: No usable Devices Found. Stopping crowsnest.
[06/08/26 07:19:22] crowsnest: crowsnest - A webcam Service for multiple Cams and Stream Services.
[06/08/26 07:19:22] crowsnest: Version: v4.1.17-1-g9cc3d4a
[06/08/26 07:19:22] crowsnest: Prepare Startup ...
[06/08/26 07:19:22] crowsnest: INFO: Host information:
[06/08/26 07:19:22] crowsnest: Host Info: Distribution: Debian GNU/Linux 12 (bookworm)
[06/08/26 07:19:22] crowsnest: Host Info: Release: MainsailOS release 2.2.2 (bookworm)
[06/08/26 07:19:22] crowsnest: Host Info: Kernel: Linux 6.12.87+rpt-rpi-v8 aarch64
[06/08/26 07:19:22] crowsnest: Host Info: Model:  Raspberry Pi 4 Model B Rev 1.1
[06/08/26 07:19:22] crowsnest: Host Info: Available CPU Cores: 4
[06/08/26 07:19:22] crowsnest: Host Info: Available Memory: 748988 kB
[06/08/26 07:19:22] crowsnest: Host Info: Diskspace (avail. / total): 5.4G / 15G
[06/08/26 07:19:22] crowsnest: INFO: Checking Dependencies
[06/08/26 07:19:22] crowsnest: Dependency: 'crudini' found in /usr/bin/crudini.
[06/08/26 07:19:22] crowsnest: Dependency: 'find' found in /usr/bin/find.
[06/08/26 07:19:22] crowsnest: Dependency: 'xargs' found in /usr/bin/xargs.
[06/08/26 07:19:22] crowsnest: Dependency: 'ustreamer' found in bin/ustreamer/src/ustreamer.bin.
[06/08/26 07:19:22] crowsnest: Dependency: 'camera-streamer' found in bin/camera-streamer/camera-streamer.
[06/08/26 07:19:22] crowsnest: Version Control: ustreamer is up to date. (v6.36)
[06/08/26 07:19:22] crowsnest: Version Control: camera-streamer is up to date. ((2f71a28))
[06/08/26 07:19:22] crowsnest: INFO: Print Configfile: '/home/jay/printer_data/config/crowsnest.conf'
[06/08/26 07:19:22] crowsnest:		[crowsnest]
[06/08/26 07:19:22] crowsnest:		log_path: /home/jay/printer_data/logs/crowsnest.log
[06/08/26 07:19:22] crowsnest:		log_level: verbose
[06/08/26 07:19:22] crowsnest:		delete_log: false
[06/08/26 07:19:22] crowsnest:		no_proxy: false
[06/08/26 07:19:22] crowsnest:		
[06/08/26 07:19:22] crowsnest:		[cam 1]
[06/08/26 07:19:22] crowsnest:		mode: ustreamer
[06/08/26 07:19:22] crowsnest:		
[06/08/26 07:19:22] crowsnest:		port: 8080
[06/08/26 07:19:22] crowsnest:		device: /dev/video0
[06/08/26 07:19:22] crowsnest:		resolution: 640x480
[06/08/26 07:19:22] crowsnest:		max_fps: 15
[06/08/26 07:19:23] crowsnest: INFO: Detect available Devices
[06/08/26 07:19:23] crowsnest: ERROR: No usable Devices Found. Stopping crowsnest.
[06/08/26 07:19:29] crowsnest: crowsnest - A webcam Service for multiple Cams and Stream Services.
[06/08/26 07:19:29] crowsnest: Version: v4.1.17-1-g9cc3d4a
[06/08/26 07:19:29] crowsnest: Prepare Startup ...
[06/08/26 07:19:29] crowsnest: INFO: Host information:
[06/08/26 07:19:29] crowsnest: Host Info: Distribution: Debian GNU/Linux 12 (bookworm)
[06/08/26 07:19:29] crowsnest: Host Info: Release: MainsailOS release 2.2.2 (bookworm)
[06/08/26 07:19:29] crowsnest: Host Info: Kernel: Linux 6.12.87+rpt-rpi-v8 aarch64
[06/08/26 07:19:29] crowsnest: Host Info: Model:  Raspberry Pi 4 Model B Rev 1.1
[06/08/26 07:19:29] crowsnest: Host Info: Available CPU Cores: 4
[06/08/26 07:19:29] crowsnest: Host Info: Available Memory: 748988 kB
[06/08/26 07:19:29] crowsnest: Host Info: Diskspace (avail. / total): 5.4G / 15G
[06/08/26 07:19:29] crowsnest: INFO: Checking Dependencies
[06/08/26 07:19:29] crowsnest: Dependency: 'crudini' found in /usr/bin/crudini.
[06/08/26 07:19:29] crowsnest: Dependency: 'find' found in /usr/bin/find.
[06/08/26 07:19:29] crowsnest: Dependency: 'xargs' found in /usr/bin/xargs.
[06/08/26 07:19:29] crowsnest: Dependency: 'ustreamer' found in bin/ustreamer/src/ustreamer.bin.
[06/08/26 07:19:29] crowsnest: Dependency: 'camera-streamer' found in bin/camera-streamer/camera-streamer.
[06/08/26 07:19:29] crowsnest: Version Control: ustreamer is up to date. (v6.36)
[06/08/26 07:19:29] crowsnest: Version Control: camera-streamer is up to date. ((2f71a28))
[06/08/26 07:19:29] crowsnest: INFO: Print Configfile: '/home/jay/printer_data/config/crowsnest.conf'
[06/08/26 07:19:29] crowsnest:		[crowsnest]
[06/08/26 07:19:29] crowsnest:		log_path: /home/jay/printer_data/logs/crowsnest.log
[06/08/26 07:19:29] crowsnest:		log_level: verbose
[06/08/26 07:19:29] crowsnest:		delete_log: false
[06/08/26 07:19:29] crowsnest:		no_proxy: false
[06/08/26 07:19:29] crowsnest:		
[06/08/26 07:19:29] crowsnest:		[cam 1]
[06/08/26 07:19:29] crowsnest:		mode: ustreamer
[06/08/26 07:19:29] crowsnest:		
[06/08/26 07:19:29] crowsnest:		port: 8080
[06/08/26 07:19:29] crowsnest:		device: /dev/video0
[06/08/26 07:19:29] crowsnest:		resolution: 640x480
[06/08/26 07:19:29] crowsnest:		max_fps: 15
[06/08/26 07:19:30] crowsnest: INFO: Detect available Devices
[06/08/26 07:19:30] crowsnest: ERROR: No usable Devices Found. Stopping crowsnest.
[06/15/26 16:40:59] crowsnest: crowsnest - A webcam Service for multiple Cams and Stream Services.
[06/15/26 16:40:59] crowsnest: Version: v4.1.17-1-g9cc3d4a
[06/15/26 16:40:59] crowsnest: Prepare Startup ...
[06/15/26 16:40:59] crowsnest: INFO: Host information:
[06/15/26 16:40:59] crowsnest: Host Info: Distribution: Debian GNU/Linux 12 (bookworm)
[06/15/26 16:40:59] crowsnest: Host Info: Release: MainsailOS release 2.2.2 (bookworm)
[06/15/26 16:40:59] crowsnest: Host Info: Kernel: Linux 6.12.87+rpt-rpi-v8 aarch64
[06/15/26 16:40:59] crowsnest: Host Info: Model:  Raspberry Pi 4 Model B Rev 1.1
[06/15/26 16:40:59] crowsnest: Host Info: Available CPU Cores: 4
[06/15/26 16:40:59] crowsnest: Host Info: Available Memory: 748988 kB
[06/15/26 16:40:59] crowsnest: Host Info: Diskspace (avail. / total): 5.4G / 15G
[06/15/26 16:40:59] crowsnest: INFO: Checking Dependencies
[06/15/26 16:40:59] crowsnest: Dependency: 'crudini' found in /usr/bin/crudini.
[06/15/26 16:40:59] crowsnest: Dependency: 'find' found in /usr/bin/find.
[06/15/26 16:40:59] crowsnest: Dependency: 'xargs' found in /usr/bin/xargs.
[06/15/26 16:40:59] crowsnest: Dependency: 'ustreamer' found in bin/ustreamer/src/ustreamer.bin.
[06/15/26 16:40:59] crowsnest: Dependency: 'camera-streamer' found in bin/camera-streamer/camera-streamer.
[06/15/26 16:41:00] crowsnest: Version Control: ustreamer is up to date. (v6.36)
[06/15/26 16:41:01] crowsnest: Version Control: camera-streamer is up to date. ((2f71a28))
[06/15/26 16:41:01] crowsnest: INFO: Print Configfile: '/home/jay/printer_data/config/crowsnest.conf'
[06/15/26 16:41:01] crowsnest:		[crowsnest]
[06/15/26 16:41:01] crowsnest:		log_path: /home/jay/printer_data/logs/crowsnest.log
[06/15/26 16:41:01] crowsnest:		log_level: verbose
[06/15/26 16:41:01] crowsnest:		delete_log: false
[06/15/26 16:41:01] crowsnest:		no_proxy: false
[06/15/26 16:41:01] crowsnest:		
[06/15/26 16:41:01] crowsnest:		[cam 1]
[06/15/26 16:41:01] crowsnest:		mode: ustreamer
[06/15/26 16:41:01] crowsnest:		
[06/15/26 16:41:01] crowsnest:		port: 8080
[06/15/26 16:41:01] crowsnest:		device: /dev/video0
[06/15/26 16:41:01] crowsnest:		resolution: 640x480
[06/15/26 16:41:01] crowsnest:		max_fps: 15
[06/15/26 16:41:01] crowsnest: INFO: Detect available Devices
[06/15/26 16:41:02] crowsnest: ERROR: No usable Devices Found. Stopping crowsnest.
[06/15/26 16:41:07] crowsnest: crowsnest - A webcam Service for multiple Cams and Stream Services.
[06/15/26 16:41:07] crowsnest: Version: v4.1.17-1-g9cc3d4a
[06/15/26 16:41:07] crowsnest: Prepare Startup ...
[06/15/26 16:41:07] crowsnest: INFO: Host information:
[06/15/26 16:41:07] crowsnest: Host Info: Distribution: Debian GNU/Linux 12 (bookworm)
[06/15/26 16:41:07] crowsnest: Host Info: Release: MainsailOS release 2.2.2 (bookworm)
[06/15/26 16:41:07] crowsnest: Host Info: Kernel: Linux 6.12.87+rpt-rpi-v8 aarch64
[06/15/26 16:41:07] crowsnest: Host Info: Model:  Raspberry Pi 4 Model B Rev 1.1
[06/15/26 16:41:07] crowsnest: Host Info: Available CPU Cores: 4
[06/15/26 16:41:07] crowsnest: Host Info: Available Memory: 748988 kB
[06/15/26 16:41:07] crowsnest: Host Info: Diskspace (avail. / total): 5.4G / 15G
[06/15/26 16:41:07] crowsnest: INFO: Checking Dependencies
[06/15/26 16:41:07] crowsnest: Dependency: 'crudini' found in /usr/bin/crudini.
[06/15/26 16:41:07] crowsnest: Dependency: 'find' found in /usr/bin/find.
[06/15/26 16:41:08] crowsnest: Dependency: 'xargs' found in /usr/bin/xargs.
[06/15/26 16:41:08] crowsnest: Dependency: 'ustreamer' found in bin/ustreamer/src/ustreamer.bin.
[06/15/26 16:41:08] crowsnest: Dependency: 'camera-streamer' found in bin/camera-streamer/camera-streamer.
[06/15/26 16:41:08] crowsnest: Version Control: ustreamer is up to date. (v6.36)
[06/15/26 16:41:08] crowsnest: Version Control: camera-streamer is up to date. ((2f71a28))
[06/15/26 16:41:08] crowsnest: INFO: Print Configfile: '/home/jay/printer_data/config/crowsnest.conf'
[06/15/26 16:41:08] crowsnest:		[crowsnest]
[06/15/26 16:41:08] crowsnest:		log_path: /home/jay/printer_data/logs/crowsnest.log
[06/15/26 16:41:08] crowsnest:		log_level: verbose
[06/15/26 16:41:08] crowsnest:		delete_log: false
[06/15/26 16:41:08] crowsnest:		no_proxy: false
[06/15/26 16:41:08] crowsnest:		
[06/15/26 16:41:08] crowsnest:		[cam 1]
[06/15/26 16:41:08] crowsnest:		mode: ustreamer
[06/15/26 16:41:08] crowsnest:		
[06/15/26 16:41:08] crowsnest:		port: 8080
[06/15/26 16:41:08] crowsnest:		device: /dev/video0
[06/15/26 16:41:08] crowsnest:		resolution: 640x480
[06/15/26 16:41:08] crowsnest:		max_fps: 15
[06/15/26 16:41:08] crowsnest: INFO: Detect available Devices
[06/15/26 16:41:08] crowsnest: ERROR: No usable Devices Found. Stopping crowsnest.
[06/15/26 16:41:14] crowsnest: crowsnest - A webcam Service for multiple Cams and Stream Services.
[06/15/26 16:41:14] crowsnest: Version: v4.1.17-1-g9cc3d4a
[06/15/26 16:41:14] crowsnest: Prepare Startup ...
[06/15/26 16:41:14] crowsnest: INFO: Host information:
[06/15/26 16:41:14] crowsnest: Host Info: Distribution: Debian GNU/Linux 12 (bookworm)
[06/15/26 16:41:14] crowsnest: Host Info: Release: MainsailOS release 2.2.2 (bookworm)
[06/15/26 16:41:14] crowsnest: Host Info: Kernel: Linux 6.12.87+rpt-rpi-v8 aarch64
[06/15/26 16:41:14] crowsnest: Host Info: Model:  Raspberry Pi 4 Model B Rev 1.1
[06/15/26 16:41:14] crowsnest: Host Info: Available CPU Cores: 4
[06/15/26 16:41:14] crowsnest: Host Info: Available Memory: 748988 kB
[06/15/26 16:41:14] crowsnest: Host Info: Diskspace (avail. / total): 5.4G / 15G
[06/15/26 16:41:14] crowsnest: INFO: Checking Dependencies
[06/15/26 16:41:14] crowsnest: Dependency: 'crudini' found in /usr/bin/crudini.
[06/15/26 16:41:14] crowsnest: Dependency: 'find' found in /usr/bin/find.
[06/15/26 16:41:14] crowsnest: Dependency: 'xargs' found in /usr/bin/xargs.
[06/15/26 16:41:14] crowsnest: Dependency: 'ustreamer' found in bin/ustreamer/src/ustreamer.bin.
[06/15/26 16:41:14] crowsnest: Dependency: 'camera-streamer' found in bin/camera-streamer/camera-streamer.
[06/15/26 16:41:14] crowsnest: Version Control: ustreamer is up to date. (v6.36)
[06/15/26 16:41:14] crowsnest: Version Control: camera-streamer is up to date. ((2f71a28))
[06/15/26 16:41:14] crowsnest: INFO: Print Configfile: '/home/jay/printer_data/config/crowsnest.conf'
[06/15/26 16:41:14] crowsnest:		[crowsnest]
[06/15/26 16:41:14] crowsnest:		log_path: /home/jay/printer_data/logs/crowsnest.log
[06/15/26 16:41:14] crowsnest:		log_level: verbose
[06/15/26 16:41:14] crowsnest:		delete_log: false
[06/15/26 16:41:14] crowsnest:		no_proxy: false
[06/15/26 16:41:14] crowsnest:		
[06/15/26 16:41:14] crowsnest:		[cam 1]
[06/15/26 16:41:14] crowsnest:		mode: ustreamer
[06/15/26 16:41:14] crowsnest:		
[06/15/26 16:41:14] crowsnest:		port: 8080
[06/15/26 16:41:14] crowsnest:		device: /dev/video0
[06/15/26 16:41:14] crowsnest:		resolution: 640x480
[06/15/26 16:41:14] crowsnest:		max_fps: 15
[06/15/26 16:41:14] crowsnest: INFO: Detect available Devices
[06/15/26 16:41:14] crowsnest: ERROR: No usable Devices Found. Stopping crowsnest.
[06/15/26 16:41:20] crowsnest: crowsnest - A webcam Service for multiple Cams and Stream Services.
[06/15/26 16:41:20] crowsnest: Version: v4.1.17-1-g9cc3d4a
[06/15/26 16:41:20] crowsnest: Prepare Startup ...
[06/15/26 16:41:20] crowsnest: INFO: Host information:
[06/15/26 16:41:20] crowsnest: Host Info: Distribution: Debian GNU/Linux 12 (bookworm)
[06/15/26 16:41:20] crowsnest: Host Info: Release: MainsailOS release 2.2.2 (bookworm)
[06/15/26 16:41:20] crowsnest: Host Info: Kernel: Linux 6.12.87+rpt-rpi-v8 aarch64
[06/15/26 16:41:20] crowsnest: Host Info: Model:  Raspberry Pi 4 Model B Rev 1.1
[06/15/26 16:41:20] crowsnest: Host Info: Available CPU Cores: 4
[06/15/26 16:41:20] crowsnest: Host Info: Available Memory: 748988 kB
[06/15/26 16:41:20] crowsnest: Host Info: Diskspace (avail. / total): 5.4G / 15G
[06/15/26 16:41:20] crowsnest: INFO: Checking Dependencies
[06/15/26 16:41:20] crowsnest: Dependency: 'crudini' found in /usr/bin/crudini.
[06/15/26 16:41:20] crowsnest: Dependency: 'find' found in /usr/bin/find.
[06/15/26 16:41:20] crowsnest: Dependency: 'xargs' found in /usr/bin/xargs.
[06/15/26 16:41:20] crowsnest: Dependency: 'ustreamer' found in bin/ustreamer/src/ustreamer.bin.
[06/15/26 16:41:20] crowsnest: Dependency: 'camera-streamer' found in bin/camera-streamer/camera-streamer.
[06/15/26 16:41:20] crowsnest: Version Control: ustreamer is up to date. (v6.36)
[06/15/26 16:41:20] crowsnest: Version Control: camera-streamer is up to date. ((2f71a28))
[06/15/26 16:41:20] crowsnest: INFO: Print Configfile: '/home/jay/printer_data/config/crowsnest.conf'
[06/15/26 16:41:20] crowsnest:		[crowsnest]
[06/15/26 16:41:20] crowsnest:		log_path: /home/jay/printer_data/logs/crowsnest.log
[06/15/26 16:41:20] crowsnest:		log_level: verbose
[06/15/26 16:41:20] crowsnest:		delete_log: false
[06/15/26 16:41:20] crowsnest:		no_proxy: false
[06/15/26 16:41:20] crowsnest:		
[06/15/26 16:41:20] crowsnest:		[cam 1]
[06/15/26 16:41:20] crowsnest:		mode: ustreamer
[06/15/26 16:41:20] crowsnest:		
[06/15/26 16:41:20] crowsnest:		port: 8080
[06/15/26 16:41:20] crowsnest:		device: /dev/video0
[06/15/26 16:41:20] crowsnest:		resolution: 640x480
[06/15/26 16:41:20] crowsnest:		max_fps: 15
[06/15/26 16:41:20] crowsnest: INFO: Detect available Devices
[06/15/26 16:41:20] crowsnest: ERROR: No usable Devices Found. Stopping crowsnest.
[06/15/26 16:41:26] crowsnest: crowsnest - A webcam Service for multiple Cams and Stream Services.
[06/15/26 16:41:26] crowsnest: Version: v4.1.17-1-g9cc3d4a
[06/15/26 16:41:26] crowsnest: Prepare Startup ...
[06/15/26 16:41:26] crowsnest: INFO: Host information:
[06/15/26 16:41:26] crowsnest: Host Info: Distribution: Debian GNU/Linux 12 (bookworm)
[06/15/26 16:41:26] crowsnest: Host Info: Release: MainsailOS release 2.2.2 (bookworm)
[06/15/26 16:41:26] crowsnest: Host Info: Kernel: Linux 6.12.87+rpt-rpi-v8 aarch64
[06/15/26 16:41:26] crowsnest: Host Info: Model:  Raspberry Pi 4 Model B Rev 1.1
[06/15/26 16:41:26] crowsnest: Host Info: Available CPU Cores: 4
[06/15/26 16:41:26] crowsnest: Host Info: Available Memory: 748988 kB
[06/15/26 16:41:26] crowsnest: Host Info: Diskspace (avail. / total): 5.4G / 15G
[06/15/26 16:41:26] crowsnest: INFO: Checking Dependencies
[06/15/26 16:41:26] crowsnest: Dependency: 'crudini' found in /usr/bin/crudini.
[06/15/26 16:41:26] crowsnest: Dependency: 'find' found in /usr/bin/find.
[06/15/26 16:41:26] crowsnest: Dependency: 'xargs' found in /usr/bin/xargs.
[06/15/26 16:41:26] crowsnest: Dependency: 'ustreamer' found in bin/ustreamer/src/ustreamer.bin.
[06/15/26 16:41:26] crowsnest: Dependency: 'camera-streamer' found in bin/camera-streamer/camera-streamer.
[06/15/26 16:41:26] crowsnest: Version Control: ustreamer is up to date. (v6.36)
[06/15/26 16:41:26] crowsnest: Version Control: camera-streamer is up to date. ((2f71a28))
[06/15/26 16:41:26] crowsnest: INFO: Print Configfile: '/home/jay/printer_data/config/crowsnest.conf'
[06/15/26 16:41:26] crowsnest:		[crowsnest]
[06/15/26 16:41:26] crowsnest:		log_path: /home/jay/printer_data/logs/crowsnest.log
[06/15/26 16:41:26] crowsnest:		log_level: verbose
[06/15/26 16:41:26] crowsnest:		delete_log: false
[06/15/26 16:41:26] crowsnest:		no_proxy: false
[06/15/26 16:41:26] crowsnest:		
[06/15/26 16:41:26] crowsnest:		[cam 1]
[06/15/26 16:41:26] crowsnest:		mode: ustreamer
[06/15/26 16:41:26] crowsnest:		
[06/15/26 16:41:26] crowsnest:		port: 8080
[06/15/26 16:41:26] crowsnest:		device: /dev/video0
[06/15/26 16:41:26] crowsnest:		resolution: 640x480
[06/15/26 16:41:26] crowsnest:		max_fps: 15
[06/15/26 16:41:26] crowsnest: INFO: Detect available Devices
[06/15/26 16:41:26] crowsnest: ERROR: No usable Devices Found. Stopping crowsnest.
[06/15/26 16:41:32] crowsnest: crowsnest - A webcam Service for multiple Cams and Stream Services.
[06/15/26 16:41:32] crowsnest: Version: v4.1.17-1-g9cc3d4a
[06/15/26 16:41:32] crowsnest: Prepare Startup ...
[06/15/26 16:41:32] crowsnest: INFO: Host information:
[06/15/26 16:41:32] crowsnest: Host Info: Distribution: Debian GNU/Linux 12 (bookworm)
[06/15/26 16:41:32] crowsnest: Host Info: Release: MainsailOS release 2.2.2 (bookworm)
[06/15/26 16:41:32] crowsnest: Host Info: Kernel: Linux 6.12.87+rpt-rpi-v8 aarch64
[06/15/26 16:41:32] crowsnest: Host Info: Model:  Raspberry Pi 4 Model B Rev 1.1
[06/15/26 16:41:32] crowsnest: Host Info: Available CPU Cores: 4
[06/15/26 16:41:32] crowsnest: Host Info: Available Memory: 748988 kB
[06/15/26 16:41:32] crowsnest: Host Info: Diskspace (avail. / total): 5.4G / 15G
[06/15/26 16:41:32] crowsnest: INFO: Checking Dependencies
[06/15/26 16:41:32] crowsnest: Dependency: 'crudini' found in /usr/bin/crudini.
[06/15/26 16:41:32] crowsnest: Dependency: 'find' found in /usr/bin/find.
[06/15/26 16:41:32] crowsnest: Dependency: 'xargs' found in /usr/bin/xargs.
[06/15/26 16:41:32] crowsnest: Dependency: 'ustreamer' found in bin/ustreamer/src/ustreamer.bin.
[06/15/26 16:41:32] crowsnest: Dependency: 'camera-streamer' found in bin/camera-streamer/camera-streamer.
[06/15/26 16:41:32] crowsnest: Version Control: ustreamer is up to date. (v6.36)
[06/15/26 16:41:32] crowsnest: Version Control: camera-streamer is up to date. ((2f71a28))
[06/15/26 16:41:32] crowsnest: INFO: Print Configfile: '/home/jay/printer_data/config/crowsnest.conf'
[06/15/26 16:41:32] crowsnest:		[crowsnest]
[06/15/26 16:41:32] crowsnest:		log_path: /home/jay/printer_data/logs/crowsnest.log
[06/15/26 16:41:32] crowsnest:		log_level: verbose
[06/15/26 16:41:32] crowsnest:		delete_log: false
[06/15/26 16:41:32] crowsnest:		no_proxy: false
[06/15/26 16:41:32] crowsnest:		
[06/15/26 16:41:32] crowsnest:		[cam 1]
[06/15/26 16:41:32] crowsnest:		mode: ustreamer
[06/15/26 16:41:32] crowsnest:		
[06/15/26 16:41:32] crowsnest:		port: 8080
[06/15/26 16:41:32] crowsnest:		device: /dev/video0
[06/15/26 16:41:32] crowsnest:		resolution: 640x480
[06/15/26 16:41:32] crowsnest:		max_fps: 15
[06/15/26 16:41:32] crowsnest: INFO: Detect available Devices
[06/15/26 16:41:32] crowsnest: ERROR: No usable Devices Found. Stopping crowsnest.
[06/15/26 16:43:03] crowsnest: crowsnest - A webcam Service for multiple Cams and Stream Services.
[06/15/26 16:43:03] crowsnest: Version: v4.1.17-1-g9cc3d4a
[06/15/26 16:43:03] crowsnest: Prepare Startup ...
[06/15/26 16:43:03] crowsnest: INFO: Host information:
[06/15/26 16:43:03] crowsnest: Host Info: Distribution: Debian GNU/Linux 12 (bookworm)
[06/15/26 16:43:03] crowsnest: Host Info: Release: MainsailOS release 2.2.2 (bookworm)
[06/15/26 16:43:03] crowsnest: Host Info: Kernel: Linux 6.12.87+rpt-rpi-v8 aarch64
[06/15/26 16:43:03] crowsnest: Host Info: Model:  Raspberry Pi 4 Model B Rev 1.1
[06/15/26 16:43:03] crowsnest: Host Info: Available CPU Cores: 4
[06/15/26 16:43:03] crowsnest: Host Info: Available Memory: 748988 kB
[06/15/26 16:43:03] crowsnest: Host Info: Diskspace (avail. / total): 5.4G / 15G
[06/15/26 16:43:03] crowsnest: INFO: Checking Dependencies
[06/15/26 16:43:03] crowsnest: Dependency: 'crudini' found in /usr/bin/crudini.
[06/15/26 16:43:03] crowsnest: Dependency: 'find' found in /usr/bin/find.
[06/15/26 16:43:03] crowsnest: Dependency: 'xargs' found in /usr/bin/xargs.
[06/15/26 16:43:03] crowsnest: Dependency: 'ustreamer' found in bin/ustreamer/src/ustreamer.bin.
[06/15/26 16:43:03] crowsnest: Dependency: 'camera-streamer' found in bin/camera-streamer/camera-streamer.
[06/15/26 16:43:03] crowsnest: Version Control: ustreamer is up to date. (v6.36)
[06/15/26 16:43:03] crowsnest: Version Control: camera-streamer is up to date. ((2f71a28))
[06/15/26 16:43:03] crowsnest: INFO: Print Configfile: '/home/jay/printer_data/config/crowsnest.conf'
[06/15/26 16:43:03] crowsnest:		[crowsnest]
[06/15/26 16:43:03] crowsnest:		log_path: /home/jay/printer_data/logs/crowsnest.log
[06/15/26 16:43:03] crowsnest:		log_level: verbose
[06/15/26 16:43:03] crowsnest:		delete_log: false
[06/15/26 16:43:03] crowsnest:		no_proxy: false
[06/15/26 16:43:03] crowsnest:		
[06/15/26 16:43:03] crowsnest:		[cam 1]
[06/15/26 16:43:03] crowsnest:		mode: ustreamer
[06/15/26 16:43:03] crowsnest:		
[06/15/26 16:43:03] crowsnest:		port: 8080
[06/15/26 16:43:03] crowsnest:		device: /dev/video0
[06/15/26 16:43:03] crowsnest:		resolution: 640x480
[06/15/26 16:43:03] crowsnest:		max_fps: 15
[06/15/26 16:43:03] crowsnest: INFO: Detect available Devices
[06/15/26 16:43:03] crowsnest: ERROR: No usable Devices Found. Stopping crowsnest.
[06/15/26 16:43:09] crowsnest: crowsnest - A webcam Service for multiple Cams and Stream Services.
[06/15/26 16:43:09] crowsnest: Version: v4.1.17-1-g9cc3d4a
[06/15/26 16:43:09] crowsnest: Prepare Startup ...
[06/15/26 16:43:09] crowsnest: INFO: Host information:
[06/15/26 16:43:09] crowsnest: Host Info: Distribution: Debian GNU/Linux 12 (bookworm)
[06/15/26 16:43:09] crowsnest: Host Info: Release: MainsailOS release 2.2.2 (bookworm)
[06/15/26 16:43:09] crowsnest: Host Info: Kernel: Linux 6.12.87+rpt-rpi-v8 aarch64
[06/15/26 16:43:09] crowsnest: Host Info: Model:  Raspberry Pi 4 Model B Rev 1.1
[06/15/26 16:43:09] crowsnest: Host Info: Available CPU Cores: 4
[06/15/26 16:43:09] crowsnest: Host Info: Available Memory: 748988 kB
[06/15/26 16:43:09] crowsnest: Host Info: Diskspace (avail. / total): 5.4G / 15G
[06/15/26 16:43:09] crowsnest: INFO: Checking Dependencies
[06/15/26 16:43:09] crowsnest: Dependency: 'crudini' found in /usr/bin/crudini.
[06/15/26 16:43:09] crowsnest: Dependency: 'find' found in /usr/bin/find.
[06/15/26 16:43:09] crowsnest: Dependency: 'xargs' found in /usr/bin/xargs.
[06/15/26 16:43:09] crowsnest: Dependency: 'ustreamer' found in bin/ustreamer/src/ustreamer.bin.
[06/15/26 16:43:09] crowsnest: Dependency: 'camera-streamer' found in bin/camera-streamer/camera-streamer.
[06/15/26 16:43:09] crowsnest: Version Control: ustreamer is up to date. (v6.36)
[06/15/26 16:43:09] crowsnest: Version Control: camera-streamer is up to date. ((2f71a28))
[06/15/26 16:43:09] crowsnest: INFO: Print Configfile: '/home/jay/printer_data/config/crowsnest.conf'
[06/15/26 16:43:09] crowsnest:		[crowsnest]
[06/15/26 16:43:09] crowsnest:		log_path: /home/jay/printer_data/logs/crowsnest.log
[06/15/26 16:43:09] crowsnest:		log_level: verbose
[06/15/26 16:43:09] crowsnest:		delete_log: false
[06/15/26 16:43:09] crowsnest:		no_proxy: false
[06/15/26 16:43:09] crowsnest:		
[06/15/26 16:43:09] crowsnest:		[cam 1]
[06/15/26 16:43:09] crowsnest:		mode: ustreamer
[06/15/26 16:43:09] crowsnest:		
[06/15/26 16:43:09] crowsnest:		port: 8080
[06/15/26 16:43:09] crowsnest:		device: /dev/video0
[06/15/26 16:43:09] crowsnest:		resolution: 640x480
[06/15/26 16:43:09] crowsnest:		max_fps: 15
[06/15/26 16:43:09] crowsnest: INFO: Detect available Devices
[06/15/26 16:43:09] crowsnest: ERROR: No usable Devices Found. Stopping crowsnest.
[06/15/26 16:43:15] crowsnest: crowsnest - A webcam Service for multiple Cams and Stream Services.
[06/15/26 16:43:15] crowsnest: Version: v4.1.17-1-g9cc3d4a
[06/15/26 16:43:15] crowsnest: Prepare Startup ...
[06/15/26 16:43:15] crowsnest: INFO: Host information:
[06/15/26 16:43:15] crowsnest: Host Info: Distribution: Debian GNU/Linux 12 (bookworm)
[06/15/26 16:43:15] crowsnest: Host Info: Release: MainsailOS release 2.2.2 (bookworm)
[06/15/26 16:43:15] crowsnest: Host Info: Kernel: Linux 6.12.87+rpt-rpi-v8 aarch64
[06/15/26 16:43:15] crowsnest: Host Info: Model:  Raspberry Pi 4 Model B Rev 1.1
[06/15/26 16:43:15] crowsnest: Host Info: Available CPU Cores: 4
[06/15/26 16:43:15] crowsnest: Host Info: Available Memory: 748988 kB
[06/15/26 16:43:15] crowsnest: Host Info: Diskspace (avail. / total): 5.4G / 15G
[06/15/26 16:43:15] crowsnest: INFO: Checking Dependencies
[06/15/26 16:43:15] crowsnest: Dependency: 'crudini' found in /usr/bin/crudini.
[06/15/26 16:43:15] crowsnest: Dependency: 'find' found in /usr/bin/find.
[06/15/26 16:43:15] crowsnest: Dependency: 'xargs' found in /usr/bin/xargs.
[06/15/26 16:43:15] crowsnest: Dependency: 'ustreamer' found in bin/ustreamer/src/ustreamer.bin.
[06/15/26 16:43:15] crowsnest: Dependency: 'camera-streamer' found in bin/camera-streamer/camera-streamer.
[06/15/26 16:43:15] crowsnest: Version Control: ustreamer is up to date. (v6.36)
[06/15/26 16:43:15] crowsnest: Version Control: camera-streamer is up to date. ((2f71a28))
[06/15/26 16:43:15] crowsnest: INFO: Print Configfile: '/home/jay/printer_data/config/crowsnest.conf'
[06/15/26 16:43:15] crowsnest:		[crowsnest]
[06/15/26 16:43:15] crowsnest:		log_path: /home/jay/printer_data/logs/crowsnest.log
[06/15/26 16:43:15] crowsnest:		log_level: verbose
[06/15/26 16:43:15] crowsnest:		delete_log: false
[06/15/26 16:43:15] crowsnest:		no_proxy: false
[06/15/26 16:43:15] crowsnest:		
[06/15/26 16:43:15] crowsnest:		[cam 1]
[06/15/26 16:43:15] crowsnest:		mode: ustreamer
[06/15/26 16:43:15] crowsnest:		
[06/15/26 16:43:15] crowsnest:		port: 8080
[06/15/26 16:43:15] crowsnest:		device: /dev/video0
[06/15/26 16:43:15] crowsnest:		resolution: 640x480
[06/15/26 16:43:15] crowsnest:		max_fps: 15
[06/15/26 16:43:15] crowsnest: INFO: Detect available Devices
[06/15/26 16:43:15] crowsnest: ERROR: No usable Devices Found. Stopping crowsnest.
[06/15/26 16:43:21] crowsnest: crowsnest - A webcam Service for multiple Cams and Stream Services.
[06/15/26 16:43:21] crowsnest: Version: v4.1.17-1-g9cc3d4a
[06/15/26 16:43:21] crowsnest: Prepare Startup ...
[06/15/26 16:43:21] crowsnest: INFO: Host information:
[06/15/26 16:43:21] crowsnest: Host Info: Distribution: Debian GNU/Linux 12 (bookworm)
[06/15/26 16:43:21] crowsnest: Host Info: Release: MainsailOS release 2.2.2 (bookworm)
[06/15/26 16:43:21] crowsnest: Host Info: Kernel: Linux 6.12.87+rpt-rpi-v8 aarch64
[06/15/26 16:43:21] crowsnest: Host Info: Model:  Raspberry Pi 4 Model B Rev 1.1
[06/15/26 16:43:21] crowsnest: Host Info: Available CPU Cores: 4
[06/15/26 16:43:21] crowsnest: Host Info: Available Memory: 748988 kB
[06/15/26 16:43:21] crowsnest: Host Info: Diskspace (avail. / total): 5.4G / 15G
[06/15/26 16:43:21] crowsnest: INFO: Checking Dependencies
[06/15/26 16:43:21] crowsnest: Dependency: 'crudini' found in /usr/bin/crudini.
[06/15/26 16:43:21] crowsnest: Dependency: 'find' found in /usr/bin/find.
[06/15/26 16:43:21] crowsnest: Dependency: 'xargs' found in /usr/bin/xargs.
[06/15/26 16:43:21] crowsnest: Dependency: 'ustreamer' found in bin/ustreamer/src/ustreamer.bin.
[06/15/26 16:43:21] crowsnest: Dependency: 'camera-streamer' found in bin/camera-streamer/camera-streamer.
[06/15/26 16:43:21] crowsnest: Version Control: ustreamer is up to date. (v6.36)
[06/15/26 16:43:21] crowsnest: Version Control: camera-streamer is up to date. ((2f71a28))
[06/15/26 16:43:21] crowsnest: INFO: Print Configfile: '/home/jay/printer_data/config/crowsnest.conf'
[06/15/26 16:43:21] crowsnest:		[crowsnest]
[06/15/26 16:43:21] crowsnest:		log_path: /home/jay/printer_data/logs/crowsnest.log
[06/15/26 16:43:21] crowsnest:		log_level: verbose
[06/15/26 16:43:21] crowsnest:		delete_log: false
[06/15/26 16:43:21] crowsnest:		no_proxy: false
[06/15/26 16:43:21] crowsnest:		
[06/15/26 16:43:21] crowsnest:		[cam 1]
[06/15/26 16:43:21] crowsnest:		mode: ustreamer
[06/15/26 16:43:21] crowsnest:		
[06/15/26 16:43:21] crowsnest:		port: 8080
[06/15/26 16:43:21] crowsnest:		device: /dev/video0
[06/15/26 16:43:21] crowsnest:		resolution: 640x480
[06/15/26 16:43:21] crowsnest:		max_fps: 15
[06/15/26 16:43:21] crowsnest: INFO: Detect available Devices
[06/15/26 16:43:21] crowsnest: ERROR: No usable Devices Found. Stopping crowsnest.
[06/16/26 01:14:00] crowsnest: crowsnest - A webcam Service for multiple Cams and Stream Services.
[06/16/26 01:14:01] crowsnest: Version: v4.1.17-1-g9cc3d4a
[06/16/26 01:14:01] crowsnest: Prepare Startup ...
[06/16/26 01:14:01] crowsnest: INFO: Host information:
[06/16/26 01:14:01] crowsnest: Host Info: Distribution: Debian GNU/Linux 12 (bookworm)
[06/16/26 01:14:01] crowsnest: Host Info: Release: MainsailOS release 2.2.2 (bookworm)
[06/16/26 01:14:01] crowsnest: Host Info: Kernel: Linux 6.12.93+rpt-rpi-v8 aarch64
[06/16/26 01:14:01] crowsnest: Host Info: Model:  Raspberry Pi 4 Model B Rev 1.1
[06/16/26 01:14:01] crowsnest: Host Info: Available CPU Cores: 4
[06/16/26 01:14:01] crowsnest: Host Info: Available Memory: 748988 kB
[06/16/26 01:14:01] crowsnest: Host Info: Diskspace (avail. / total): 5.1G / 15G
[06/16/26 01:14:01] crowsnest: INFO: Checking Dependencies
[06/16/26 01:14:01] crowsnest: Dependency: 'crudini' found in /usr/bin/crudini.
[06/16/26 01:14:01] crowsnest: Dependency: 'find' found in /usr/bin/find.
[06/16/26 01:14:01] crowsnest: Dependency: 'xargs' found in /usr/bin/xargs.
[06/16/26 01:14:01] crowsnest: Dependency: 'ustreamer' found in bin/ustreamer/src/ustreamer.bin.
[06/16/26 01:14:01] crowsnest: Dependency: 'camera-streamer' found in bin/camera-streamer/camera-streamer.
[06/16/26 01:14:02] crowsnest: Version Control: ustreamer is up to date. (v6.36)
[06/16/26 01:14:03] crowsnest: Version Control: camera-streamer is up to date. ((2f71a28))
[06/16/26 01:14:03] crowsnest: INFO: Print Configfile: '/home/jay/printer_data/config/crowsnest.conf'
[06/16/26 01:14:03] crowsnest:		[crowsnest]
[06/16/26 01:14:03] crowsnest:		log_path: /home/jay/printer_data/logs/crowsnest.log
[06/16/26 01:14:03] crowsnest:		log_level: verbose
[06/16/26 01:14:03] crowsnest:		delete_log: false
[06/16/26 01:14:03] crowsnest:		no_proxy: false
[06/16/26 01:14:03] crowsnest:		
[06/16/26 01:14:03] crowsnest:		[cam 1]
[06/16/26 01:14:03] crowsnest:		mode: ustreamer
[06/16/26 01:14:03] crowsnest:		
[06/16/26 01:14:03] crowsnest:		port: 8080
[06/16/26 01:14:03] crowsnest:		device: /dev/video0
[06/16/26 01:14:03] crowsnest:		resolution: 640x480
[06/16/26 01:14:03] crowsnest:		max_fps: 15
[06/16/26 01:14:03] crowsnest: INFO: Detect available Devices
[06/16/26 01:14:04] crowsnest: ERROR: No usable Devices Found. Stopping crowsnest.
[06/16/26 01:14:09] crowsnest: crowsnest - A webcam Service for multiple Cams and Stream Services.
[06/16/26 01:14:09] crowsnest: Version: v4.1.17-1-g9cc3d4a
[06/16/26 01:14:09] crowsnest: Prepare Startup ...
[06/16/26 01:14:09] crowsnest: INFO: Host information:
[06/16/26 01:14:09] crowsnest: Host Info: Distribution: Debian GNU/Linux 12 (bookworm)
[06/16/26 01:14:09] crowsnest: Host Info: Release: MainsailOS release 2.2.2 (bookworm)
[06/16/26 01:14:09] crowsnest: Host Info: Kernel: Linux 6.12.93+rpt-rpi-v8 aarch64
[06/16/26 01:14:09] crowsnest: Host Info: Model:  Raspberry Pi 4 Model B Rev 1.1
[06/16/26 01:14:09] crowsnest: Host Info: Available CPU Cores: 4
[06/16/26 01:14:09] crowsnest: Host Info: Available Memory: 748988 kB
[06/16/26 01:14:09] crowsnest: Host Info: Diskspace (avail. / total): 5.1G / 15G
[06/16/26 01:14:09] crowsnest: INFO: Checking Dependencies
[06/16/26 01:14:09] crowsnest: Dependency: 'crudini' found in /usr/bin/crudini.
[06/16/26 01:14:09] crowsnest: Dependency: 'find' found in /usr/bin/find.
[06/16/26 01:14:09] crowsnest: Dependency: 'xargs' found in /usr/bin/xargs.
[06/16/26 01:14:09] crowsnest: Dependency: 'ustreamer' found in bin/ustreamer/src/ustreamer.bin.
[06/16/26 01:14:09] crowsnest: Dependency: 'camera-streamer' found in bin/camera-streamer/camera-streamer.
[06/16/26 01:14:09] crowsnest: Version Control: ustreamer is up to date. (v6.36)
[06/16/26 01:14:09] crowsnest: Version Control: camera-streamer is up to date. ((2f71a28))
[06/16/26 01:14:09] crowsnest: INFO: Print Configfile: '/home/jay/printer_data/config/crowsnest.conf'
[06/16/26 01:14:09] crowsnest:		[crowsnest]
[06/16/26 01:14:09] crowsnest:		log_path: /home/jay/printer_data/logs/crowsnest.log
[06/16/26 01:14:09] crowsnest:		log_level: verbose
[06/16/26 01:14:09] crowsnest:		delete_log: false
[06/16/26 01:14:09] crowsnest:		no_proxy: false
[06/16/26 01:14:09] crowsnest:		
[06/16/26 01:14:09] crowsnest:		[cam 1]
[06/16/26 01:14:09] crowsnest:		mode: ustreamer
[06/16/26 01:14:09] crowsnest:		
[06/16/26 01:14:09] crowsnest:		port: 8080
[06/16/26 01:14:09] crowsnest:		device: /dev/video0
[06/16/26 01:14:09] crowsnest:		resolution: 640x480
[06/16/26 01:14:09] crowsnest:		max_fps: 15
[06/16/26 01:14:09] crowsnest: INFO: Detect available Devices
[06/16/26 01:14:10] crowsnest: ERROR: No usable Devices Found. Stopping crowsnest.
[06/16/26 01:14:15] crowsnest: crowsnest - A webcam Service for multiple Cams and Stream Services.
[06/16/26 01:14:15] crowsnest: Version: v4.1.17-1-g9cc3d4a
[06/16/26 01:14:15] crowsnest: Prepare Startup ...
[06/16/26 01:14:15] crowsnest: INFO: Host information:
[06/16/26 01:14:15] crowsnest: Host Info: Distribution: Debian GNU/Linux 12 (bookworm)
[06/16/26 01:14:15] crowsnest: Host Info: Release: MainsailOS release 2.2.2 (bookworm)
[06/16/26 01:14:15] crowsnest: Host Info: Kernel: Linux 6.12.93+rpt-rpi-v8 aarch64
[06/16/26 01:14:15] crowsnest: Host Info: Model:  Raspberry Pi 4 Model B Rev 1.1
[06/16/26 01:14:15] crowsnest: Host Info: Available CPU Cores: 4
[06/16/26 01:14:15] crowsnest: Host Info: Available Memory: 748988 kB
[06/16/26 01:14:15] crowsnest: Host Info: Diskspace (avail. / total): 5.1G / 15G
[06/16/26 01:14:15] crowsnest: INFO: Checking Dependencies
[06/16/26 01:14:15] crowsnest: Dependency: 'crudini' found in /usr/bin/crudini.
[06/16/26 01:14:15] crowsnest: Dependency: 'find' found in /usr/bin/find.
[06/16/26 01:14:15] crowsnest: Dependency: 'xargs' found in /usr/bin/xargs.
[06/16/26 01:14:15] crowsnest: Dependency: 'ustreamer' found in bin/ustreamer/src/ustreamer.bin.
[06/16/26 01:14:15] crowsnest: Dependency: 'camera-streamer' found in bin/camera-streamer/camera-streamer.
[06/16/26 01:14:15] crowsnest: Version Control: ustreamer is up to date. (v6.36)
[06/16/26 01:14:15] crowsnest: Version Control: camera-streamer is up to date. ((2f71a28))
[06/16/26 01:14:15] crowsnest: INFO: Print Configfile: '/home/jay/printer_data/config/crowsnest.conf'
[06/16/26 01:14:15] crowsnest:		[crowsnest]
[06/16/26 01:14:15] crowsnest:		log_path: /home/jay/printer_data/logs/crowsnest.log
[06/16/26 01:14:15] crowsnest:		log_level: verbose
[06/16/26 01:14:15] crowsnest:		delete_log: false
[06/16/26 01:14:15] crowsnest:		no_proxy: false
[06/16/26 01:14:15] crowsnest:		
[06/16/26 01:14:15] crowsnest:		[cam 1]
[06/16/26 01:14:15] crowsnest:		mode: ustreamer
[06/16/26 01:14:15] crowsnest:		
[06/16/26 01:14:15] crowsnest:		port: 8080
[06/16/26 01:14:15] crowsnest:		device: /dev/video0
[06/16/26 01:14:15] crowsnest:		resolution: 640x480
[06/16/26 01:14:15] crowsnest:		max_fps: 15
[06/16/26 01:14:15] crowsnest: INFO: Detect available Devices
[06/16/26 01:14:16] crowsnest: ERROR: No usable Devices Found. Stopping crowsnest.
[06/16/26 01:14:21] crowsnest: crowsnest - A webcam Service for multiple Cams and Stream Services.
[06/16/26 01:14:21] crowsnest: Version: v4.1.17-1-g9cc3d4a
[06/16/26 01:14:21] crowsnest: Prepare Startup ...
[06/16/26 01:14:21] crowsnest: INFO: Host information:
[06/16/26 01:14:21] crowsnest: Host Info: Distribution: Debian GNU/Linux 12 (bookworm)
[06/16/26 01:14:21] crowsnest: Host Info: Release: MainsailOS release 2.2.2 (bookworm)
[06/16/26 01:14:21] crowsnest: Host Info: Kernel: Linux 6.12.93+rpt-rpi-v8 aarch64
[06/16/26 01:14:21] crowsnest: Host Info: Model:  Raspberry Pi 4 Model B Rev 1.1
[06/16/26 01:14:21] crowsnest: Host Info: Available CPU Cores: 4
[06/16/26 01:14:21] crowsnest: Host Info: Available Memory: 748988 kB
[06/16/26 01:14:21] crowsnest: Host Info: Diskspace (avail. / total): 5.1G / 15G
[06/16/26 01:14:21] crowsnest: INFO: Checking Dependencies
[06/16/26 01:14:21] crowsnest: Dependency: 'crudini' found in /usr/bin/crudini.
[06/16/26 01:14:21] crowsnest: Dependency: 'find' found in /usr/bin/find.
[06/16/26 01:14:21] crowsnest: Dependency: 'xargs' found in /usr/bin/xargs.
[06/16/26 01:14:21] crowsnest: Dependency: 'ustreamer' found in bin/ustreamer/src/ustreamer.bin.
[06/16/26 01:14:21] crowsnest: Dependency: 'camera-streamer' found in bin/camera-streamer/camera-streamer.
[06/16/26 01:14:21] crowsnest: Version Control: ustreamer is up to date. (v6.36)
[06/16/26 01:14:21] crowsnest: Version Control: camera-streamer is up to date. ((2f71a28))
[06/16/26 01:14:21] crowsnest: INFO: Print Configfile: '/home/jay/printer_data/config/crowsnest.conf'
[06/16/26 01:14:21] crowsnest:		[crowsnest]
[06/16/26 01:14:21] crowsnest:		log_path: /home/jay/printer_data/logs/crowsnest.log
[06/16/26 01:14:21] crowsnest:		log_level: verbose
[06/16/26 01:14:21] crowsnest:		delete_log: false
[06/16/26 01:14:21] crowsnest:		no_proxy: false
[06/16/26 01:14:21] crowsnest:		
[06/16/26 01:14:21] crowsnest:		[cam 1]
[06/16/26 01:14:21] crowsnest:		mode: ustreamer
[06/16/26 01:14:21] crowsnest:		
[06/16/26 01:14:21] crowsnest:		port: 8080
[06/16/26 01:14:21] crowsnest:		device: /dev/video0
[06/16/26 01:14:21] crowsnest:		resolution: 640x480
[06/16/26 01:14:21] crowsnest:		max_fps: 15
[06/16/26 01:14:21] crowsnest: INFO: Detect available Devices
[06/16/26 01:14:22] crowsnest: ERROR: No usable Devices Found. Stopping crowsnest.
[06/16/26 01:14:27] crowsnest: crowsnest - A webcam Service for multiple Cams and Stream Services.
[06/16/26 01:14:27] crowsnest: Version: v4.1.17-1-g9cc3d4a
[06/16/26 01:14:27] crowsnest: Prepare Startup ...
[06/16/26 01:14:27] crowsnest: INFO: Host information:
[06/16/26 01:14:27] crowsnest: Host Info: Distribution: Debian GNU/Linux 12 (bookworm)
[06/16/26 01:14:27] crowsnest: Host Info: Release: MainsailOS release 2.2.2 (bookworm)
[06/16/26 01:14:27] crowsnest: Host Info: Kernel: Linux 6.12.93+rpt-rpi-v8 aarch64
[06/16/26 01:14:27] crowsnest: Host Info: Model:  Raspberry Pi 4 Model B Rev 1.1
[06/16/26 01:14:27] crowsnest: Host Info: Available CPU Cores: 4
[06/16/26 01:14:27] crowsnest: Host Info: Available Memory: 748988 kB
[06/16/26 01:14:27] crowsnest: Host Info: Diskspace (avail. / total): 5.1G / 15G
[06/16/26 01:14:27] crowsnest: INFO: Checking Dependencies
[06/16/26 01:14:27] crowsnest: Dependency: 'crudini' found in /usr/bin/crudini.
[06/16/26 01:14:27] crowsnest: Dependency: 'find' found in /usr/bin/find.
[06/16/26 01:14:27] crowsnest: Dependency: 'xargs' found in /usr/bin/xargs.
[06/16/26 01:14:27] crowsnest: Dependency: 'ustreamer' found in bin/ustreamer/src/ustreamer.bin.
[06/16/26 01:14:27] crowsnest: Dependency: 'camera-streamer' found in bin/camera-streamer/camera-streamer.
[06/16/26 01:14:27] crowsnest: Version Control: ustreamer is up to date. (v6.36)
[06/16/26 01:14:27] crowsnest: Version Control: camera-streamer is up to date. ((2f71a28))
[06/16/26 01:14:27] crowsnest: INFO: Print Configfile: '/home/jay/printer_data/config/crowsnest.conf'
[06/16/26 01:14:27] crowsnest:		[crowsnest]
[06/16/26 01:14:27] crowsnest:		log_path: /home/jay/printer_data/logs/crowsnest.log
[06/16/26 01:14:27] crowsnest:		log_level: verbose
[06/16/26 01:14:27] crowsnest:		delete_log: false
[06/16/26 01:14:27] crowsnest:		no_proxy: false
[06/16/26 01:14:27] crowsnest:		
[06/16/26 01:14:27] crowsnest:		[cam 1]
[06/16/26 01:14:27] crowsnest:		mode: ustreamer
[06/16/26 01:14:27] crowsnest:		
[06/16/26 01:14:27] crowsnest:		port: 8080
[06/16/26 01:14:27] crowsnest:		device: /dev/video0
[06/16/26 01:14:27] crowsnest:		resolution: 640x480
[06/16/26 01:14:27] crowsnest:		max_fps: 15
[06/16/26 01:14:27] crowsnest: INFO: Detect available Devices
[06/16/26 01:14:28] crowsnest: ERROR: No usable Devices Found. Stopping crowsnest.
[06/16/26 01:14:33] crowsnest: crowsnest - A webcam Service for multiple Cams and Stream Services.
[06/16/26 01:14:33] crowsnest: Version: v4.1.17-1-g9cc3d4a
[06/16/26 01:14:33] crowsnest: Prepare Startup ...
[06/16/26 01:14:33] crowsnest: INFO: Host information:
[06/16/26 01:14:33] crowsnest: Host Info: Distribution: Debian GNU/Linux 12 (bookworm)
[06/16/26 01:14:33] crowsnest: Host Info: Release: MainsailOS release 2.2.2 (bookworm)
[06/16/26 01:14:33] crowsnest: Host Info: Kernel: Linux 6.12.93+rpt-rpi-v8 aarch64
[06/16/26 01:14:33] crowsnest: Host Info: Model:  Raspberry Pi 4 Model B Rev 1.1
[06/16/26 01:14:33] crowsnest: Host Info: Available CPU Cores: 4
[06/16/26 01:14:33] crowsnest: Host Info: Available Memory: 748988 kB
[06/16/26 01:14:33] crowsnest: Host Info: Diskspace (avail. / total): 5.1G / 15G
[06/16/26 01:14:33] crowsnest: INFO: Checking Dependencies
[06/16/26 01:14:33] crowsnest: Dependency: 'crudini' found in /usr/bin/crudini.
[06/16/26 01:14:33] crowsnest: Dependency: 'find' found in /usr/bin/find.
[06/16/26 01:14:33] crowsnest: Dependency: 'xargs' found in /usr/bin/xargs.
[06/16/26 01:14:33] crowsnest: Dependency: 'ustreamer' found in bin/ustreamer/src/ustreamer.bin.
[06/16/26 01:14:33] crowsnest: Dependency: 'camera-streamer' found in bin/camera-streamer/camera-streamer.
[06/16/26 01:14:33] crowsnest: Version Control: ustreamer is up to date. (v6.36)
[06/16/26 01:14:33] crowsnest: Version Control: camera-streamer is up to date. ((2f71a28))
[06/16/26 01:14:33] crowsnest: INFO: Print Configfile: '/home/jay/printer_data/config/crowsnest.conf'
[06/16/26 01:14:33] crowsnest:		[crowsnest]
[06/16/26 01:14:33] crowsnest:		log_path: /home/jay/printer_data/logs/crowsnest.log
[06/16/26 01:14:33] crowsnest:		log_level: verbose
[06/16/26 01:14:33] crowsnest:		delete_log: false
[06/16/26 01:14:33] crowsnest:		no_proxy: false
[06/16/26 01:14:33] crowsnest:		
[06/16/26 01:14:33] crowsnest:		[cam 1]
[06/16/26 01:14:33] crowsnest:		mode: ustreamer
[06/16/26 01:14:33] crowsnest:		
[06/16/26 01:14:33] crowsnest:		port: 8080
[06/16/26 01:14:33] crowsnest:		device: /dev/video0
[06/16/26 01:14:33] crowsnest:		resolution: 640x480
[06/16/26 01:14:33] crowsnest:		max_fps: 15
[06/16/26 01:14:33] crowsnest: INFO: Detect available Devices
[06/16/26 01:14:34] crowsnest: ERROR: No usable Devices Found. Stopping crowsnest.
[06/16/26 01:14:39] crowsnest: crowsnest - A webcam Service for multiple Cams and Stream Services.
[06/16/26 01:14:39] crowsnest: Version: v4.1.17-1-g9cc3d4a
[06/16/26 01:14:39] crowsnest: Prepare Startup ...
[06/16/26 01:14:39] crowsnest: INFO: Host information:
[06/16/26 01:14:39] crowsnest: Host Info: Distribution: Debian GNU/Linux 12 (bookworm)
[06/16/26 01:14:39] crowsnest: Host Info: Release: MainsailOS release 2.2.2 (bookworm)
[06/16/26 01:14:39] crowsnest: Host Info: Kernel: Linux 6.12.93+rpt-rpi-v8 aarch64
[06/16/26 01:14:39] crowsnest: Host Info: Model:  Raspberry Pi 4 Model B Rev 1.1
[06/16/26 01:14:39] crowsnest: Host Info: Available CPU Cores: 4
[06/16/26 01:14:39] crowsnest: Host Info: Available Memory: 748988 kB
[06/16/26 01:14:39] crowsnest: Host Info: Diskspace (avail. / total): 5.1G / 15G
[06/16/26 01:14:39] crowsnest: INFO: Checking Dependencies
[06/16/26 01:14:39] crowsnest: Dependency: 'crudini' found in /usr/bin/crudini.
[06/16/26 01:14:39] crowsnest: Dependency: 'find' found in /usr/bin/find.
[06/16/26 01:14:39] crowsnest: Dependency: 'xargs' found in /usr/bin/xargs.
[06/16/26 01:14:39] crowsnest: Dependency: 'ustreamer' found in bin/ustreamer/src/ustreamer.bin.
[06/16/26 01:14:39] crowsnest: Dependency: 'camera-streamer' found in bin/camera-streamer/camera-streamer.
[06/16/26 01:14:39] crowsnest: Version Control: ustreamer is up to date. (v6.36)
[06/16/26 01:14:39] crowsnest: Version Control: camera-streamer is up to date. ((2f71a28))
[06/16/26 01:14:39] crowsnest: INFO: Print Configfile: '/home/jay/printer_data/config/crowsnest.conf'
[06/16/26 01:14:39] crowsnest:		[crowsnest]
[06/16/26 01:14:39] crowsnest:		log_path: /home/jay/printer_data/logs/crowsnest.log
[06/16/26 01:14:39] crowsnest:		log_level: verbose
[06/16/26 01:14:39] crowsnest:		delete_log: false
[06/16/26 01:14:39] crowsnest:		no_proxy: false
[06/16/26 01:14:39] crowsnest:		
[06/16/26 01:14:39] crowsnest:		[cam 1]
[06/16/26 01:14:39] crowsnest:		mode: ustreamer
[06/16/26 01:14:39] crowsnest:		
[06/16/26 01:14:39] crowsnest:		port: 8080
[06/16/26 01:14:39] crowsnest:		device: /dev/video0
[06/16/26 01:14:39] crowsnest:		resolution: 640x480
[06/16/26 01:14:39] crowsnest:		max_fps: 15
[06/16/26 01:14:39] crowsnest: INFO: Detect available Devices
[06/16/26 01:14:40] crowsnest: ERROR: No usable Devices Found. Stopping crowsnest.
[06/16/26 01:14:59] crowsnest: crowsnest - A webcam Service for multiple Cams and Stream Services.
[06/16/26 01:14:59] crowsnest: Version: v4.1.17-1-g9cc3d4a
[06/16/26 01:14:59] crowsnest: Prepare Startup ...
[06/16/26 01:14:59] crowsnest: INFO: Host information:
[06/16/26 01:14:59] crowsnest: Host Info: Distribution: Debian GNU/Linux 12 (bookworm)
[06/16/26 01:14:59] crowsnest: Host Info: Release: MainsailOS release 2.2.2 (bookworm)
[06/16/26 01:14:59] crowsnest: Host Info: Kernel: Linux 6.12.93+rpt-rpi-v8 aarch64
[06/16/26 01:14:59] crowsnest: Host Info: Model:  Raspberry Pi 4 Model B Rev 1.1
[06/16/26 01:14:59] crowsnest: Host Info: Available CPU Cores: 4
[06/16/26 01:14:59] crowsnest: Host Info: Available Memory: 748988 kB
[06/16/26 01:14:59] crowsnest: Host Info: Diskspace (avail. / total): 5.1G / 15G
[06/16/26 01:14:59] crowsnest: INFO: Checking Dependencies
[06/16/26 01:14:59] crowsnest: Dependency: 'crudini' found in /usr/bin/crudini.
[06/16/26 01:14:59] crowsnest: Dependency: 'find' found in /usr/bin/find.
[06/16/26 01:14:59] crowsnest: Dependency: 'xargs' found in /usr/bin/xargs.
[06/16/26 01:14:59] crowsnest: Dependency: 'ustreamer' found in bin/ustreamer/src/ustreamer.bin.
[06/16/26 01:14:59] crowsnest: Dependency: 'camera-streamer' found in bin/camera-streamer/camera-streamer.
[06/16/26 01:14:59] crowsnest: Version Control: ustreamer is up to date. (v6.36)
[06/16/26 01:14:59] crowsnest: Version Control: camera-streamer is up to date. ((2f71a28))
[06/16/26 01:14:59] crowsnest: INFO: Print Configfile: '/home/jay/printer_data/config/crowsnest.conf'
[06/16/26 01:14:59] crowsnest:		[crowsnest]
[06/16/26 01:14:59] crowsnest:		log_path: /home/jay/printer_data/logs/crowsnest.log
[06/16/26 01:14:59] crowsnest:		log_level: verbose
[06/16/26 01:14:59] crowsnest:		delete_log: false
[06/16/26 01:14:59] crowsnest:		no_proxy: false
[06/16/26 01:14:59] crowsnest:		
[06/16/26 01:14:59] crowsnest:		[cam 1]
[06/16/26 01:14:59] crowsnest:		mode: ustreamer
[06/16/26 01:14:59] crowsnest:		
[06/16/26 01:14:59] crowsnest:		port: 8080
[06/16/26 01:14:59] crowsnest:		device: /dev/video0
[06/16/26 01:14:59] crowsnest:		resolution: 640x480
[06/16/26 01:14:59] crowsnest:		max_fps: 15
[06/16/26 01:14:59] crowsnest: INFO: Detect available Devices
[06/16/26 01:14:59] crowsnest: ERROR: No usable Devices Found. Stopping crowsnest.
[06/16/26 01:15:05] crowsnest: crowsnest - A webcam Service for multiple Cams and Stream Services.
[06/16/26 01:15:05] crowsnest: Version: v4.1.17-1-g9cc3d4a
[06/16/26 01:15:05] crowsnest: Prepare Startup ...
[06/16/26 01:15:05] crowsnest: INFO: Host information:
[06/16/26 01:15:05] crowsnest: Host Info: Distribution: Debian GNU/Linux 12 (bookworm)
[06/16/26 01:15:05] crowsnest: Host Info: Release: MainsailOS release 2.2.2 (bookworm)
[06/16/26 01:15:05] crowsnest: Host Info: Kernel: Linux 6.12.93+rpt-rpi-v8 aarch64
[06/16/26 01:15:05] crowsnest: Host Info: Model:  Raspberry Pi 4 Model B Rev 1.1
[06/16/26 01:15:05] crowsnest: Host Info: Available CPU Cores: 4
[06/16/26 01:15:05] crowsnest: Host Info: Available Memory: 748988 kB
[06/16/26 01:15:05] crowsnest: Host Info: Diskspace (avail. / total): 5.1G / 15G
[06/16/26 01:15:05] crowsnest: INFO: Checking Dependencies
[06/16/26 01:15:05] crowsnest: Dependency: 'crudini' found in /usr/bin/crudini.
[06/16/26 01:15:05] crowsnest: Dependency: 'find' found in /usr/bin/find.
[06/16/26 01:15:05] crowsnest: Dependency: 'xargs' found in /usr/bin/xargs.
[06/16/26 01:15:05] crowsnest: Dependency: 'ustreamer' found in bin/ustreamer/src/ustreamer.bin.
[06/16/26 01:15:05] crowsnest: Dependency: 'camera-streamer' found in bin/camera-streamer/camera-streamer.
[06/16/26 01:15:05] crowsnest: Version Control: ustreamer is up to date. (v6.36)
[06/16/26 01:15:05] crowsnest: Version Control: camera-streamer is up to date. ((2f71a28))
[06/16/26 01:15:05] crowsnest: INFO: Print Configfile: '/home/jay/printer_data/config/crowsnest.conf'
[06/16/26 01:15:05] crowsnest:		[crowsnest]
[06/16/26 01:15:05] crowsnest:		log_path: /home/jay/printer_data/logs/crowsnest.log
[06/16/26 01:15:05] crowsnest:		log_level: verbose
[06/16/26 01:15:05] crowsnest:		delete_log: false
[06/16/26 01:15:05] crowsnest:		no_proxy: false
[06/16/26 01:15:05] crowsnest:		
[06/16/26 01:15:05] crowsnest:		[cam 1]
[06/16/26 01:15:05] crowsnest:		mode: ustreamer
[06/16/26 01:15:05] crowsnest:		
[06/16/26 01:15:05] crowsnest:		port: 8080
[06/16/26 01:15:05] crowsnest:		device: /dev/video0
[06/16/26 01:15:05] crowsnest:		resolution: 640x480
[06/16/26 01:15:05] crowsnest:		max_fps: 15
[06/16/26 01:15:05] crowsnest: INFO: Detect available Devices
[06/16/26 01:15:05] crowsnest: ERROR: No usable Devices Found. Stopping crowsnest.
[06/16/26 01:15:11] crowsnest: crowsnest - A webcam Service for multiple Cams and Stream Services.
[06/16/26 01:15:11] crowsnest: Version: v4.1.17-1-g9cc3d4a
[06/16/26 01:15:11] crowsnest: Prepare Startup ...
[06/16/26 01:15:11] crowsnest: INFO: Host information:
[06/16/26 01:15:11] crowsnest: Host Info: Distribution: Debian GNU/Linux 12 (bookworm)
[06/16/26 01:15:11] crowsnest: Host Info: Release: MainsailOS release 2.2.2 (bookworm)
[06/16/26 01:15:11] crowsnest: Host Info: Kernel: Linux 6.12.93+rpt-rpi-v8 aarch64
[06/16/26 01:15:11] crowsnest: Host Info: Model:  Raspberry Pi 4 Model B Rev 1.1
[06/16/26 01:15:11] crowsnest: Host Info: Available CPU Cores: 4
[06/16/26 01:15:11] crowsnest: Host Info: Available Memory: 748988 kB
[06/16/26 01:15:11] crowsnest: Host Info: Diskspace (avail. / total): 5.1G / 15G
[06/16/26 01:15:11] crowsnest: INFO: Checking Dependencies
[06/16/26 01:15:11] crowsnest: Dependency: 'crudini' found in /usr/bin/crudini.
[06/16/26 01:15:11] crowsnest: Dependency: 'find' found in /usr/bin/find.
[06/16/26 01:15:11] crowsnest: Dependency: 'xargs' found in /usr/bin/xargs.
[06/16/26 01:15:11] crowsnest: Dependency: 'ustreamer' found in bin/ustreamer/src/ustreamer.bin.
[06/16/26 01:15:11] crowsnest: Dependency: 'camera-streamer' found in bin/camera-streamer/camera-streamer.
[06/16/26 01:15:11] crowsnest: Version Control: ustreamer is up to date. (v6.36)
[06/16/26 01:15:11] crowsnest: Version Control: camera-streamer is up to date. ((2f71a28))
[06/16/26 01:15:11] crowsnest: INFO: Print Configfile: '/home/jay/printer_data/config/crowsnest.conf'
[06/16/26 01:15:11] crowsnest:		[crowsnest]
[06/16/26 01:15:11] crowsnest:		log_path: /home/jay/printer_data/logs/crowsnest.log
[06/16/26 01:15:11] crowsnest:		log_level: verbose
[06/16/26 01:15:11] crowsnest:		delete_log: false
[06/16/26 01:15:11] crowsnest:		no_proxy: false
[06/16/26 01:15:11] crowsnest:		
[06/16/26 01:15:11] crowsnest:		[cam 1]
[06/16/26 01:15:11] crowsnest:		mode: ustreamer
[06/16/26 01:15:11] crowsnest:		
[06/16/26 01:15:11] crowsnest:		port: 8080
[06/16/26 01:15:11] crowsnest:		device: /dev/video0
[06/16/26 01:15:11] crowsnest:		resolution: 640x480
[06/16/26 01:15:11] crowsnest:		max_fps: 15
[06/16/26 01:15:11] crowsnest: INFO: Detect available Devices
[06/16/26 01:15:11] crowsnest: ERROR: No usable Devices Found. Stopping crowsnest.
[06/22/26 17:44:32] crowsnest: crowsnest - A webcam Service for multiple Cams and Stream Services.
[06/22/26 17:44:32] crowsnest: Version: v4.1.17-1-g9cc3d4a
[06/22/26 17:44:32] crowsnest: Prepare Startup ...
[06/22/26 17:44:32] crowsnest: INFO: Host information:
[06/22/26 17:44:32] crowsnest: Host Info: Distribution: Debian GNU/Linux 12 (bookworm)
[06/22/26 17:44:32] crowsnest: Host Info: Release: MainsailOS release 2.2.2 (bookworm)
[06/22/26 17:44:32] crowsnest: Host Info: Kernel: Linux 6.12.93+rpt-rpi-v8 aarch64
[06/22/26 17:44:32] crowsnest: Host Info: Model:  Raspberry Pi 4 Model B Rev 1.1
[06/22/26 17:44:32] crowsnest: Host Info: Available CPU Cores: 4
[06/22/26 17:44:32] crowsnest: Host Info: Available Memory: 748988 kB
[06/22/26 17:44:32] crowsnest: Host Info: Diskspace (avail. / total): 5.1G / 15G
[06/22/26 17:44:32] crowsnest: INFO: Checking Dependencies
[06/22/26 17:44:33] crowsnest: Dependency: 'crudini' found in /usr/bin/crudini.
[06/22/26 17:44:33] crowsnest: Dependency: 'find' found in /usr/bin/find.
[06/22/26 17:44:33] crowsnest: Dependency: 'xargs' found in /usr/bin/xargs.
[06/22/26 17:44:33] crowsnest: Dependency: 'ustreamer' found in bin/ustreamer/src/ustreamer.bin.
[06/22/26 17:44:33] crowsnest: Dependency: 'camera-streamer' found in bin/camera-streamer/camera-streamer.
[06/22/26 17:44:33] crowsnest: Version Control: ustreamer is up to date. (v6.36)
[06/22/26 17:44:35] crowsnest: Version Control: camera-streamer is up to date. ((2f71a28))
[06/22/26 17:44:35] crowsnest: INFO: Print Configfile: '/home/jay/printer_data/config/crowsnest.conf'
[06/22/26 17:44:35] crowsnest:		[crowsnest]
[06/22/26 17:44:35] crowsnest:		log_path: /home/jay/printer_data/logs/crowsnest.log
[06/22/26 17:44:35] crowsnest:		log_level: verbose
[06/22/26 17:44:35] crowsnest:		delete_log: false
[06/22/26 17:44:35] crowsnest:		no_proxy: false
[06/22/26 17:44:35] crowsnest:		
[06/22/26 17:44:35] crowsnest:		[cam 1]
[06/22/26 17:44:35] crowsnest:		mode: ustreamer
[06/22/26 17:44:35] crowsnest:		
[06/22/26 17:44:35] crowsnest:		port: 8080
[06/22/26 17:44:35] crowsnest:		device: /dev/video0
[06/22/26 17:44:35] crowsnest:		resolution: 640x480
[06/22/26 17:44:35] crowsnest:		max_fps: 15
[06/22/26 17:44:35] crowsnest: INFO: Detect available Devices
[06/22/26 17:44:35] crowsnest: ERROR: No usable Devices Found. Stopping crowsnest.
[06/22/26 17:44:41] crowsnest: crowsnest - A webcam Service for multiple Cams and Stream Services.
[06/22/26 17:44:41] crowsnest: Version: v4.1.17-1-g9cc3d4a
[06/22/26 17:44:41] crowsnest: Prepare Startup ...
[06/22/26 17:44:41] crowsnest: INFO: Host information:
[06/22/26 17:44:41] crowsnest: Host Info: Distribution: Debian GNU/Linux 12 (bookworm)
[06/22/26 17:44:41] crowsnest: Host Info: Release: MainsailOS release 2.2.2 (bookworm)
[06/22/26 17:44:41] crowsnest: Host Info: Kernel: Linux 6.12.93+rpt-rpi-v8 aarch64
[06/22/26 17:44:41] crowsnest: Host Info: Model:  Raspberry Pi 4 Model B Rev 1.1
[06/22/26 17:44:41] crowsnest: Host Info: Available CPU Cores: 4
[06/22/26 17:44:41] crowsnest: Host Info: Available Memory: 748988 kB
[06/22/26 17:44:41] crowsnest: Host Info: Diskspace (avail. / total): 5.1G / 15G
[06/22/26 17:44:41] crowsnest: INFO: Checking Dependencies
[06/22/26 17:44:41] crowsnest: Dependency: 'crudini' found in /usr/bin/crudini.
[06/22/26 17:44:41] crowsnest: Dependency: 'find' found in /usr/bin/find.
[06/22/26 17:44:41] crowsnest: Dependency: 'xargs' found in /usr/bin/xargs.
[06/22/26 17:44:41] crowsnest: Dependency: 'ustreamer' found in bin/ustreamer/src/ustreamer.bin.
[06/22/26 17:44:41] crowsnest: Dependency: 'camera-streamer' found in bin/camera-streamer/camera-streamer.
[06/22/26 17:44:41] crowsnest: Version Control: ustreamer is up to date. (v6.36)
[06/22/26 17:44:41] crowsnest: Version Control: camera-streamer is up to date. ((2f71a28))
[06/22/26 17:44:41] crowsnest: INFO: Print Configfile: '/home/jay/printer_data/config/crowsnest.conf'
[06/22/26 17:44:41] crowsnest:		[crowsnest]
[06/22/26 17:44:41] crowsnest:		log_path: /home/jay/printer_data/logs/crowsnest.log
[06/22/26 17:44:41] crowsnest:		log_level: verbose
[06/22/26 17:44:41] crowsnest:		delete_log: false
[06/22/26 17:44:41] crowsnest:		no_proxy: false
[06/22/26 17:44:41] crowsnest:		
[06/22/26 17:44:41] crowsnest:		[cam 1]
[06/22/26 17:44:41] crowsnest:		mode: ustreamer
[06/22/26 17:44:41] crowsnest:		
[06/22/26 17:44:41] crowsnest:		port: 8080
[06/22/26 17:44:41] crowsnest:		device: /dev/video0
[06/22/26 17:44:41] crowsnest:		resolution: 640x480
[06/22/26 17:44:41] crowsnest:		max_fps: 15
[06/22/26 17:44:41] crowsnest: INFO: Detect available Devices
[06/22/26 17:44:41] crowsnest: ERROR: No usable Devices Found. Stopping crowsnest.
[06/22/26 17:44:47] crowsnest: crowsnest - A webcam Service for multiple Cams and Stream Services.
[06/22/26 17:44:47] crowsnest: Version: v4.1.17-1-g9cc3d4a
[06/22/26 17:44:47] crowsnest: Prepare Startup ...
[06/22/26 17:44:47] crowsnest: INFO: Host information:
[06/22/26 17:44:47] crowsnest: Host Info: Distribution: Debian GNU/Linux 12 (bookworm)
[06/22/26 17:44:47] crowsnest: Host Info: Release: MainsailOS release 2.2.2 (bookworm)
[06/22/26 17:44:47] crowsnest: Host Info: Kernel: Linux 6.12.93+rpt-rpi-v8 aarch64
[06/22/26 17:44:47] crowsnest: Host Info: Model:  Raspberry Pi 4 Model B Rev 1.1
[06/22/26 17:44:47] crowsnest: Host Info: Available CPU Cores: 4
[06/22/26 17:44:47] crowsnest: Host Info: Available Memory: 748988 kB
[06/22/26 17:44:47] crowsnest: Host Info: Diskspace (avail. / total): 5.1G / 15G
[06/22/26 17:44:47] crowsnest: INFO: Checking Dependencies
[06/22/26 17:44:47] crowsnest: Dependency: 'crudini' found in /usr/bin/crudini.
[06/22/26 17:44:47] crowsnest: Dependency: 'find' found in /usr/bin/find.
[06/22/26 17:44:47] crowsnest: Dependency: 'xargs' found in /usr/bin/xargs.
[06/22/26 17:44:47] crowsnest: Dependency: 'ustreamer' found in bin/ustreamer/src/ustreamer.bin.
[06/22/26 17:44:47] crowsnest: Dependency: 'camera-streamer' found in bin/camera-streamer/camera-streamer.
[06/22/26 17:44:47] crowsnest: Version Control: ustreamer is up to date. (v6.36)
[06/22/26 17:44:47] crowsnest: Version Control: camera-streamer is up to date. ((2f71a28))
[06/22/26 17:44:47] crowsnest: INFO: Print Configfile: '/home/jay/printer_data/config/crowsnest.conf'
[06/22/26 17:44:47] crowsnest:		[crowsnest]
[06/22/26 17:44:47] crowsnest:		log_path: /home/jay/printer_data/logs/crowsnest.log
[06/22/26 17:44:47] crowsnest:		log_level: verbose
[06/22/26 17:44:47] crowsnest:		delete_log: false
[06/22/26 17:44:47] crowsnest:		no_proxy: false
[06/22/26 17:44:47] crowsnest:		
[06/22/26 17:44:47] crowsnest:		[cam 1]
[06/22/26 17:44:47] crowsnest:		mode: ustreamer
[06/22/26 17:44:47] crowsnest:		
[06/22/26 17:44:47] crowsnest:		port: 8080
[06/22/26 17:44:47] crowsnest:		device: /dev/video0
[06/22/26 17:44:47] crowsnest:		resolution: 640x480
[06/22/26 17:44:47] crowsnest:		max_fps: 15
[06/22/26 17:44:47] crowsnest: INFO: Detect available Devices
[06/22/26 17:44:47] crowsnest: ERROR: No usable Devices Found. Stopping crowsnest.
[06/22/26 17:44:53] crowsnest: crowsnest - A webcam Service for multiple Cams and Stream Services.
[06/22/26 17:44:53] crowsnest: Version: v4.1.17-1-g9cc3d4a
[06/22/26 17:44:53] crowsnest: Prepare Startup ...
[06/22/26 17:44:53] crowsnest: INFO: Host information:
[06/22/26 17:44:53] crowsnest: Host Info: Distribution: Debian GNU/Linux 12 (bookworm)
[06/22/26 17:44:53] crowsnest: Host Info: Release: MainsailOS release 2.2.2 (bookworm)
[06/22/26 17:44:53] crowsnest: Host Info: Kernel: Linux 6.12.93+rpt-rpi-v8 aarch64
[06/22/26 17:44:53] crowsnest: Host Info: Model:  Raspberry Pi 4 Model B Rev 1.1
[06/22/26 17:44:53] crowsnest: Host Info: Available CPU Cores: 4
[06/22/26 17:44:53] crowsnest: Host Info: Available Memory: 748988 kB
[06/22/26 17:44:53] crowsnest: Host Info: Diskspace (avail. / total): 5.1G / 15G
[06/22/26 17:44:53] crowsnest: INFO: Checking Dependencies
[06/22/26 17:44:53] crowsnest: Dependency: 'crudini' found in /usr/bin/crudini.
[06/22/26 17:44:53] crowsnest: Dependency: 'find' found in /usr/bin/find.
[06/22/26 17:44:53] crowsnest: Dependency: 'xargs' found in /usr/bin/xargs.
[06/22/26 17:44:53] crowsnest: Dependency: 'ustreamer' found in bin/ustreamer/src/ustreamer.bin.
[06/22/26 17:44:53] crowsnest: Dependency: 'camera-streamer' found in bin/camera-streamer/camera-streamer.
[06/22/26 17:44:53] crowsnest: Version Control: ustreamer is up to date. (v6.36)
[06/22/26 17:44:53] crowsnest: Version Control: camera-streamer is up to date. ((2f71a28))
[06/22/26 17:44:53] crowsnest: INFO: Print Configfile: '/home/jay/printer_data/config/crowsnest.conf'
[06/22/26 17:44:53] crowsnest:		[crowsnest]
[06/22/26 17:44:53] crowsnest:		log_path: /home/jay/printer_data/logs/crowsnest.log
[06/22/26 17:44:53] crowsnest:		log_level: verbose
[06/22/26 17:44:53] crowsnest:		delete_log: false
[06/22/26 17:44:53] crowsnest:		no_proxy: false
[06/22/26 17:44:53] crowsnest:		
[06/22/26 17:44:53] crowsnest:		[cam 1]
[06/22/26 17:44:53] crowsnest:		mode: ustreamer
[06/22/26 17:44:53] crowsnest:		
[06/22/26 17:44:53] crowsnest:		port: 8080
[06/22/26 17:44:53] crowsnest:		device: /dev/video0
[06/22/26 17:44:53] crowsnest:		resolution: 640x480
[06/22/26 17:44:53] crowsnest:		max_fps: 15
[06/22/26 17:44:53] crowsnest: INFO: Detect available Devices
[06/22/26 17:44:53] crowsnest: ERROR: No usable Devices Found. Stopping crowsnest.
[06/22/26 17:44:59] crowsnest: crowsnest - A webcam Service for multiple Cams and Stream Services.
[06/22/26 17:44:59] crowsnest: Version: v4.1.17-1-g9cc3d4a
[06/22/26 17:44:59] crowsnest: Prepare Startup ...
[06/22/26 17:44:59] crowsnest: INFO: Host information:
[06/22/26 17:44:59] crowsnest: Host Info: Distribution: Debian GNU/Linux 12 (bookworm)
[06/22/26 17:44:59] crowsnest: Host Info: Release: MainsailOS release 2.2.2 (bookworm)
[06/22/26 17:44:59] crowsnest: Host Info: Kernel: Linux 6.12.93+rpt-rpi-v8 aarch64
[06/22/26 17:44:59] crowsnest: Host Info: Model:  Raspberry Pi 4 Model B Rev 1.1
[06/22/26 17:44:59] crowsnest: Host Info: Available CPU Cores: 4
[06/22/26 17:44:59] crowsnest: Host Info: Available Memory: 748988 kB
[06/22/26 17:44:59] crowsnest: Host Info: Diskspace (avail. / total): 5.1G / 15G
[06/22/26 17:44:59] crowsnest: INFO: Checking Dependencies
[06/22/26 17:44:59] crowsnest: Dependency: 'crudini' found in /usr/bin/crudini.
[06/22/26 17:44:59] crowsnest: Dependency: 'find' found in /usr/bin/find.
[06/22/26 17:44:59] crowsnest: Dependency: 'xargs' found in /usr/bin/xargs.
[06/22/26 17:44:59] crowsnest: Dependency: 'ustreamer' found in bin/ustreamer/src/ustreamer.bin.
[06/22/26 17:44:59] crowsnest: Dependency: 'camera-streamer' found in bin/camera-streamer/camera-streamer.
[06/22/26 17:44:59] crowsnest: Version Control: ustreamer is up to date. (v6.36)
[06/22/26 17:44:59] crowsnest: Version Control: camera-streamer is up to date. ((2f71a28))
[06/22/26 17:44:59] crowsnest: INFO: Print Configfile: '/home/jay/printer_data/config/crowsnest.conf'
[06/22/26 17:44:59] crowsnest:		[crowsnest]
[06/22/26 17:44:59] crowsnest:		log_path: /home/jay/printer_data/logs/crowsnest.log
[06/22/26 17:44:59] crowsnest:		log_level: verbose
[06/22/26 17:44:59] crowsnest:		delete_log: false
[06/22/26 17:44:59] crowsnest:		no_proxy: false
[06/22/26 17:44:59] crowsnest:		
[06/22/26 17:44:59] crowsnest:		[cam 1]
[06/22/26 17:44:59] crowsnest:		mode: ustreamer
[06/22/26 17:44:59] crowsnest:		
[06/22/26 17:44:59] crowsnest:		port: 8080
[06/22/26 17:44:59] crowsnest:		device: /dev/video0
[06/22/26 17:44:59] crowsnest:		resolution: 640x480
[06/22/26 17:44:59] crowsnest:		max_fps: 15
[06/22/26 17:44:59] crowsnest: INFO: Detect available Devices
[06/22/26 17:44:59] crowsnest: ERROR: No usable Devices Found. Stopping crowsnest.
[06/22/26 17:45:05] crowsnest: crowsnest - A webcam Service for multiple Cams and Stream Services.
[06/22/26 17:45:05] crowsnest: Version: v4.1.17-1-g9cc3d4a
[06/22/26 17:45:05] crowsnest: Prepare Startup ...
[06/22/26 17:45:05] crowsnest: INFO: Host information:
[06/22/26 17:45:05] crowsnest: Host Info: Distribution: Debian GNU/Linux 12 (bookworm)
[06/22/26 17:45:05] crowsnest: Host Info: Release: MainsailOS release 2.2.2 (bookworm)
[06/22/26 17:45:05] crowsnest: Host Info: Kernel: Linux 6.12.93+rpt-rpi-v8 aarch64
[06/22/26 17:45:05] crowsnest: Host Info: Model:  Raspberry Pi 4 Model B Rev 1.1
[06/22/26 17:45:05] crowsnest: Host Info: Available CPU Cores: 4
[06/22/26 17:45:05] crowsnest: Host Info: Available Memory: 748988 kB
[06/22/26 17:45:05] crowsnest: Host Info: Diskspace (avail. / total): 5.1G / 15G
[06/22/26 17:45:05] crowsnest: INFO: Checking Dependencies
[06/22/26 17:45:05] crowsnest: Dependency: 'crudini' found in /usr/bin/crudini.
[06/22/26 17:45:05] crowsnest: Dependency: 'find' found in /usr/bin/find.
[06/22/26 17:45:05] crowsnest: Dependency: 'xargs' found in /usr/bin/xargs.
[06/22/26 17:45:05] crowsnest: Dependency: 'ustreamer' found in bin/ustreamer/src/ustreamer.bin.
[06/22/26 17:45:05] crowsnest: Dependency: 'camera-streamer' found in bin/camera-streamer/camera-streamer.
[06/22/26 17:45:05] crowsnest: Version Control: ustreamer is up to date. (v6.36)
[06/22/26 17:45:05] crowsnest: Version Control: camera-streamer is up to date. ((2f71a28))
[06/22/26 17:45:05] crowsnest: INFO: Print Configfile: '/home/jay/printer_data/config/crowsnest.conf'
[06/22/26 17:45:05] crowsnest:		[crowsnest]
[06/22/26 17:45:05] crowsnest:		log_path: /home/jay/printer_data/logs/crowsnest.log
[06/22/26 17:45:05] crowsnest:		log_level: verbose
[06/22/26 17:45:05] crowsnest:		delete_log: false
[06/22/26 17:45:05] crowsnest:		no_proxy: false
[06/22/26 17:45:05] crowsnest:		
[06/22/26 17:45:05] crowsnest:		[cam 1]
[06/22/26 17:45:05] crowsnest:		mode: ustreamer
[06/22/26 17:45:05] crowsnest:		
[06/22/26 17:45:05] crowsnest:		port: 8080
[06/22/26 17:45:05] crowsnest:		device: /dev/video0
[06/22/26 17:45:05] crowsnest:		resolution: 640x480
[06/22/26 17:45:05] crowsnest:		max_fps: 15
[06/22/26 17:45:05] crowsnest: INFO: Detect available Devices
[06/22/26 17:45:05] crowsnest: ERROR: No usable Devices Found. Stopping crowsnest.
[06/22/26 17:45:11] crowsnest: crowsnest - A webcam Service for multiple Cams and Stream Services.
[06/22/26 17:45:11] crowsnest: Version: v4.1.17-1-g9cc3d4a
[06/22/26 17:45:11] crowsnest: Prepare Startup ...
[06/22/26 17:45:11] crowsnest: INFO: Host information:
[06/22/26 17:45:11] crowsnest: Host Info: Distribution: Debian GNU/Linux 12 (bookworm)
[06/22/26 17:45:11] crowsnest: Host Info: Release: MainsailOS release 2.2.2 (bookworm)
[06/22/26 17:45:11] crowsnest: Host Info: Kernel: Linux 6.12.93+rpt-rpi-v8 aarch64
[06/22/26 17:45:11] crowsnest: Host Info: Model:  Raspberry Pi 4 Model B Rev 1.1
[06/22/26 17:45:11] crowsnest: Host Info: Available CPU Cores: 4
[06/22/26 17:45:11] crowsnest: Host Info: Available Memory: 748988 kB
[06/22/26 17:45:11] crowsnest: Host Info: Diskspace (avail. / total): 5.1G / 15G
[06/22/26 17:45:11] crowsnest: INFO: Checking Dependencies
[06/22/26 17:45:11] crowsnest: Dependency: 'crudini' found in /usr/bin/crudini.
[06/22/26 17:45:11] crowsnest: Dependency: 'find' found in /usr/bin/find.
[06/22/26 17:45:11] crowsnest: Dependency: 'xargs' found in /usr/bin/xargs.
[06/22/26 17:45:11] crowsnest: Dependency: 'ustreamer' found in bin/ustreamer/src/ustreamer.bin.
[06/22/26 17:45:11] crowsnest: Dependency: 'camera-streamer' found in bin/camera-streamer/camera-streamer.
[06/22/26 17:45:11] crowsnest: Version Control: ustreamer is up to date. (v6.36)
[06/22/26 17:45:11] crowsnest: Version Control: camera-streamer is up to date. ((2f71a28))
[06/22/26 17:45:11] crowsnest: INFO: Print Configfile: '/home/jay/printer_data/config/crowsnest.conf'
[06/22/26 17:45:11] crowsnest:		[crowsnest]
[06/22/26 17:45:11] crowsnest:		log_path: /home/jay/printer_data/logs/crowsnest.log
[06/22/26 17:45:11] crowsnest:		log_level: verbose
[06/22/26 17:45:11] crowsnest:		delete_log: false
[06/22/26 17:45:11] crowsnest:		no_proxy: false
[06/22/26 17:45:11] crowsnest:		
[06/22/26 17:45:11] crowsnest:		[cam 1]
[06/22/26 17:45:11] crowsnest:		mode: ustreamer
[06/22/26 17:45:11] crowsnest:		
[06/22/26 17:45:11] crowsnest:		port: 8080
[06/22/26 17:45:11] crowsnest:		device: /dev/video0
[06/22/26 17:45:11] crowsnest:		resolution: 640x480
[06/22/26 17:45:11] crowsnest:		max_fps: 15
[06/22/26 17:45:11] crowsnest: INFO: Detect available Devices
[06/22/26 17:45:11] crowsnest: ERROR: No usable Devices Found. Stopping crowsnest.
[06/22/26 17:45:17] crowsnest: crowsnest - A webcam Service for multiple Cams and Stream Services.
[06/22/26 17:45:17] crowsnest: Version: v4.1.17-1-g9cc3d4a
[06/22/26 17:45:17] crowsnest: Prepare Startup ...
[06/22/26 17:45:17] crowsnest: INFO: Host information:
[06/22/26 17:45:17] crowsnest: Host Info: Distribution: Debian GNU/Linux 12 (bookworm)
[06/22/26 17:45:17] crowsnest: Host Info: Release: MainsailOS release 2.2.2 (bookworm)
[06/22/26 17:45:17] crowsnest: Host Info: Kernel: Linux 6.12.93+rpt-rpi-v8 aarch64
[06/22/26 17:45:17] crowsnest: Host Info: Model:  Raspberry Pi 4 Model B Rev 1.1
[06/22/26 17:45:17] crowsnest: Host Info: Available CPU Cores: 4
[06/22/26 17:45:17] crowsnest: Host Info: Available Memory: 748988 kB
[06/22/26 17:45:17] crowsnest: Host Info: Diskspace (avail. / total): 5.1G / 15G
[06/22/26 17:45:17] crowsnest: INFO: Checking Dependencies
[06/22/26 17:45:17] crowsnest: Dependency: 'crudini' found in /usr/bin/crudini.
[06/22/26 17:45:17] crowsnest: Dependency: 'find' found in /usr/bin/find.
[06/22/26 17:45:17] crowsnest: Dependency: 'xargs' found in /usr/bin/xargs.
[06/22/26 17:45:17] crowsnest: Dependency: 'ustreamer' found in bin/ustreamer/src/ustreamer.bin.
[06/22/26 17:45:17] crowsnest: Dependency: 'camera-streamer' found in bin/camera-streamer/camera-streamer.
[06/22/26 17:45:17] crowsnest: Version Control: ustreamer is up to date. (v6.36)
[06/22/26 17:45:17] crowsnest: Version Control: camera-streamer is up to date. ((2f71a28))
[06/22/26 17:45:17] crowsnest: INFO: Print Configfile: '/home/jay/printer_data/config/crowsnest.conf'
[06/22/26 17:45:17] crowsnest:		[crowsnest]
[06/22/26 17:45:17] crowsnest:		log_path: /home/jay/printer_data/logs/crowsnest.log
[06/22/26 17:45:17] crowsnest:		log_level: verbose
[06/22/26 17:45:17] crowsnest:		delete_log: false
[06/22/26 17:45:17] crowsnest:		no_proxy: false
[06/22/26 17:45:17] crowsnest:		
[06/22/26 17:45:17] crowsnest:		[cam 1]
[06/22/26 17:45:17] crowsnest:		mode: ustreamer
[06/22/26 17:45:17] crowsnest:		
[06/22/26 17:45:17] crowsnest:		port: 8080
[06/22/26 17:45:17] crowsnest:		device: /dev/video0
[06/22/26 17:45:17] crowsnest:		resolution: 640x480
[06/22/26 17:45:17] crowsnest:		max_fps: 15
[06/22/26 17:45:17] crowsnest: INFO: Detect available Devices
[06/22/26 17:45:17] crowsnest: ERROR: No usable Devices Found. Stopping crowsnest.
[06/22/26 17:46:39] crowsnest: crowsnest - A webcam Service for multiple Cams and Stream Services.
[06/22/26 17:46:39] crowsnest: Version: v4.1.17-1-g9cc3d4a
[06/22/26 17:46:39] crowsnest: Prepare Startup ...
[06/22/26 17:46:40] crowsnest: INFO: Host information:
[06/22/26 17:46:40] crowsnest: Host Info: Distribution: Debian GNU/Linux 12 (bookworm)
[06/22/26 17:46:40] crowsnest: Host Info: Release: MainsailOS release 2.2.2 (bookworm)
[06/22/26 17:46:40] crowsnest: Host Info: Kernel: Linux 6.12.93+rpt-rpi-v8 aarch64
[06/22/26 17:46:40] crowsnest: Host Info: Model:  Raspberry Pi 4 Model B Rev 1.1
[06/22/26 17:46:40] crowsnest: Host Info: Available CPU Cores: 4
[06/22/26 17:46:40] crowsnest: Host Info: Available Memory: 748988 kB
[06/22/26 17:46:40] crowsnest: Host Info: Diskspace (avail. / total): 5.1G / 15G
[06/22/26 17:46:40] crowsnest: INFO: Checking Dependencies
[06/22/26 17:46:40] crowsnest: Dependency: 'crudini' found in /usr/bin/crudini.
[06/22/26 17:46:40] crowsnest: Dependency: 'find' found in /usr/bin/find.
[06/22/26 17:46:40] crowsnest: Dependency: 'xargs' found in /usr/bin/xargs.
[06/22/26 17:46:40] crowsnest: Dependency: 'ustreamer' found in bin/ustreamer/src/ustreamer.bin.
[06/22/26 17:46:40] crowsnest: Dependency: 'camera-streamer' found in bin/camera-streamer/camera-streamer.
[06/22/26 17:46:40] crowsnest: Version Control: ustreamer is up to date. (v6.36)
[06/22/26 17:46:40] crowsnest: Version Control: camera-streamer is up to date. ((2f71a28))
[06/22/26 17:46:40] crowsnest: INFO: Print Configfile: '/home/jay/printer_data/config/crowsnest.conf'
[06/22/26 17:46:40] crowsnest:		[crowsnest]
[06/22/26 17:46:40] crowsnest:		log_path: /home/jay/printer_data/logs/crowsnest.log
[06/22/26 17:46:40] crowsnest:		log_level: verbose
[06/22/26 17:46:40] crowsnest:		delete_log: false
[06/22/26 17:46:40] crowsnest:		no_proxy: false
[06/22/26 17:46:40] crowsnest:		
[06/22/26 17:46:40] crowsnest:		[cam 1]
[06/22/26 17:46:40] crowsnest:		mode: ustreamer
[06/22/26 17:46:40] crowsnest:		
[06/22/26 17:46:40] crowsnest:		port: 8080
[06/22/26 17:46:40] crowsnest:		device: /dev/video0
[06/22/26 17:46:40] crowsnest:		resolution: 640x480
[06/22/26 17:46:40] crowsnest:		max_fps: 15
[06/22/26 17:46:40] crowsnest: INFO: Detect available Devices
[06/22/26 17:46:40] crowsnest: ERROR: No usable Devices Found. Stopping crowsnest.
[06/22/26 17:46:45] crowsnest: crowsnest - A webcam Service for multiple Cams and Stream Services.
[06/22/26 17:46:45] crowsnest: Version: v4.1.17-1-g9cc3d4a
[06/22/26 17:46:45] crowsnest: Prepare Startup ...
[06/22/26 17:46:45] crowsnest: INFO: Host information:
[06/22/26 17:46:46] crowsnest: Host Info: Distribution: Debian GNU/Linux 12 (bookworm)
[06/22/26 17:46:46] crowsnest: Host Info: Release: MainsailOS release 2.2.2 (bookworm)
[06/22/26 17:46:46] crowsnest: Host Info: Kernel: Linux 6.12.93+rpt-rpi-v8 aarch64
[06/22/26 17:46:46] crowsnest: Host Info: Model:  Raspberry Pi 4 Model B Rev 1.1
[06/22/26 17:46:46] crowsnest: Host Info: Available CPU Cores: 4
[06/22/26 17:46:46] crowsnest: Host Info: Available Memory: 748988 kB
[06/22/26 17:46:46] crowsnest: Host Info: Diskspace (avail. / total): 5.1G / 15G
[06/22/26 17:46:46] crowsnest: INFO: Checking Dependencies
[06/22/26 17:46:46] crowsnest: Dependency: 'crudini' found in /usr/bin/crudini.
[06/22/26 17:46:46] crowsnest: Dependency: 'find' found in /usr/bin/find.
[06/22/26 17:46:46] crowsnest: Dependency: 'xargs' found in /usr/bin/xargs.
[06/22/26 17:46:46] crowsnest: Dependency: 'ustreamer' found in bin/ustreamer/src/ustreamer.bin.
[06/22/26 17:46:46] crowsnest: Dependency: 'camera-streamer' found in bin/camera-streamer/camera-streamer.
[06/22/26 17:46:46] crowsnest: Version Control: ustreamer is up to date. (v6.36)
[06/22/26 17:46:46] crowsnest: Version Control: camera-streamer is up to date. ((2f71a28))
[06/22/26 17:46:46] crowsnest: INFO: Print Configfile: '/home/jay/printer_data/config/crowsnest.conf'
[06/22/26 17:46:46] crowsnest:		[crowsnest]
[06/22/26 17:46:46] crowsnest:		log_path: /home/jay/printer_data/logs/crowsnest.log
[06/22/26 17:46:46] crowsnest:		log_level: verbose
[06/22/26 17:46:46] crowsnest:		delete_log: false
[06/22/26 17:46:46] crowsnest:		no_proxy: false
[06/22/26 17:46:46] crowsnest:		
[06/22/26 17:46:46] crowsnest:		[cam 1]
[06/22/26 17:46:46] crowsnest:		mode: ustreamer
[06/22/26 17:46:46] crowsnest:		
[06/22/26 17:46:46] crowsnest:		port: 8080
[06/22/26 17:46:46] crowsnest:		device: /dev/video0
[06/22/26 17:46:46] crowsnest:		resolution: 640x480
[06/22/26 17:46:46] crowsnest:		max_fps: 15
[06/22/26 17:46:46] crowsnest: INFO: Detect available Devices
[06/22/26 17:46:46] crowsnest: ERROR: No usable Devices Found. Stopping crowsnest.
[08/02/26 18:53:11] crowsnest: crowsnest - A webcam Service for multiple Cams and Stream Services.
[08/02/26 18:53:11] crowsnest: Version: v4.1.17-1-g9cc3d4a
[08/02/26 18:53:11] crowsnest: Prepare Startup ...
[08/02/26 18:53:11] crowsnest: INFO: Host information:
[08/02/26 18:53:11] crowsnest: Host Info: Distribution: Debian GNU/Linux 12 (bookworm)
[08/02/26 18:53:11] crowsnest: Host Info: Release: MainsailOS release 2.2.2 (bookworm)
[08/02/26 18:53:11] crowsnest: Host Info: Kernel: Linux 6.12.93+rpt-rpi-v8 aarch64
[08/02/26 18:53:11] crowsnest: Host Info: Model:  Raspberry Pi 4 Model B Rev 1.1
[08/02/26 18:53:11] crowsnest: Host Info: Available CPU Cores: 4
[08/02/26 18:53:11] crowsnest: Host Info: Available Memory: 748988 kB
[08/02/26 18:53:11] crowsnest: Host Info: Diskspace (avail. / total): 5.1G / 15G
[08/02/26 18:53:11] crowsnest: INFO: Checking Dependencies
[08/02/26 18:53:12] crowsnest: Dependency: 'crudini' found in /usr/bin/crudini.
[08/02/26 18:53:12] crowsnest: Dependency: 'find' found in /usr/bin/find.
[08/02/26 18:53:12] crowsnest: Dependency: 'xargs' found in /usr/bin/xargs.
[08/02/26 18:53:12] crowsnest: Dependency: 'ustreamer' found in bin/ustreamer/src/ustreamer.bin.
[08/02/26 18:53:12] crowsnest: Dependency: 'camera-streamer' found in bin/camera-streamer/camera-streamer.
[08/02/26 18:53:12] crowsnest: Version Control: ustreamer is up to date. (v6.36)
[08/02/26 18:53:14] crowsnest: Version Control: camera-streamer is up to date. ((2f71a28))
[08/02/26 18:53:14] crowsnest: INFO: Print Configfile: '/home/jay/printer_data/config/crowsnest.conf'
[08/02/26 18:53:14] crowsnest:		[crowsnest]
[08/02/26 18:53:14] crowsnest:		log_path: /home/jay/printer_data/logs/crowsnest.log
[08/02/26 18:53:14] crowsnest:		log_level: verbose
[08/02/26 18:53:14] crowsnest:		delete_log: false
[08/02/26 18:53:14] crowsnest:		no_proxy: false
[08/02/26 18:53:14] crowsnest:		
[08/02/26 18:53:14] crowsnest:		[cam 1]
[08/02/26 18:53:14] crowsnest:		mode: ustreamer
[08/02/26 18:53:14] crowsnest:		
[08/02/26 18:53:14] crowsnest:		port: 8080
[08/02/26 18:53:14] crowsnest:		device: /dev/video0
[08/02/26 18:53:14] crowsnest:		resolution: 640x480
[08/02/26 18:53:14] crowsnest:		max_fps: 15
[08/02/26 18:53:14] crowsnest: INFO: Detect available Devices
[08/02/26 18:53:14] crowsnest: ERROR: No usable Devices Found. Stopping crowsnest.
[08/02/26 18:53:20] crowsnest: crowsnest - A webcam Service for multiple Cams and Stream Services.
[08/02/26 18:53:20] crowsnest: Version: v4.1.17-1-g9cc3d4a
[08/02/26 18:53:20] crowsnest: Prepare Startup ...
[08/02/26 18:53:20] crowsnest: INFO: Host information:
[08/02/26 18:53:20] crowsnest: Host Info: Distribution: Debian GNU/Linux 12 (bookworm)
[08/02/26 18:53:20] crowsnest: Host Info: Release: MainsailOS release 2.2.2 (bookworm)
[08/02/26 18:53:20] crowsnest: Host Info: Kernel: Linux 6.12.93+rpt-rpi-v8 aarch64
[08/02/26 18:53:20] crowsnest: Host Info: Model:  Raspberry Pi 4 Model B Rev 1.1
[08/02/26 18:53:20] crowsnest: Host Info: Available CPU Cores: 4
[08/02/26 18:53:20] crowsnest: Host Info: Available Memory: 748988 kB
[08/02/26 18:53:20] crowsnest: Host Info: Diskspace (avail. / total): 5.1G / 15G
[08/02/26 18:53:20] crowsnest: INFO: Checking Dependencies
[08/02/26 18:53:20] crowsnest: Dependency: 'crudini' found in /usr/bin/crudini.
[08/02/26 18:53:20] crowsnest: Dependency: 'find' found in /usr/bin/find.
[08/02/26 18:53:20] crowsnest: Dependency: 'xargs' found in /usr/bin/xargs.
[08/02/26 18:53:20] crowsnest: Dependency: 'ustreamer' found in bin/ustreamer/src/ustreamer.bin.
[08/02/26 18:53:20] crowsnest: Dependency: 'camera-streamer' found in bin/camera-streamer/camera-streamer.
[08/02/26 18:53:20] crowsnest: Version Control: ustreamer is up to date. (v6.36)
[08/02/26 18:53:20] crowsnest: Version Control: camera-streamer is up to date. ((2f71a28))
[08/02/26 18:53:20] crowsnest: INFO: Print Configfile: '/home/jay/printer_data/config/crowsnest.conf'
[08/02/26 18:53:20] crowsnest:		[crowsnest]
[08/02/26 18:53:20] crowsnest:		log_path: /home/jay/printer_data/logs/crowsnest.log
[08/02/26 18:53:20] crowsnest:		log_level: verbose
[08/02/26 18:53:20] crowsnest:		delete_log: false
[08/02/26 18:53:20] crowsnest:		no_proxy: false
[08/02/26 18:53:20] crowsnest:		
[08/02/26 18:53:20] crowsnest:		[cam 1]
[08/02/26 18:53:20] crowsnest:		mode: ustreamer
[08/02/26 18:53:20] crowsnest:		
[08/02/26 18:53:20] crowsnest:		port: 8080
[08/02/26 18:53:20] crowsnest:		device: /dev/video0
[08/02/26 18:53:20] crowsnest:		resolution: 640x480
[08/02/26 18:53:20] crowsnest:		max_fps: 15
[08/02/26 18:53:20] crowsnest: INFO: Detect available Devices
[08/02/26 18:53:20] crowsnest: ERROR: No usable Devices Found. Stopping crowsnest.
[08/02/26 18:53:26] crowsnest: crowsnest - A webcam Service for multiple Cams and Stream Services.
[08/02/26 18:53:26] crowsnest: Version: v4.1.17-1-g9cc3d4a
[08/02/26 18:53:26] crowsnest: Prepare Startup ...
[08/02/26 18:53:26] crowsnest: INFO: Host information:
[08/02/26 18:53:26] crowsnest: Host Info: Distribution: Debian GNU/Linux 12 (bookworm)
[08/02/26 18:53:26] crowsnest: Host Info: Release: MainsailOS release 2.2.2 (bookworm)
[08/02/26 18:53:26] crowsnest: Host Info: Kernel: Linux 6.12.93+rpt-rpi-v8 aarch64
[08/02/26 18:53:26] crowsnest: Host Info: Model:  Raspberry Pi 4 Model B Rev 1.1
[08/02/26 18:53:26] crowsnest: Host Info: Available CPU Cores: 4
[08/02/26 18:53:26] crowsnest: Host Info: Available Memory: 748988 kB
[08/02/26 18:53:26] crowsnest: Host Info: Diskspace (avail. / total): 5.1G / 15G
[08/02/26 18:53:26] crowsnest: INFO: Checking Dependencies
[08/02/26 18:53:26] crowsnest: Dependency: 'crudini' found in /usr/bin/crudini.
[08/02/26 18:53:26] crowsnest: Dependency: 'find' found in /usr/bin/find.
[08/02/26 18:53:26] crowsnest: Dependency: 'xargs' found in /usr/bin/xargs.
[08/02/26 18:53:26] crowsnest: Dependency: 'ustreamer' found in bin/ustreamer/src/ustreamer.bin.
[08/02/26 18:53:26] crowsnest: Dependency: 'camera-streamer' found in bin/camera-streamer/camera-streamer.
[08/02/26 18:53:26] crowsnest: Version Control: ustreamer is up to date. (v6.36)
[08/02/26 18:53:26] crowsnest: Version Control: camera-streamer is up to date. ((2f71a28))
[08/02/26 18:53:26] crowsnest: INFO: Print Configfile: '/home/jay/printer_data/config/crowsnest.conf'
[08/02/26 18:53:26] crowsnest:		[crowsnest]
[08/02/26 18:53:26] crowsnest:		log_path: /home/jay/printer_data/logs/crowsnest.log
[08/02/26 18:53:26] crowsnest:		log_level: verbose
[08/02/26 18:53:26] crowsnest:		delete_log: false
[08/02/26 18:53:26] crowsnest:		no_proxy: false
[08/02/26 18:53:26] crowsnest:		
[08/02/26 18:53:26] crowsnest:		[cam 1]
[08/02/26 18:53:26] crowsnest:		mode: ustreamer
[08/02/26 18:53:26] crowsnest:		
[08/02/26 18:53:26] crowsnest:		port: 8080
[08/02/26 18:53:26] crowsnest:		device: /dev/video0
[08/02/26 18:53:26] crowsnest:		resolution: 640x480
[08/02/26 18:53:26] crowsnest:		max_fps: 15
[08/02/26 18:53:26] crowsnest: INFO: Detect available Devices
[08/02/26 18:53:26] crowsnest: ERROR: No usable Devices Found. Stopping crowsnest.
[08/02/26 18:53:32] crowsnest: crowsnest - A webcam Service for multiple Cams and Stream Services.
[08/02/26 18:53:32] crowsnest: Version: v4.1.17-1-g9cc3d4a
[08/02/26 18:53:32] crowsnest: Prepare Startup ...
[08/02/26 18:53:32] crowsnest: INFO: Host information:
[08/02/26 18:53:32] crowsnest: Host Info: Distribution: Debian GNU/Linux 12 (bookworm)
[08/02/26 18:53:32] crowsnest: Host Info: Release: MainsailOS release 2.2.2 (bookworm)
[08/02/26 18:53:32] crowsnest: Host Info: Kernel: Linux 6.12.93+rpt-rpi-v8 aarch64
[08/02/26 18:53:32] crowsnest: Host Info: Model:  Raspberry Pi 4 Model B Rev 1.1
[08/02/26 18:53:32] crowsnest: Host Info: Available CPU Cores: 4
[08/02/26 18:53:32] crowsnest: Host Info: Available Memory: 748988 kB
[08/02/26 18:53:32] crowsnest: Host Info: Diskspace (avail. / total): 5.1G / 15G
[08/02/26 18:53:32] crowsnest: INFO: Checking Dependencies
[08/02/26 18:53:32] crowsnest: Dependency: 'crudini' found in /usr/bin/crudini.
[08/02/26 18:53:32] crowsnest: Dependency: 'find' found in /usr/bin/find.
[08/02/26 18:53:32] crowsnest: Dependency: 'xargs' found in /usr/bin/xargs.
[08/02/26 18:53:32] crowsnest: Dependency: 'ustreamer' found in bin/ustreamer/src/ustreamer.bin.
[08/02/26 18:53:32] crowsnest: Dependency: 'camera-streamer' found in bin/camera-streamer/camera-streamer.
[08/02/26 18:53:32] crowsnest: Version Control: ustreamer is up to date. (v6.36)
[08/02/26 18:53:32] crowsnest: Version Control: camera-streamer is up to date. ((2f71a28))
[08/02/26 18:53:32] crowsnest: INFO: Print Configfile: '/home/jay/printer_data/config/crowsnest.conf'
[08/02/26 18:53:32] crowsnest:		[crowsnest]
[08/02/26 18:53:32] crowsnest:		log_path: /home/jay/printer_data/logs/crowsnest.log
[08/02/26 18:53:32] crowsnest:		log_level: verbose
[08/02/26 18:53:32] crowsnest:		delete_log: false
[08/02/26 18:53:32] crowsnest:		no_proxy: false
[08/02/26 18:53:32] crowsnest:		
[08/02/26 18:53:32] crowsnest:		[cam 1]
[08/02/26 18:53:32] crowsnest:		mode: ustreamer
[08/02/26 18:53:32] crowsnest:		
[08/02/26 18:53:32] crowsnest:		port: 8080
[08/02/26 18:53:32] crowsnest:		device: /dev/video0
[08/02/26 18:53:32] crowsnest:		resolution: 640x480
[08/02/26 18:53:32] crowsnest:		max_fps: 15
[08/02/26 18:53:32] crowsnest: INFO: Detect available Devices
[08/02/26 18:53:32] crowsnest: ERROR: No usable Devices Found. Stopping crowsnest.
[08/02/26 18:53:38] crowsnest: crowsnest - A webcam Service for multiple Cams and Stream Services.
[08/02/26 18:53:38] crowsnest: Version: v4.1.17-1-g9cc3d4a
[08/02/26 18:53:38] crowsnest: Prepare Startup ...
[08/02/26 18:53:38] crowsnest: INFO: Host information:
[08/02/26 18:53:38] crowsnest: Host Info: Distribution: Debian GNU/Linux 12 (bookworm)
[08/02/26 18:53:38] crowsnest: Host Info: Release: MainsailOS release 2.2.2 (bookworm)
[08/02/26 18:53:38] crowsnest: Host Info: Kernel: Linux 6.12.93+rpt-rpi-v8 aarch64
[08/02/26 18:53:38] crowsnest: Host Info: Model:  Raspberry Pi 4 Model B Rev 1.1
[08/02/26 18:53:38] crowsnest: Host Info: Available CPU Cores: 4
[08/02/26 18:53:38] crowsnest: Host Info: Available Memory: 748988 kB
[08/02/26 18:53:38] crowsnest: Host Info: Diskspace (avail. / total): 5.1G / 15G
[08/02/26 18:53:38] crowsnest: INFO: Checking Dependencies
[08/02/26 18:53:38] crowsnest: Dependency: 'crudini' found in /usr/bin/crudini.
[08/02/26 18:53:38] crowsnest: Dependency: 'find' found in /usr/bin/find.
[08/02/26 18:53:38] crowsnest: Dependency: 'xargs' found in /usr/bin/xargs.
[08/02/26 18:53:38] crowsnest: Dependency: 'ustreamer' found in bin/ustreamer/src/ustreamer.bin.
[08/02/26 18:53:38] crowsnest: Dependency: 'camera-streamer' found in bin/camera-streamer/camera-streamer.
[08/02/26 18:53:38] crowsnest: Version Control: ustreamer is up to date. (v6.36)
[08/02/26 18:53:38] crowsnest: Version Control: camera-streamer is up to date. ((2f71a28))
[08/02/26 18:53:38] crowsnest: INFO: Print Configfile: '/home/jay/printer_data/config/crowsnest.conf'
[08/02/26 18:53:38] crowsnest:		[crowsnest]
[08/02/26 18:53:38] crowsnest:		log_path: /home/jay/printer_data/logs/crowsnest.log
[08/02/26 18:53:38] crowsnest:		log_level: verbose
[08/02/26 18:53:38] crowsnest:		delete_log: false
[08/02/26 18:53:38] crowsnest:		no_proxy: false
[08/02/26 18:53:38] crowsnest:		
[08/02/26 18:53:38] crowsnest:		[cam 1]
[08/02/26 18:53:38] crowsnest:		mode: ustreamer
[08/02/26 18:53:38] crowsnest:		
[08/02/26 18:53:38] crowsnest:		port: 8080
[08/02/26 18:53:38] crowsnest:		device: /dev/video0
[08/02/26 18:53:38] crowsnest:		resolution: 640x480
[08/02/26 18:53:38] crowsnest:		max_fps: 15
[08/02/26 18:53:38] crowsnest: INFO: Detect available Devices
[08/02/26 18:53:38] crowsnest: ERROR: No usable Devices Found. Stopping crowsnest.
[08/02/26 18:53:44] crowsnest: crowsnest - A webcam Service for multiple Cams and Stream Services.
[08/02/26 18:53:44] crowsnest: Version: v4.1.17-1-g9cc3d4a
[08/02/26 18:53:44] crowsnest: Prepare Startup ...
[08/02/26 18:53:44] crowsnest: INFO: Host information:
[08/02/26 18:53:44] crowsnest: Host Info: Distribution: Debian GNU/Linux 12 (bookworm)
[08/02/26 18:53:44] crowsnest: Host Info: Release: MainsailOS release 2.2.2 (bookworm)
[08/02/26 18:53:44] crowsnest: Host Info: Kernel: Linux 6.12.93+rpt-rpi-v8 aarch64
[08/02/26 18:53:44] crowsnest: Host Info: Model:  Raspberry Pi 4 Model B Rev 1.1
[08/02/26 18:53:44] crowsnest: Host Info: Available CPU Cores: 4
[08/02/26 18:53:44] crowsnest: Host Info: Available Memory: 748988 kB
[08/02/26 18:53:44] crowsnest: Host Info: Diskspace (avail. / total): 5.1G / 15G
[08/02/26 18:53:44] crowsnest: INFO: Checking Dependencies
[08/02/26 18:53:44] crowsnest: Dependency: 'crudini' found in /usr/bin/crudini.
[08/02/26 18:53:44] crowsnest: Dependency: 'find' found in /usr/bin/find.
[08/02/26 18:53:44] crowsnest: Dependency: 'xargs' found in /usr/bin/xargs.
[08/02/26 18:53:44] crowsnest: Dependency: 'ustreamer' found in bin/ustreamer/src/ustreamer.bin.
[08/02/26 18:53:44] crowsnest: Dependency: 'camera-streamer' found in bin/camera-streamer/camera-streamer.
[08/02/26 18:53:44] crowsnest: Version Control: ustreamer is up to date. (v6.36)
[08/02/26 18:53:44] crowsnest: Version Control: camera-streamer is up to date. ((2f71a28))
[08/02/26 18:53:44] crowsnest: INFO: Print Configfile: '/home/jay/printer_data/config/crowsnest.conf'
[08/02/26 18:53:44] crowsnest:		[crowsnest]
[08/02/26 18:53:44] crowsnest:		log_path: /home/jay/printer_data/logs/crowsnest.log
[08/02/26 18:53:44] crowsnest:		log_level: verbose
[08/02/26 18:53:44] crowsnest:		delete_log: false
[08/02/26 18:53:44] crowsnest:		no_proxy: false
[08/02/26 18:53:44] crowsnest:		
[08/02/26 18:53:44] crowsnest:		[cam 1]
[08/02/26 18:53:44] crowsnest:		mode: ustreamer
[08/02/26 18:53:44] crowsnest:		
[08/02/26 18:53:44] crowsnest:		port: 8080
[08/02/26 18:53:44] crowsnest:		device: /dev/video0
[08/02/26 18:53:44] crowsnest:		resolution: 640x480
[08/02/26 18:53:44] crowsnest:		max_fps: 15
[08/02/26 18:53:44] crowsnest: INFO: Detect available Devices
[08/02/26 18:53:44] crowsnest: ERROR: No usable Devices Found. Stopping crowsnest.
[08/02/26 18:53:50] crowsnest: crowsnest - A webcam Service for multiple Cams and Stream Services.
[08/02/26 18:53:50] crowsnest: Version: v4.1.17-1-g9cc3d4a
[08/02/26 18:53:50] crowsnest: Prepare Startup ...
[08/02/26 18:53:50] crowsnest: INFO: Host information:
[08/02/26 18:53:50] crowsnest: Host Info: Distribution: Debian GNU/Linux 12 (bookworm)
[08/02/26 18:53:50] crowsnest: Host Info: Release: MainsailOS release 2.2.2 (bookworm)
[08/02/26 18:53:50] crowsnest: Host Info: Kernel: Linux 6.12.93+rpt-rpi-v8 aarch64
[08/02/26 18:53:50] crowsnest: Host Info: Model:  Raspberry Pi 4 Model B Rev 1.1
[08/02/26 18:53:50] crowsnest: Host Info: Available CPU Cores: 4
[08/02/26 18:53:50] crowsnest: Host Info: Available Memory: 748988 kB
[08/02/26 18:53:50] crowsnest: Host Info: Diskspace (avail. / total): 5.1G / 15G
[08/02/26 18:53:50] crowsnest: INFO: Checking Dependencies
[08/02/26 18:53:50] crowsnest: Dependency: 'crudini' found in /usr/bin/crudini.
[08/02/26 18:53:50] crowsnest: Dependency: 'find' found in /usr/bin/find.
[08/02/26 18:53:50] crowsnest: Dependency: 'xargs' found in /usr/bin/xargs.
[08/02/26 18:53:50] crowsnest: Dependency: 'ustreamer' found in bin/ustreamer/src/ustreamer.bin.
[08/02/26 18:53:50] crowsnest: Dependency: 'camera-streamer' found in bin/camera-streamer/camera-streamer.
[08/02/26 18:53:50] crowsnest: Version Control: ustreamer is up to date. (v6.36)
[08/02/26 18:53:50] crowsnest: Version Control: camera-streamer is up to date. ((2f71a28))
[08/02/26 18:53:50] crowsnest: INFO: Print Configfile: '/home/jay/printer_data/config/crowsnest.conf'
[08/02/26 18:53:50] crowsnest:		[crowsnest]
[08/02/26 18:53:50] crowsnest:		log_path: /home/jay/printer_data/logs/crowsnest.log
[08/02/26 18:53:50] crowsnest:		log_level: verbose
[08/02/26 18:53:50] crowsnest:		delete_log: false
[08/02/26 18:53:50] crowsnest:		no_proxy: false
[08/02/26 18:53:50] crowsnest:		
[08/02/26 18:53:50] crowsnest:		[cam 1]
[08/02/26 18:53:50] crowsnest:		mode: ustreamer
[08/02/26 18:53:50] crowsnest:		
[08/02/26 18:53:50] crowsnest:		port: 8080
[08/02/26 18:53:50] crowsnest:		device: /dev/video0
[08/02/26 18:53:50] crowsnest:		resolution: 640x480
[08/02/26 18:53:50] crowsnest:		max_fps: 15
[08/02/26 18:53:50] crowsnest: INFO: Detect available Devices
[08/02/26 18:53:50] crowsnest: ERROR: No usable Devices Found. Stopping crowsnest.
[08/02/26 18:53:56] crowsnest: crowsnest - A webcam Service for multiple Cams and Stream Services.
[08/02/26 18:53:56] crowsnest: Version: v4.1.17-1-g9cc3d4a
[08/02/26 18:53:56] crowsnest: Prepare Startup ...
[08/02/26 18:53:56] crowsnest: INFO: Host information:
[08/02/26 18:53:56] crowsnest: Host Info: Distribution: Debian GNU/Linux 12 (bookworm)
[08/02/26 18:53:56] crowsnest: Host Info: Release: MainsailOS release 2.2.2 (bookworm)
[08/02/26 18:53:56] crowsnest: Host Info: Kernel: Linux 6.12.93+rpt-rpi-v8 aarch64
[08/02/26 18:53:56] crowsnest: Host Info: Model:  Raspberry Pi 4 Model B Rev 1.1
[08/02/26 18:53:56] crowsnest: Host Info: Available CPU Cores: 4
[08/02/26 18:53:56] crowsnest: Host Info: Available Memory: 748988 kB
[08/02/26 18:53:56] crowsnest: Host Info: Diskspace (avail. / total): 5.1G / 15G
[08/02/26 18:53:56] crowsnest: INFO: Checking Dependencies
[08/02/26 18:53:56] crowsnest: Dependency: 'crudini' found in /usr/bin/crudini.
[08/02/26 18:53:56] crowsnest: Dependency: 'find' found in /usr/bin/find.
[08/02/26 18:53:56] crowsnest: Dependency: 'xargs' found in /usr/bin/xargs.
[08/02/26 18:53:56] crowsnest: Dependency: 'ustreamer' found in bin/ustreamer/src/ustreamer.bin.
[08/02/26 18:53:56] crowsnest: Dependency: 'camera-streamer' found in bin/camera-streamer/camera-streamer.
[08/02/26 18:53:56] crowsnest: Version Control: ustreamer is up to date. (v6.36)
[08/02/26 18:53:56] crowsnest: Version Control: camera-streamer is up to date. ((2f71a28))
[08/02/26 18:53:56] crowsnest: INFO: Print Configfile: '/home/jay/printer_data/config/crowsnest.conf'
[08/02/26 18:53:56] crowsnest:		[crowsnest]
[08/02/26 18:53:56] crowsnest:		log_path: /home/jay/printer_data/logs/crowsnest.log
[08/02/26 18:53:56] crowsnest:		log_level: verbose
[08/02/26 18:53:56] crowsnest:		delete_log: false
[08/02/26 18:53:56] crowsnest:		no_proxy: false
[08/02/26 18:53:56] crowsnest:		
[08/02/26 18:53:56] crowsnest:		[cam 1]
[08/02/26 18:53:56] crowsnest:		mode: ustreamer
[08/02/26 18:53:56] crowsnest:		
[08/02/26 18:53:56] crowsnest:		port: 8080
[08/02/26 18:53:56] crowsnest:		device: /dev/video0
[08/02/26 18:53:56] crowsnest:		resolution: 640x480
[08/02/26 18:53:56] crowsnest:		max_fps: 15
[08/02/26 18:53:56] crowsnest: INFO: Detect available Devices
[08/02/26 18:53:56] crowsnest: ERROR: No usable Devices Found. Stopping crowsnest.
[08/02/26 18:54:02] crowsnest: crowsnest - A webcam Service for multiple Cams and Stream Services.
[08/02/26 18:54:02] crowsnest: Version: v4.1.17-1-g9cc3d4a
[08/02/26 18:54:02] crowsnest: Prepare Startup ...
[08/02/26 18:54:02] crowsnest: INFO: Host information:
[08/02/26 18:54:02] crowsnest: Host Info: Distribution: Debian GNU/Linux 12 (bookworm)
[08/02/26 18:54:02] crowsnest: Host Info: Release: MainsailOS release 2.2.2 (bookworm)
[08/02/26 18:54:02] crowsnest: Host Info: Kernel: Linux 6.12.93+rpt-rpi-v8 aarch64
[08/02/26 18:54:02] crowsnest: Host Info: Model:  Raspberry Pi 4 Model B Rev 1.1
[08/02/26 18:54:02] crowsnest: Host Info: Available CPU Cores: 4
[08/02/26 18:54:02] crowsnest: Host Info: Available Memory: 748988 kB
[08/02/26 18:54:02] crowsnest: Host Info: Diskspace (avail. / total): 5.1G / 15G
[08/02/26 18:54:02] crowsnest: INFO: Checking Dependencies
[08/02/26 18:54:02] crowsnest: Dependency: 'crudini' found in /usr/bin/crudini.
[08/02/26 18:54:02] crowsnest: Dependency: 'find' found in /usr/bin/find.
[08/02/26 18:54:02] crowsnest: Dependency: 'xargs' found in /usr/bin/xargs.
[08/02/26 18:54:02] crowsnest: Dependency: 'ustreamer' found in bin/ustreamer/src/ustreamer.bin.
[08/02/26 18:54:02] crowsnest: Dependency: 'camera-streamer' found in bin/camera-streamer/camera-streamer.
[08/02/26 18:54:02] crowsnest: Version Control: ustreamer is up to date. (v6.36)
[08/02/26 18:54:02] crowsnest: Version Control: camera-streamer is up to date. ((2f71a28))
[08/02/26 18:54:02] crowsnest: INFO: Print Configfile: '/home/jay/printer_data/config/crowsnest.conf'
[08/02/26 18:54:02] crowsnest:		[crowsnest]
[08/02/26 18:54:02] crowsnest:		log_path: /home/jay/printer_data/logs/crowsnest.log
[08/02/26 18:54:02] crowsnest:		log_level: verbose
[08/02/26 18:54:02] crowsnest:		delete_log: false
[08/02/26 18:54:02] crowsnest:		no_proxy: false
[08/02/26 18:54:02] crowsnest:		
[08/02/26 18:54:02] crowsnest:		[cam 1]
[08/02/26 18:54:02] crowsnest:		mode: ustreamer
[08/02/26 18:54:02] crowsnest:		
[08/02/26 18:54:02] crowsnest:		port: 8080
[08/02/26 18:54:02] crowsnest:		device: /dev/video0
[08/02/26 18:54:02] crowsnest:		resolution: 640x480
[08/02/26 18:54:02] crowsnest:		max_fps: 15
[08/02/26 18:54:02] crowsnest: INFO: Detect available Devices
[08/02/26 18:54:02] crowsnest: ERROR: No usable Devices Found. Stopping crowsnest.
[08/02/26 18:54:08] crowsnest: crowsnest - A webcam Service for multiple Cams and Stream Services.
[08/02/26 18:54:08] crowsnest: Version: v4.1.17-1-g9cc3d4a
[08/02/26 18:54:08] crowsnest: Prepare Startup ...
[08/02/26 18:54:08] crowsnest: INFO: Host information:
[08/02/26 18:54:08] crowsnest: Host Info: Distribution: Debian GNU/Linux 12 (bookworm)
[08/02/26 18:54:08] crowsnest: Host Info: Release: MainsailOS release 2.2.2 (bookworm)
[08/02/26 18:54:08] crowsnest: Host Info: Kernel: Linux 6.12.93+rpt-rpi-v8 aarch64
[08/02/26 18:54:08] crowsnest: Host Info: Model:  Raspberry Pi 4 Model B Rev 1.1
[08/02/26 18:54:08] crowsnest: Host Info: Available CPU Cores: 4
[08/02/26 18:54:08] crowsnest: Host Info: Available Memory: 748988 kB
[08/02/26 18:54:08] crowsnest: Host Info: Diskspace (avail. / total): 5.1G / 15G
[08/02/26 18:54:08] crowsnest: INFO: Checking Dependencies
[08/02/26 18:54:08] crowsnest: Dependency: 'crudini' found in /usr/bin/crudini.
[08/02/26 18:54:08] crowsnest: Dependency: 'find' found in /usr/bin/find.
[08/02/26 18:54:08] crowsnest: Dependency: 'xargs' found in /usr/bin/xargs.
[08/02/26 18:54:08] crowsnest: Dependency: 'ustreamer' found in bin/ustreamer/src/ustreamer.bin.
[08/02/26 18:54:08] crowsnest: Dependency: 'camera-streamer' found in bin/camera-streamer/camera-streamer.
[08/02/26 18:54:08] crowsnest: Version Control: ustreamer is up to date. (v6.36)
[08/02/26 18:54:08] crowsnest: Version Control: camera-streamer is up to date. ((2f71a28))
[08/02/26 18:54:08] crowsnest: INFO: Print Configfile: '/home/jay/printer_data/config/crowsnest.conf'
[08/02/26 18:54:08] crowsnest:		[crowsnest]
[08/02/26 18:54:08] crowsnest:		log_path: /home/jay/printer_data/logs/crowsnest.log
[08/02/26 18:54:08] crowsnest:		log_level: verbose
[08/02/26 18:54:08] crowsnest:		delete_log: false
[08/02/26 18:54:08] crowsnest:		no_proxy: false
[08/02/26 18:54:08] crowsnest:		
[08/02/26 18:54:08] crowsnest:		[cam 1]
[08/02/26 18:54:08] crowsnest:		mode: ustreamer
[08/02/26 18:54:08] crowsnest:		
[08/02/26 18:54:08] crowsnest:		port: 8080
[08/02/26 18:54:08] crowsnest:		device: /dev/video0
[08/02/26 18:54:08] crowsnest:		resolution: 640x480
[08/02/26 18:54:08] crowsnest:		max_fps: 15
[08/02/26 18:54:08] crowsnest: INFO: Detect available Devices
[08/02/26 18:54:08] crowsnest: ERROR: No usable Devices Found. Stopping crowsnest.
[08/09/26 06:34:57] crowsnest: crowsnest - A webcam Service for multiple Cams and Stream Services.
[08/09/26 06:34:57] crowsnest: Version: v4.1.17-1-g9cc3d4a
[08/09/26 06:34:57] crowsnest: Prepare Startup ...
[08/09/26 06:34:57] crowsnest: INFO: Host information:
[08/09/26 06:34:57] crowsnest: Host Info: Distribution: Debian GNU/Linux 12 (bookworm)
[08/09/26 06:34:57] crowsnest: Host Info: Release: MainsailOS release 2.2.2 (bookworm)
[08/09/26 06:34:57] crowsnest: Host Info: Kernel: Linux 6.12.93+rpt-rpi-v8 aarch64
[08/09/26 06:34:57] crowsnest: Host Info: Model:  Raspberry Pi 4 Model B Rev 1.1
[08/09/26 06:34:57] crowsnest: Host Info: Available CPU Cores: 4
[08/09/26 06:34:57] crowsnest: Host Info: Available Memory: 748988 kB
[08/09/26 06:34:57] crowsnest: Host Info: Diskspace (avail. / total): 5.1G / 15G
[08/09/26 06:34:57] crowsnest: INFO: Checking Dependencies
[08/09/26 06:34:58] crowsnest: Dependency: 'crudini' found in /usr/bin/crudini.
[08/09/26 06:34:58] crowsnest: Dependency: 'find' found in /usr/bin/find.
[08/09/26 06:34:58] crowsnest: Dependency: 'xargs' found in /usr/bin/xargs.
[08/09/26 06:34:58] crowsnest: Dependency: 'ustreamer' found in bin/ustreamer/src/ustreamer.bin.
[08/09/26 06:34:58] crowsnest: Dependency: 'camera-streamer' found in bin/camera-streamer/camera-streamer.
[08/09/26 06:34:58] crowsnest: Version Control: ustreamer is up to date. (v6.36)
[08/09/26 06:35:00] crowsnest: Version Control: camera-streamer is up to date. ((2f71a28))
[08/09/26 06:35:00] crowsnest: INFO: Print Configfile: '/home/jay/printer_data/config/crowsnest.conf'
[08/09/26 06:35:00] crowsnest:		[crowsnest]
[08/09/26 06:35:00] crowsnest:		log_path: /home/jay/printer_data/logs/crowsnest.log
[08/09/26 06:35:00] crowsnest:		log_level: verbose
[08/09/26 06:35:00] crowsnest:		delete_log: false
[08/09/26 06:35:00] crowsnest:		no_proxy: false
[08/09/26 06:35:00] crowsnest:		
[08/09/26 06:35:00] crowsnest:		[cam 1]
[08/09/26 06:35:00] crowsnest:		mode: ustreamer
[08/09/26 06:35:00] crowsnest:		
[08/09/26 06:35:00] crowsnest:		port: 8080
[08/09/26 06:35:00] crowsnest:		device: /dev/video0
[08/09/26 06:35:00] crowsnest:		resolution: 640x480
[08/09/26 06:35:00] crowsnest:		max_fps: 15
[08/09/26 06:35:00] crowsnest: INFO: Detect available Devices
[08/09/26 06:35:00] crowsnest: ERROR: No usable Devices Found. Stopping crowsnest.
[08/09/26 06:35:06] crowsnest: crowsnest - A webcam Service for multiple Cams and Stream Services.
[08/09/26 06:35:06] crowsnest: Version: v4.1.17-1-g9cc3d4a
[08/09/26 06:35:06] crowsnest: Prepare Startup ...
[08/09/26 06:35:06] crowsnest: INFO: Host information:
[08/09/26 06:35:06] crowsnest: Host Info: Distribution: Debian GNU/Linux 12 (bookworm)
[08/09/26 06:35:06] crowsnest: Host Info: Release: MainsailOS release 2.2.2 (bookworm)
[08/09/26 06:35:06] crowsnest: Host Info: Kernel: Linux 6.12.93+rpt-rpi-v8 aarch64
[08/09/26 06:35:06] crowsnest: Host Info: Model:  Raspberry Pi 4 Model B Rev 1.1
[08/09/26 06:35:06] crowsnest: Host Info: Available CPU Cores: 4
[08/09/26 06:35:06] crowsnest: Host Info: Available Memory: 748988 kB
[08/09/26 06:35:06] crowsnest: Host Info: Diskspace (avail. / total): 5.1G / 15G
[08/09/26 06:35:06] crowsnest: INFO: Checking Dependencies
[08/09/26 06:35:06] crowsnest: Dependency: 'crudini' found in /usr/bin/crudini.
[08/09/26 06:35:06] crowsnest: Dependency: 'find' found in /usr/bin/find.
[08/09/26 06:35:06] crowsnest: Dependency: 'xargs' found in /usr/bin/xargs.
[08/09/26 06:35:06] crowsnest: Dependency: 'ustreamer' found in bin/ustreamer/src/ustreamer.bin.
[08/09/26 06:35:06] crowsnest: Dependency: 'camera-streamer' found in bin/camera-streamer/camera-streamer.
[08/09/26 06:35:06] crowsnest: Version Control: ustreamer is up to date. (v6.36)
[08/09/26 06:35:06] crowsnest: Version Control: camera-streamer is up to date. ((2f71a28))
[08/09/26 06:35:06] crowsnest: INFO: Print Configfile: '/home/jay/printer_data/config/crowsnest.conf'
[08/09/26 06:35:06] crowsnest:		[crowsnest]
[08/09/26 06:35:06] crowsnest:		log_path: /home/jay/printer_data/logs/crowsnest.log
[08/09/26 06:35:06] crowsnest:		log_level: verbose
[08/09/26 06:35:06] crowsnest:		delete_log: false
[08/09/26 06:35:06] crowsnest:		no_proxy: false
[08/09/26 06:35:06] crowsnest:		
[08/09/26 06:35:06] crowsnest:		[cam 1]
[08/09/26 06:35:06] crowsnest:		mode: ustreamer
[08/09/26 06:35:06] crowsnest:		
[08/09/26 06:35:06] crowsnest:		port: 8080
[08/09/26 06:35:06] crowsnest:		device: /dev/video0
[08/09/26 06:35:06] crowsnest:		resolution: 640x480
[08/09/26 06:35:06] crowsnest:		max_fps: 15
[08/09/26 06:35:06] crowsnest: INFO: Detect available Devices
[08/09/26 06:35:06] crowsnest: ERROR: No usable Devices Found. Stopping crowsnest.
[08/09/26 06:35:12] crowsnest: crowsnest - A webcam Service for multiple Cams and Stream Services.
[08/09/26 06:35:12] crowsnest: Version: v4.1.17-1-g9cc3d4a
[08/09/26 06:35:12] crowsnest: Prepare Startup ...
[08/09/26 06:35:12] crowsnest: INFO: Host information:
[08/09/26 06:35:12] crowsnest: Host Info: Distribution: Debian GNU/Linux 12 (bookworm)
[08/09/26 06:35:12] crowsnest: Host Info: Release: MainsailOS release 2.2.2 (bookworm)
[08/09/26 06:35:12] crowsnest: Host Info: Kernel: Linux 6.12.93+rpt-rpi-v8 aarch64
[08/09/26 06:35:12] crowsnest: Host Info: Model:  Raspberry Pi 4 Model B Rev 1.1
[08/09/26 06:35:12] crowsnest: Host Info: Available CPU Cores: 4
[08/09/26 06:35:12] crowsnest: Host Info: Available Memory: 748988 kB
[08/09/26 06:35:12] crowsnest: Host Info: Diskspace (avail. / total): 5.1G / 15G
[08/09/26 06:35:12] crowsnest: INFO: Checking Dependencies
[08/09/26 06:35:12] crowsnest: Dependency: 'crudini' found in /usr/bin/crudini.
[08/09/26 06:35:12] crowsnest: Dependency: 'find' found in /usr/bin/find.
[08/09/26 06:35:12] crowsnest: Dependency: 'xargs' found in /usr/bin/xargs.
[08/09/26 06:35:12] crowsnest: Dependency: 'ustreamer' found in bin/ustreamer/src/ustreamer.bin.
[08/09/26 06:35:12] crowsnest: Dependency: 'camera-streamer' found in bin/camera-streamer/camera-streamer.
[08/09/26 06:35:12] crowsnest: Version Control: ustreamer is up to date. (v6.36)
[08/09/26 06:35:12] crowsnest: Version Control: camera-streamer is up to date. ((2f71a28))
[08/09/26 06:35:12] crowsnest: INFO: Print Configfile: '/home/jay/printer_data/config/crowsnest.conf'
[08/09/26 06:35:12] crowsnest:		[crowsnest]
[08/09/26 06:35:12] crowsnest:		log_path: /home/jay/printer_data/logs/crowsnest.log
[08/09/26 06:35:12] crowsnest:		log_level: verbose
[08/09/26 06:35:12] crowsnest:		delete_log: false
[08/09/26 06:35:12] crowsnest:		no_proxy: false
[08/09/26 06:35:12] crowsnest:		
[08/09/26 06:35:12] crowsnest:		[cam 1]
[08/09/26 06:35:12] crowsnest:		mode: ustreamer
[08/09/26 06:35:12] crowsnest:		
[08/09/26 06:35:12] crowsnest:		port: 8080
[08/09/26 06:35:12] crowsnest:		device: /dev/video0
[08/09/26 06:35:12] crowsnest:		resolution: 640x480
[08/09/26 06:35:12] crowsnest:		max_fps: 15
[08/09/26 06:35:12] crowsnest: INFO: Detect available Devices
[08/09/26 06:35:12] crowsnest: ERROR: No usable Devices Found. Stopping crowsnest.
[08/09/26 06:35:18] crowsnest: crowsnest - A webcam Service for multiple Cams and Stream Services.
[08/09/26 06:35:18] crowsnest: Version: v4.1.17-1-g9cc3d4a
[08/09/26 06:35:18] crowsnest: Prepare Startup ...
[08/09/26 06:35:18] crowsnest: INFO: Host information:
[08/09/26 06:35:18] crowsnest: Host Info: Distribution: Debian GNU/Linux 12 (bookworm)
[08/09/26 06:35:18] crowsnest: Host Info: Release: MainsailOS release 2.2.2 (bookworm)
[08/09/26 06:35:18] crowsnest: Host Info: Kernel: Linux 6.12.93+rpt-rpi-v8 aarch64
[08/09/26 06:35:18] crowsnest: Host Info: Model:  Raspberry Pi 4 Model B Rev 1.1
[08/09/26 06:35:18] crowsnest: Host Info: Available CPU Cores: 4
[08/09/26 06:35:18] crowsnest: Host Info: Available Memory: 748988 kB
[08/09/26 06:35:18] crowsnest: Host Info: Diskspace (avail. / total): 5.1G / 15G
[08/09/26 06:35:18] crowsnest: INFO: Checking Dependencies
[08/09/26 06:35:18] crowsnest: Dependency: 'crudini' found in /usr/bin/crudini.
[08/09/26 06:35:18] crowsnest: Dependency: 'find' found in /usr/bin/find.
[08/09/26 06:35:18] crowsnest: Dependency: 'xargs' found in /usr/bin/xargs.
[08/09/26 06:35:18] crowsnest: Dependency: 'ustreamer' found in bin/ustreamer/src/ustreamer.bin.
[08/09/26 06:35:18] crowsnest: Dependency: 'camera-streamer' found in bin/camera-streamer/camera-streamer.
[08/09/26 06:35:18] crowsnest: Version Control: ustreamer is up to date. (v6.36)
[08/09/26 06:35:18] crowsnest: Version Control: camera-streamer is up to date. ((2f71a28))
[08/09/26 06:35:18] crowsnest: INFO: Print Configfile: '/home/jay/printer_data/config/crowsnest.conf'
[08/09/26 06:35:18] crowsnest:		[crowsnest]
[08/09/26 06:35:18] crowsnest:		log_path: /home/jay/printer_data/logs/crowsnest.log
[08/09/26 06:35:18] crowsnest:		log_level: verbose
[08/09/26 06:35:18] crowsnest:		delete_log: false
[08/09/26 06:35:18] crowsnest:		no_proxy: false
[08/09/26 06:35:18] crowsnest:		
[08/09/26 06:35:18] crowsnest:		[cam 1]
[08/09/26 06:35:18] crowsnest:		mode: ustreamer
[08/09/26 06:35:18] crowsnest:		
[08/09/26 06:35:18] crowsnest:		port: 8080
[08/09/26 06:35:18] crowsnest:		device: /dev/video0
[08/09/26 06:35:18] crowsnest:		resolution: 640x480
[08/09/26 06:35:18] crowsnest:		max_fps: 15
[08/09/26 06:35:18] crowsnest: INFO: Detect available Devices
[08/09/26 06:35:18] crowsnest: ERROR: No usable Devices Found. Stopping crowsnest.
[08/09/26 06:35:24] crowsnest: crowsnest - A webcam Service for multiple Cams and Stream Services.
[08/09/26 06:35:24] crowsnest: Version: v4.1.17-1-g9cc3d4a
[08/09/26 06:35:24] crowsnest: Prepare Startup ...
[08/09/26 06:35:24] crowsnest: INFO: Host information:
[08/09/26 06:35:24] crowsnest: Host Info: Distribution: Debian GNU/Linux 12 (bookworm)
[08/09/26 06:35:24] crowsnest: Host Info: Release: MainsailOS release 2.2.2 (bookworm)
[08/09/26 06:35:24] crowsnest: Host Info: Kernel: Linux 6.12.93+rpt-rpi-v8 aarch64
[08/09/26 06:35:24] crowsnest: Host Info: Model:  Raspberry Pi 4 Model B Rev 1.1
[08/09/26 06:35:24] crowsnest: Host Info: Available CPU Cores: 4
[08/09/26 06:35:24] crowsnest: Host Info: Available Memory: 748988 kB
[08/09/26 06:35:24] crowsnest: Host Info: Diskspace (avail. / total): 5.1G / 15G
[08/09/26 06:35:24] crowsnest: INFO: Checking Dependencies
[08/09/26 06:35:24] crowsnest: Dependency: 'crudini' found in /usr/bin/crudini.
[08/09/26 06:35:24] crowsnest: Dependency: 'find' found in /usr/bin/find.
[08/09/26 06:35:24] crowsnest: Dependency: 'xargs' found in /usr/bin/xargs.
[08/09/26 06:35:24] crowsnest: Dependency: 'ustreamer' found in bin/ustreamer/src/ustreamer.bin.
[08/09/26 06:35:24] crowsnest: Dependency: 'camera-streamer' found in bin/camera-streamer/camera-streamer.
[08/09/26 06:35:24] crowsnest: Version Control: ustreamer is up to date. (v6.36)
[08/09/26 06:35:24] crowsnest: Version Control: camera-streamer is up to date. ((2f71a28))
[08/09/26 06:35:24] crowsnest: INFO: Print Configfile: '/home/jay/printer_data/config/crowsnest.conf'
[08/09/26 06:35:24] crowsnest:		[crowsnest]
[08/09/26 06:35:24] crowsnest:		log_path: /home/jay/printer_data/logs/crowsnest.log
[08/09/26 06:35:24] crowsnest:		log_level: verbose
[08/09/26 06:35:24] crowsnest:		delete_log: false
[08/09/26 06:35:24] crowsnest:		no_proxy: false
[08/09/26 06:35:24] crowsnest:		
[08/09/26 06:35:24] crowsnest:		[cam 1]
[08/09/26 06:35:24] crowsnest:		mode: ustreamer
[08/09/26 06:35:24] crowsnest:		
[08/09/26 06:35:24] crowsnest:		port: 8080
[08/09/26 06:35:24] crowsnest:		device: /dev/video0
[08/09/26 06:35:24] crowsnest:		resolution: 640x480
[08/09/26 06:35:24] crowsnest:		max_fps: 15
[08/09/26 06:35:24] crowsnest: INFO: Detect available Devices
[08/09/26 06:35:24] crowsnest: ERROR: No usable Devices Found. Stopping crowsnest.
[08/09/26 06:35:30] crowsnest: crowsnest - A webcam Service for multiple Cams and Stream Services.
[08/09/26 06:35:30] crowsnest: Version: v4.1.17-1-g9cc3d4a
[08/09/26 06:35:30] crowsnest: Prepare Startup ...
[08/09/26 06:35:30] crowsnest: INFO: Host information:
[08/09/26 06:35:30] crowsnest: Host Info: Distribution: Debian GNU/Linux 12 (bookworm)
[08/09/26 06:35:30] crowsnest: Host Info: Release: MainsailOS release 2.2.2 (bookworm)
[08/09/26 06:35:30] crowsnest: Host Info: Kernel: Linux 6.12.93+rpt-rpi-v8 aarch64
[08/09/26 06:35:30] crowsnest: Host Info: Model:  Raspberry Pi 4 Model B Rev 1.1
[08/09/26 06:35:30] crowsnest: Host Info: Available CPU Cores: 4
[08/09/26 06:35:30] crowsnest: Host Info: Available Memory: 748988 kB
[08/09/26 06:35:30] crowsnest: Host Info: Diskspace (avail. / total): 5.1G / 15G
[08/09/26 06:35:30] crowsnest: INFO: Checking Dependencies
[08/09/26 06:35:30] crowsnest: Dependency: 'crudini' found in /usr/bin/crudini.
[08/09/26 06:35:30] crowsnest: Dependency: 'find' found in /usr/bin/find.
[08/09/26 06:35:30] crowsnest: Dependency: 'xargs' found in /usr/bin/xargs.
[08/09/26 06:35:30] crowsnest: Dependency: 'ustreamer' found in bin/ustreamer/src/ustreamer.bin.
[08/09/26 06:35:30] crowsnest: Dependency: 'camera-streamer' found in bin/camera-streamer/camera-streamer.
[08/09/26 06:35:30] crowsnest: Version Control: ustreamer is up to date. (v6.36)
[08/09/26 06:35:30] crowsnest: Version Control: camera-streamer is up to date. ((2f71a28))
[08/09/26 06:35:30] crowsnest: INFO: Print Configfile: '/home/jay/printer_data/config/crowsnest.conf'
[08/09/26 06:35:30] crowsnest:		[crowsnest]
[08/09/26 06:35:30] crowsnest:		log_path: /home/jay/printer_data/logs/crowsnest.log
[08/09/26 06:35:30] crowsnest:		log_level: verbose
[08/09/26 06:35:30] crowsnest:		delete_log: false
[08/09/26 06:35:30] crowsnest:		no_proxy: false
[08/09/26 06:35:30] crowsnest:		
[08/09/26 06:35:30] crowsnest:		[cam 1]
[08/09/26 06:35:30] crowsnest:		mode: ustreamer
[08/09/26 06:35:30] crowsnest:		
[08/09/26 06:35:30] crowsnest:		port: 8080
[08/09/26 06:35:30] crowsnest:		device: /dev/video0
[08/09/26 06:35:30] crowsnest:		resolution: 640x480
[08/09/26 06:35:30] crowsnest:		max_fps: 15
[08/09/26 06:35:30] crowsnest: INFO: Detect available Devices
[08/09/26 06:35:30] crowsnest: ERROR: No usable Devices Found. Stopping crowsnest.
[08/09/26 06:35:36] crowsnest: crowsnest - A webcam Service for multiple Cams and Stream Services.
[08/09/26 06:35:36] crowsnest: Version: v4.1.17-1-g9cc3d4a
[08/09/26 06:35:36] crowsnest: Prepare Startup ...
[08/09/26 06:35:36] crowsnest: INFO: Host information:
[08/09/26 06:35:36] crowsnest: Host Info: Distribution: Debian GNU/Linux 12 (bookworm)
[08/09/26 06:35:36] crowsnest: Host Info: Release: MainsailOS release 2.2.2 (bookworm)
[08/09/26 06:35:36] crowsnest: Host Info: Kernel: Linux 6.12.93+rpt-rpi-v8 aarch64
[08/09/26 06:35:36] crowsnest: Host Info: Model:  Raspberry Pi 4 Model B Rev 1.1
[08/09/26 06:35:36] crowsnest: Host Info: Available CPU Cores: 4
[08/09/26 06:35:36] crowsnest: Host Info: Available Memory: 748988 kB
[08/09/26 06:35:36] crowsnest: Host Info: Diskspace (avail. / total): 5.1G / 15G
[08/09/26 06:35:36] crowsnest: INFO: Checking Dependencies
[08/09/26 06:35:36] crowsnest: Dependency: 'crudini' found in /usr/bin/crudini.
[08/09/26 06:35:36] crowsnest: Dependency: 'find' found in /usr/bin/find.
[08/09/26 06:35:36] crowsnest: Dependency: 'xargs' found in /usr/bin/xargs.
[08/09/26 06:35:36] crowsnest: Dependency: 'ustreamer' found in bin/ustreamer/src/ustreamer.bin.
[08/09/26 06:35:36] crowsnest: Dependency: 'camera-streamer' found in bin/camera-streamer/camera-streamer.
[08/09/26 06:35:36] crowsnest: Version Control: ustreamer is up to date. (v6.36)
[08/09/26 06:35:36] crowsnest: Version Control: camera-streamer is up to date. ((2f71a28))
[08/09/26 06:35:36] crowsnest: INFO: Print Configfile: '/home/jay/printer_data/config/crowsnest.conf'
[08/09/26 06:35:36] crowsnest:		[crowsnest]
[08/09/26 06:35:36] crowsnest:		log_path: /home/jay/printer_data/logs/crowsnest.log
[08/09/26 06:35:36] crowsnest:		log_level: verbose
[08/09/26 06:35:36] crowsnest:		delete_log: false
[08/09/26 06:35:36] crowsnest:		no_proxy: false
[08/09/26 06:35:36] crowsnest:		
[08/09/26 06:35:36] crowsnest:		[cam 1]
[08/09/26 06:35:36] crowsnest:		mode: ustreamer
[08/09/26 06:35:36] crowsnest:		
[08/09/26 06:35:36] crowsnest:		port: 8080
[08/09/26 06:35:36] crowsnest:		device: /dev/video0
[08/09/26 06:35:36] crowsnest:		resolution: 640x480
[08/09/26 06:35:36] crowsnest:		max_fps: 15
[08/09/26 06:35:36] crowsnest: INFO: Detect available Devices
[08/09/26 06:35:36] crowsnest: ERROR: No usable Devices Found. Stopping crowsnest.
[08/09/26 06:35:42] crowsnest: crowsnest - A webcam Service for multiple Cams and Stream Services.
[08/09/26 06:35:42] crowsnest: Version: v4.1.17-1-g9cc3d4a
[08/09/26 06:35:42] crowsnest: Prepare Startup ...
[08/09/26 06:35:42] crowsnest: INFO: Host information:
[08/09/26 06:35:42] crowsnest: Host Info: Distribution: Debian GNU/Linux 12 (bookworm)
[08/09/26 06:35:42] crowsnest: Host Info: Release: MainsailOS release 2.2.2 (bookworm)
[08/09/26 06:35:42] crowsnest: Host Info: Kernel: Linux 6.12.93+rpt-rpi-v8 aarch64
[08/09/26 06:35:42] crowsnest: Host Info: Model:  Raspberry Pi 4 Model B Rev 1.1
[08/09/26 06:35:42] crowsnest: Host Info: Available CPU Cores: 4
[08/09/26 06:35:42] crowsnest: Host Info: Available Memory: 748988 kB
[08/09/26 06:35:42] crowsnest: Host Info: Diskspace (avail. / total): 5.1G / 15G
[08/09/26 06:35:42] crowsnest: INFO: Checking Dependencies
[08/09/26 06:35:42] crowsnest: Dependency: 'crudini' found in /usr/bin/crudini.
[08/09/26 06:35:42] crowsnest: Dependency: 'find' found in /usr/bin/find.
[08/09/26 06:35:42] crowsnest: Dependency: 'xargs' found in /usr/bin/xargs.
[08/09/26 06:35:42] crowsnest: Dependency: 'ustreamer' found in bin/ustreamer/src/ustreamer.bin.
[08/09/26 06:35:42] crowsnest: Dependency: 'camera-streamer' found in bin/camera-streamer/camera-streamer.
[08/09/26 06:35:42] crowsnest: Version Control: ustreamer is up to date. (v6.36)
[08/09/26 06:35:42] crowsnest: Version Control: camera-streamer is up to date. ((2f71a28))
[08/09/26 06:35:42] crowsnest: INFO: Print Configfile: '/home/jay/printer_data/config/crowsnest.conf'
[08/09/26 06:35:42] crowsnest:		[crowsnest]
[08/09/26 06:35:42] crowsnest:		log_path: /home/jay/printer_data/logs/crowsnest.log
[08/09/26 06:35:42] crowsnest:		log_level: verbose
[08/09/26 06:35:42] crowsnest:		delete_log: false
[08/09/26 06:35:42] crowsnest:		no_proxy: false
[08/09/26 06:35:42] crowsnest:		
[08/09/26 06:35:42] crowsnest:		[cam 1]
[08/09/26 06:35:42] crowsnest:		mode: ustreamer
[08/09/26 06:35:42] crowsnest:		
[08/09/26 06:35:42] crowsnest:		port: 8080
[08/09/26 06:35:42] crowsnest:		device: /dev/video0
[08/09/26 06:35:42] crowsnest:		resolution: 640x480
[08/09/26 06:35:42] crowsnest:		max_fps: 15
[08/09/26 06:35:42] crowsnest: INFO: Detect available Devices
[08/09/26 06:35:42] crowsnest: ERROR: No usable Devices Found. Stopping crowsnest.
[08/09/26 06:35:48] crowsnest: crowsnest - A webcam Service for multiple Cams and Stream Services.
[08/09/26 06:35:48] crowsnest: Version: v4.1.17-1-g9cc3d4a
[08/09/26 06:35:48] crowsnest: Prepare Startup ...
[08/09/26 06:35:48] crowsnest: INFO: Host information:
[08/09/26 06:35:48] crowsnest: Host Info: Distribution: Debian GNU/Linux 12 (bookworm)
[08/09/26 06:35:48] crowsnest: Host Info: Release: MainsailOS release 2.2.2 (bookworm)
[08/09/26 06:35:48] crowsnest: Host Info: Kernel: Linux 6.12.93+rpt-rpi-v8 aarch64
[08/09/26 06:35:48] crowsnest: Host Info: Model:  Raspberry Pi 4 Model B Rev 1.1
[08/09/26 06:35:48] crowsnest: Host Info: Available CPU Cores: 4
[08/09/26 06:35:48] crowsnest: Host Info: Available Memory: 748988 kB
[08/09/26 06:35:48] crowsnest: Host Info: Diskspace (avail. / total): 5.1G / 15G
[08/09/26 06:35:48] crowsnest: INFO: Checking Dependencies
[08/09/26 06:35:48] crowsnest: Dependency: 'crudini' found in /usr/bin/crudini.
[08/09/26 06:35:48] crowsnest: Dependency: 'find' found in /usr/bin/find.
[08/09/26 06:35:48] crowsnest: Dependency: 'xargs' found in /usr/bin/xargs.
[08/09/26 06:35:48] crowsnest: Dependency: 'ustreamer' found in bin/ustreamer/src/ustreamer.bin.
[08/09/26 06:35:48] crowsnest: Dependency: 'camera-streamer' found in bin/camera-streamer/camera-streamer.
[08/09/26 06:35:48] crowsnest: Version Control: ustreamer is up to date. (v6.36)
[08/09/26 06:35:48] crowsnest: Version Control: camera-streamer is up to date. ((2f71a28))
[08/09/26 06:35:48] crowsnest: INFO: Print Configfile: '/home/jay/printer_data/config/crowsnest.conf'
[08/09/26 06:35:48] crowsnest:		[crowsnest]
[08/09/26 06:35:48] crowsnest:		log_path: /home/jay/printer_data/logs/crowsnest.log
[08/09/26 06:35:48] crowsnest:		log_level: verbose
[08/09/26 06:35:48] crowsnest:		delete_log: false
[08/09/26 06:35:48] crowsnest:		no_proxy: false
[08/09/26 06:35:48] crowsnest:		
[08/09/26 06:35:48] crowsnest:		[cam 1]
[08/09/26 06:35:48] crowsnest:		mode: ustreamer
[08/09/26 06:35:48] crowsnest:		
[08/09/26 06:35:48] crowsnest:		port: 8080
[08/09/26 06:35:48] crowsnest:		device: /dev/video0
[08/09/26 06:35:48] crowsnest:		resolution: 640x480
[08/09/26 06:35:48] crowsnest:		max_fps: 15
[08/09/26 06:35:48] crowsnest: INFO: Detect available Devices
[08/09/26 06:35:48] crowsnest: ERROR: No usable Devices Found. Stopping crowsnest.
[08/09/26 06:35:54] crowsnest: crowsnest - A webcam Service for multiple Cams and Stream Services.
[08/09/26 06:35:54] crowsnest: Version: v4.1.17-1-g9cc3d4a
[08/09/26 06:35:54] crowsnest: Prepare Startup ...
[08/09/26 06:35:54] crowsnest: INFO: Host information:
[08/09/26 06:35:54] crowsnest: Host Info: Distribution: Debian GNU/Linux 12 (bookworm)
[08/09/26 06:35:54] crowsnest: Host Info: Release: MainsailOS release 2.2.2 (bookworm)
[08/09/26 06:35:54] crowsnest: Host Info: Kernel: Linux 6.12.93+rpt-rpi-v8 aarch64
[08/09/26 06:35:54] crowsnest: Host Info: Model:  Raspberry Pi 4 Model B Rev 1.1
[08/09/26 06:35:54] crowsnest: Host Info: Available CPU Cores: 4
[08/09/26 06:35:54] crowsnest: Host Info: Available Memory: 748988 kB
[08/09/26 06:35:54] crowsnest: Host Info: Diskspace (avail. / total): 5.1G / 15G
[08/09/26 06:35:54] crowsnest: INFO: Checking Dependencies
[08/09/26 06:35:54] crowsnest: Dependency: 'crudini' found in /usr/bin/crudini.
[08/09/26 06:35:54] crowsnest: Dependency: 'find' found in /usr/bin/find.
[08/09/26 06:35:54] crowsnest: Dependency: 'xargs' found in /usr/bin/xargs.
[08/09/26 06:35:54] crowsnest: Dependency: 'ustreamer' found in bin/ustreamer/src/ustreamer.bin.
[08/09/26 06:35:54] crowsnest: Dependency: 'camera-streamer' found in bin/camera-streamer/camera-streamer.
[08/09/26 06:35:54] crowsnest: Version Control: ustreamer is up to date. (v6.36)
[08/09/26 06:35:54] crowsnest: Version Control: camera-streamer is up to date. ((2f71a28))
[08/09/26 06:35:54] crowsnest: INFO: Print Configfile: '/home/jay/printer_data/config/crowsnest.conf'
[08/09/26 06:35:54] crowsnest:		[crowsnest]
[08/09/26 06:35:54] crowsnest:		log_path: /home/jay/printer_data/logs/crowsnest.log
[08/09/26 06:35:54] crowsnest:		log_level: verbose
[08/09/26 06:35:54] crowsnest:		delete_log: false
[08/09/26 06:35:54] crowsnest:		no_proxy: false
[08/09/26 06:35:54] crowsnest:		
[08/09/26 06:35:54] crowsnest:		[cam 1]
[08/09/26 06:35:54] crowsnest:		mode: ustreamer
[08/09/26 06:35:54] crowsnest:		
[08/09/26 06:35:54] crowsnest:		port: 8080
[08/09/26 06:35:54] crowsnest:		device: /dev/video0
[08/09/26 06:35:54] crowsnest:		resolution: 640x480
[08/09/26 06:35:54] crowsnest:		max_fps: 15
[08/09/26 06:35:54] crowsnest: INFO: Detect available Devices
[08/09/26 06:35:54] crowsnest: ERROR: No usable Devices Found. Stopping crowsnest.
[09/16/26 09:05:26] crowsnest: crowsnest - A webcam Service for multiple Cams and Stream Services.
[09/16/26 09:05:26] crowsnest: Version: v4.1.17-1-g9cc3d4a
[09/16/26 09:05:26] crowsnest: Prepare Startup ...
[09/16/26 09:05:26] crowsnest: INFO: Host information:
[09/16/26 09:05:26] crowsnest: Host Info: Distribution: Debian GNU/Linux 12 (bookworm)
[09/16/26 09:05:26] crowsnest: Host Info: Release: MainsailOS release 2.2.2 (bookworm)
[09/16/26 09:05:26] crowsnest: Host Info: Kernel: Linux 6.12.93+rpt-rpi-v8 aarch64
[09/16/26 09:05:26] crowsnest: Host Info: Model:  Raspberry Pi 4 Model B Rev 1.1
[09/16/26 09:05:26] crowsnest: Host Info: Available CPU Cores: 4
[09/16/26 09:05:26] crowsnest: Host Info: Available Memory: 748988 kB
[09/16/26 09:05:26] crowsnest: Host Info: Diskspace (avail. / total): 5.1G / 15G
[09/16/26 09:05:26] crowsnest: INFO: Checking Dependencies
[09/16/26 09:05:27] crowsnest: Dependency: 'crudini' found in /usr/bin/crudini.
[09/16/26 09:05:27] crowsnest: Dependency: 'find' found in /usr/bin/find.
[09/16/26 09:05:27] crowsnest: Dependency: 'xargs' found in /usr/bin/xargs.
[09/16/26 09:05:27] crowsnest: Dependency: 'ustreamer' found in bin/ustreamer/src/ustreamer.bin.
[09/16/26 09:05:27] crowsnest: Dependency: 'camera-streamer' found in bin/camera-streamer/camera-streamer.
[09/16/26 09:05:27] crowsnest: Version Control: ustreamer is up to date. (v6.36)
[09/16/26 09:05:29] crowsnest: Version Control: camera-streamer is up to date. ((2f71a28))
[09/16/26 09:05:29] crowsnest: INFO: Print Configfile: '/home/jay/printer_data/config/crowsnest.conf'
[09/16/26 09:05:29] crowsnest:		[crowsnest]
[09/16/26 09:05:29] crowsnest:		log_path: /home/jay/printer_data/logs/crowsnest.log
[09/16/26 09:05:29] crowsnest:		log_level: verbose
[09/16/26 09:05:29] crowsnest:		delete_log: false
[09/16/26 09:05:29] crowsnest:		no_proxy: false
[09/16/26 09:05:29] crowsnest:		
[09/16/26 09:05:29] crowsnest:		[cam 1]
[09/16/26 09:05:29] crowsnest:		mode: ustreamer
[09/16/26 09:05:29] crowsnest:		
[09/16/26 09:05:29] crowsnest:		port: 8080
[09/16/26 09:05:29] crowsnest:		device: /dev/video0
[09/16/26 09:05:29] crowsnest:		resolution: 640x480
[09/16/26 09:05:29] crowsnest:		max_fps: 15
[09/16/26 09:05:29] crowsnest: INFO: Detect available Devices
[09/16/26 09:05:29] crowsnest: ERROR: No usable Devices Found. Stopping crowsnest.
[09/16/26 09:05:35] crowsnest: crowsnest - A webcam Service for multiple Cams and Stream Services.
[09/16/26 09:05:35] crowsnest: Version: v4.1.17-1-g9cc3d4a
[09/16/26 09:05:35] crowsnest: Prepare Startup ...
[09/16/26 09:05:35] crowsnest: INFO: Host information:
[09/16/26 09:05:35] crowsnest: Host Info: Distribution: Debian GNU/Linux 12 (bookworm)
[09/16/26 09:05:35] crowsnest: Host Info: Release: MainsailOS release 2.2.2 (bookworm)
[09/16/26 09:05:35] crowsnest: Host Info: Kernel: Linux 6.12.93+rpt-rpi-v8 aarch64
[09/16/26 09:05:35] crowsnest: Host Info: Model:  Raspberry Pi 4 Model B Rev 1.1
[09/16/26 09:05:35] crowsnest: Host Info: Available CPU Cores: 4
[09/16/26 09:05:35] crowsnest: Host Info: Available Memory: 748988 kB
[09/16/26 09:05:35] crowsnest: Host Info: Diskspace (avail. / total): 5.1G / 15G
[09/16/26 09:05:35] crowsnest: INFO: Checking Dependencies
[09/16/26 09:05:35] crowsnest: Dependency: 'crudini' found in /usr/bin/crudini.
[09/16/26 09:05:35] crowsnest: Dependency: 'find' found in /usr/bin/find.
[09/16/26 09:05:35] crowsnest: Dependency: 'xargs' found in /usr/bin/xargs.
[09/16/26 09:05:35] crowsnest: Dependency: 'ustreamer' found in bin/ustreamer/src/ustreamer.bin.
[09/16/26 09:05:35] crowsnest: Dependency: 'camera-streamer' found in bin/camera-streamer/camera-streamer.
[09/16/26 09:05:35] crowsnest: Version Control: ustreamer is up to date. (v6.36)
[09/16/26 09:05:35] crowsnest: Version Control: camera-streamer is up to date. ((2f71a28))
[09/16/26 09:05:35] crowsnest: INFO: Print Configfile: '/home/jay/printer_data/config/crowsnest.conf'
[09/16/26 09:05:35] crowsnest:		[crowsnest]
[09/16/26 09:05:35] crowsnest:		log_path: /home/jay/printer_data/logs/crowsnest.log
[09/16/26 09:05:35] crowsnest:		log_level: verbose
[09/16/26 09:05:35] crowsnest:		delete_log: false
[09/16/26 09:05:35] crowsnest:		no_proxy: false
[09/16/26 09:05:35] crowsnest:		
[09/16/26 09:05:35] crowsnest:		[cam 1]
[09/16/26 09:05:35] crowsnest:		mode: ustreamer
[09/16/26 09:05:35] crowsnest:		
[09/16/26 09:05:35] crowsnest:		port: 8080
[09/16/26 09:05:35] crowsnest:		device: /dev/video0
[09/16/26 09:05:35] crowsnest:		resolution: 640x480
[09/16/26 09:05:35] crowsnest:		max_fps: 15
[09/16/26 09:05:35] crowsnest: INFO: Detect available Devices
[09/16/26 09:05:35] crowsnest: ERROR: No usable Devices Found. Stopping crowsnest.
[09/16/26 09:05:41] crowsnest: crowsnest - A webcam Service for multiple Cams and Stream Services.
[09/16/26 09:05:41] crowsnest: Version: v4.1.17-1-g9cc3d4a
[09/16/26 09:05:41] crowsnest: Prepare Startup ...
[09/16/26 09:05:41] crowsnest: INFO: Host information:
[09/16/26 09:05:41] crowsnest: Host Info: Distribution: Debian GNU/Linux 12 (bookworm)
[09/16/26 09:05:41] crowsnest: Host Info: Release: MainsailOS release 2.2.2 (bookworm)
[09/16/26 09:05:41] crowsnest: Host Info: Kernel: Linux 6.12.93+rpt-rpi-v8 aarch64
[09/16/26 09:05:41] crowsnest: Host Info: Model:  Raspberry Pi 4 Model B Rev 1.1
[09/16/26 09:05:41] crowsnest: Host Info: Available CPU Cores: 4
[09/16/26 09:05:41] crowsnest: Host Info: Available Memory: 748988 kB
[09/16/26 09:05:41] crowsnest: Host Info: Diskspace (avail. / total): 5.1G / 15G
[09/16/26 09:05:41] crowsnest: INFO: Checking Dependencies
[09/16/26 09:05:41] crowsnest: Dependency: 'crudini' found in /usr/bin/crudini.
[09/16/26 09:05:41] crowsnest: Dependency: 'find' found in /usr/bin/find.
[09/16/26 09:05:41] crowsnest: Dependency: 'xargs' found in /usr/bin/xargs.
[09/16/26 09:05:41] crowsnest: Dependency: 'ustreamer' found in bin/ustreamer/src/ustreamer.bin.
[09/16/26 09:05:41] crowsnest: Dependency: 'camera-streamer' found in bin/camera-streamer/camera-streamer.
[09/16/26 09:05:41] crowsnest: Version Control: ustreamer is up to date. (v6.36)
[09/16/26 09:05:41] crowsnest: Version Control: camera-streamer is up to date. ((2f71a28))
[09/16/26 09:05:41] crowsnest: INFO: Print Configfile: '/home/jay/printer_data/config/crowsnest.conf'
[09/16/26 09:05:41] crowsnest:		[crowsnest]
[09/16/26 09:05:41] crowsnest:		log_path: /home/jay/printer_data/logs/crowsnest.log
[09/16/26 09:05:41] crowsnest:		log_level: verbose
[09/16/26 09:05:41] crowsnest:		delete_log: false
[09/16/26 09:05:41] crowsnest:		no_proxy: false
[09/16/26 09:05:41] crowsnest:		
[09/16/26 09:05:41] crowsnest:		[cam 1]
[09/16/26 09:05:41] crowsnest:		mode: ustreamer
[09/16/26 09:05:41] crowsnest:		
[09/16/26 09:05:41] crowsnest:		port: 8080
[09/16/26 09:05:41] crowsnest:		device: /dev/video0
[09/16/26 09:05:41] crowsnest:		resolution: 640x480
[09/16/26 09:05:41] crowsnest:		max_fps: 15
[09/16/26 09:05:41] crowsnest: INFO: Detect available Devices
[09/16/26 09:05:41] crowsnest: ERROR: No usable Devices Found. Stopping crowsnest.
[09/16/26 09:05:47] crowsnest: crowsnest - A webcam Service for multiple Cams and Stream Services.
[09/16/26 09:05:47] crowsnest: Version: v4.1.17-1-g9cc3d4a
[09/16/26 09:05:47] crowsnest: Prepare Startup ...
[09/16/26 09:05:47] crowsnest: INFO: Host information:
[09/16/26 09:05:47] crowsnest: Host Info: Distribution: Debian GNU/Linux 12 (bookworm)
[09/16/26 09:05:47] crowsnest: Host Info: Release: MainsailOS release 2.2.2 (bookworm)
[09/16/26 09:05:47] crowsnest: Host Info: Kernel: Linux 6.12.93+rpt-rpi-v8 aarch64
[09/16/26 09:05:47] crowsnest: Host Info: Model:  Raspberry Pi 4 Model B Rev 1.1
[09/16/26 09:05:47] crowsnest: Host Info: Available CPU Cores: 4
[09/16/26 09:05:47] crowsnest: Host Info: Available Memory: 748988 kB
[09/16/26 09:05:47] crowsnest: Host Info: Diskspace (avail. / total): 5.1G / 15G
[09/16/26 09:05:47] crowsnest: INFO: Checking Dependencies
[09/16/26 09:05:47] crowsnest: Dependency: 'crudini' found in /usr/bin/crudini.
[09/16/26 09:05:47] crowsnest: Dependency: 'find' found in /usr/bin/find.
[09/16/26 09:05:47] crowsnest: Dependency: 'xargs' found in /usr/bin/xargs.
[09/16/26 09:05:47] crowsnest: Dependency: 'ustreamer' found in bin/ustreamer/src/ustreamer.bin.
[09/16/26 09:05:47] crowsnest: Dependency: 'camera-streamer' found in bin/camera-streamer/camera-streamer.
[09/16/26 09:05:47] crowsnest: Version Control: ustreamer is up to date. (v6.36)
[09/16/26 09:05:47] crowsnest: Version Control: camera-streamer is up to date. ((2f71a28))
[09/16/26 09:05:47] crowsnest: INFO: Print Configfile: '/home/jay/printer_data/config/crowsnest.conf'
[09/16/26 09:05:47] crowsnest:		[crowsnest]
[09/16/26 09:05:47] crowsnest:		log_path: /home/jay/printer_data/logs/crowsnest.log
[09/16/26 09:05:47] crowsnest:		log_level: verbose
[09/16/26 09:05:47] crowsnest:		delete_log: false
[09/16/26 09:05:47] crowsnest:		no_proxy: false
[09/16/26 09:05:47] crowsnest:		
[09/16/26 09:05:47] crowsnest:		[cam 1]
[09/16/26 09:05:47] crowsnest:		mode: ustreamer
[09/16/26 09:05:47] crowsnest:		
[09/16/26 09:05:47] crowsnest:		port: 8080
[09/16/26 09:05:47] crowsnest:		device: /dev/video0
[09/16/26 09:05:47] crowsnest:		resolution: 640x480
[09/16/26 09:05:47] crowsnest:		max_fps: 15
[09/16/26 09:05:47] crowsnest: INFO: Detect available Devices
[09/16/26 09:05:47] crowsnest: ERROR: No usable Devices Found. Stopping crowsnest.
[09/16/26 09:05:53] crowsnest: crowsnest - A webcam Service for multiple Cams and Stream Services.
[09/16/26 09:05:53] crowsnest: Version: v4.1.17-1-g9cc3d4a
[09/16/26 09:05:53] crowsnest: Prepare Startup ...
[09/16/26 09:05:53] crowsnest: INFO: Host information:
[09/16/26 09:05:53] crowsnest: Host Info: Distribution: Debian GNU/Linux 12 (bookworm)
[09/16/26 09:05:53] crowsnest: Host Info: Release: MainsailOS release 2.2.2 (bookworm)
[09/16/26 09:05:53] crowsnest: Host Info: Kernel: Linux 6.12.93+rpt-rpi-v8 aarch64
[09/16/26 09:05:53] crowsnest: Host Info: Model:  Raspberry Pi 4 Model B Rev 1.1
[09/16/26 09:05:53] crowsnest: Host Info: Available CPU Cores: 4
[09/16/26 09:05:53] crowsnest: Host Info: Available Memory: 748988 kB
[09/16/26 09:05:53] crowsnest: Host Info: Diskspace (avail. / total): 5.1G / 15G
[09/16/26 09:05:53] crowsnest: INFO: Checking Dependencies
[09/16/26 09:05:53] crowsnest: Dependency: 'crudini' found in /usr/bin/crudini.
[09/16/26 09:05:53] crowsnest: Dependency: 'find' found in /usr/bin/find.
[09/16/26 09:05:53] crowsnest: Dependency: 'xargs' found in /usr/bin/xargs.
[09/16/26 09:05:53] crowsnest: Dependency: 'ustreamer' found in bin/ustreamer/src/ustreamer.bin.
[09/16/26 09:05:53] crowsnest: Dependency: 'camera-streamer' found in bin/camera-streamer/camera-streamer.
[09/16/26 09:05:53] crowsnest: Version Control: ustreamer is up to date. (v6.36)
[09/16/26 09:05:53] crowsnest: Version Control: camera-streamer is up to date. ((2f71a28))
[09/16/26 09:05:53] crowsnest: INFO: Print Configfile: '/home/jay/printer_data/config/crowsnest.conf'
[09/16/26 09:05:53] crowsnest:		[crowsnest]
[09/16/26 09:05:53] crowsnest:		log_path: /home/jay/printer_data/logs/crowsnest.log
[09/16/26 09:05:53] crowsnest:		log_level: verbose
[09/16/26 09:05:53] crowsnest:		delete_log: false
[09/16/26 09:05:53] crowsnest:		no_proxy: false
[09/16/26 09:05:53] crowsnest:		
[09/16/26 09:05:53] crowsnest:		[cam 1]
[09/16/26 09:05:53] crowsnest:		mode: ustreamer
[09/16/26 09:05:53] crowsnest:		
[09/16/26 09:05:53] crowsnest:		port: 8080
[09/16/26 09:05:53] crowsnest:		device: /dev/video0
[09/16/26 09:05:53] crowsnest:		resolution: 640x480
[09/16/26 09:05:53] crowsnest:		max_fps: 15
[09/16/26 09:05:53] crowsnest: INFO: Detect available Devices
[09/16/26 09:05:53] crowsnest: ERROR: No usable Devices Found. Stopping crowsnest.
[09/16/26 09:05:59] crowsnest: crowsnest - A webcam Service for multiple Cams and Stream Services.
[09/16/26 09:05:59] crowsnest: Version: v4.1.17-1-g9cc3d4a
[09/16/26 09:05:59] crowsnest: Prepare Startup ...
[09/16/26 09:05:59] crowsnest: INFO: Host information:
[09/16/26 09:05:59] crowsnest: Host Info: Distribution: Debian GNU/Linux 12 (bookworm)
[09/16/26 09:05:59] crowsnest: Host Info: Release: MainsailOS release 2.2.2 (bookworm)
[09/16/26 09:05:59] crowsnest: Host Info: Kernel: Linux 6.12.93+rpt-rpi-v8 aarch64
[09/16/26 09:05:59] crowsnest: Host Info: Model:  Raspberry Pi 4 Model B Rev 1.1
[09/16/26 09:05:59] crowsnest: Host Info: Available CPU Cores: 4
[09/16/26 09:05:59] crowsnest: Host Info: Available Memory: 748988 kB
[09/16/26 09:05:59] crowsnest: Host Info: Diskspace (avail. / total): 5.1G / 15G
[09/16/26 09:05:59] crowsnest: INFO: Checking Dependencies
[09/16/26 09:05:59] crowsnest: Dependency: 'crudini' found in /usr/bin/crudini.
[09/16/26 09:05:59] crowsnest: Dependency: 'find' found in /usr/bin/find.
[09/16/26 09:05:59] crowsnest: Dependency: 'xargs' found in /usr/bin/xargs.
[09/16/26 09:05:59] crowsnest: Dependency: 'ustreamer' found in bin/ustreamer/src/ustreamer.bin.
[09/16/26 09:05:59] crowsnest: Dependency: 'camera-streamer' found in bin/camera-streamer/camera-streamer.
[09/16/26 09:05:59] crowsnest: Version Control: ustreamer is up to date. (v6.36)
[09/16/26 09:05:59] crowsnest: Version Control: camera-streamer is up to date. ((2f71a28))
[09/16/26 09:05:59] crowsnest: INFO: Print Configfile: '/home/jay/printer_data/config/crowsnest.conf'
[09/16/26 09:05:59] crowsnest:		[crowsnest]
[09/16/26 09:05:59] crowsnest:		log_path: /home/jay/printer_data/logs/crowsnest.log
[09/16/26 09:05:59] crowsnest:		log_level: verbose
[09/16/26 09:05:59] crowsnest:		delete_log: false
[09/16/26 09:05:59] crowsnest:		no_proxy: false
[09/16/26 09:05:59] crowsnest:		
[09/16/26 09:05:59] crowsnest:		[cam 1]
[09/16/26 09:05:59] crowsnest:		mode: ustreamer
[09/16/26 09:05:59] crowsnest:		
[09/16/26 09:05:59] crowsnest:		port: 8080
[09/16/26 09:05:59] crowsnest:		device: /dev/video0
[09/16/26 09:05:59] crowsnest:		resolution: 640x480
[09/16/26 09:05:59] crowsnest:		max_fps: 15
[09/16/26 09:05:59] crowsnest: INFO: Detect available Devices
[09/16/26 09:05:59] crowsnest: ERROR: No usable Devices Found. Stopping crowsnest.
[09/16/26 09:07:42] crowsnest: crowsnest - A webcam Service for multiple Cams and Stream Services.
[09/16/26 09:07:42] crowsnest: Version: v4.1.17-1-g9cc3d4a
[09/16/26 09:07:42] crowsnest: Prepare Startup ...
[09/16/26 09:07:42] crowsnest: INFO: Host information:
[09/16/26 09:07:42] crowsnest: Host Info: Distribution: Debian GNU/Linux 12 (bookworm)
[09/16/26 09:07:42] crowsnest: Host Info: Release: MainsailOS release 2.2.2 (bookworm)
[09/16/26 09:07:42] crowsnest: Host Info: Kernel: Linux 6.12.93+rpt-rpi-v8 aarch64
[09/16/26 09:07:42] crowsnest: Host Info: Model:  Raspberry Pi 4 Model B Rev 1.1
[09/16/26 09:07:42] crowsnest: Host Info: Available CPU Cores: 4
[09/16/26 09:07:42] crowsnest: Host Info: Available Memory: 748988 kB
[09/16/26 09:07:42] crowsnest: Host Info: Diskspace (avail. / total): 5.1G / 15G
[09/16/26 09:07:42] crowsnest: INFO: Checking Dependencies
[09/16/26 09:07:42] crowsnest: Dependency: 'crudini' found in /usr/bin/crudini.
[09/16/26 09:07:42] crowsnest: Dependency: 'find' found in /usr/bin/find.
[09/16/26 09:07:42] crowsnest: Dependency: 'xargs' found in /usr/bin/xargs.
[09/16/26 09:07:42] crowsnest: Dependency: 'ustreamer' found in bin/ustreamer/src/ustreamer.bin.
[09/16/26 09:07:42] crowsnest: Dependency: 'camera-streamer' found in bin/camera-streamer/camera-streamer.
[09/16/26 09:07:42] crowsnest: Version Control: ustreamer is up to date. (v6.36)
[09/16/26 09:07:42] crowsnest: Version Control: camera-streamer is up to date. ((2f71a28))
[09/16/26 09:07:42] crowsnest: INFO: Print Configfile: '/home/jay/printer_data/config/crowsnest.conf'
[09/16/26 09:07:42] crowsnest:		[crowsnest]
[09/16/26 09:07:42] crowsnest:		log_path: /home/jay/printer_data/logs/crowsnest.log
[09/16/26 09:07:42] crowsnest:		log_level: verbose
[09/16/26 09:07:42] crowsnest:		delete_log: false
[09/16/26 09:07:42] crowsnest:		no_proxy: false
[09/16/26 09:07:42] crowsnest:		
[09/16/26 09:07:42] crowsnest:		[cam 1]
[09/16/26 09:07:42] crowsnest:		mode: ustreamer
[09/16/26 09:07:42] crowsnest:		
[09/16/26 09:07:42] crowsnest:		port: 8080
[09/16/26 09:07:42] crowsnest:		device: /dev/video0
[09/16/26 09:07:42] crowsnest:		resolution: 640x480
[09/16/26 09:07:42] crowsnest:		max_fps: 15
[09/16/26 09:07:42] crowsnest: INFO: Detect available Devices
[09/16/26 09:07:42] crowsnest: ERROR: No usable Devices Found. Stopping crowsnest.
[09/16/26 09:07:48] crowsnest: crowsnest - A webcam Service for multiple Cams and Stream Services.
[09/16/26 09:07:48] crowsnest: Version: v4.1.17-1-g9cc3d4a
[09/16/26 09:07:48] crowsnest: Prepare Startup ...
[09/16/26 09:07:48] crowsnest: INFO: Host information:
[09/16/26 09:07:48] crowsnest: Host Info: Distribution: Debian GNU/Linux 12 (bookworm)
[09/16/26 09:07:48] crowsnest: Host Info: Release: MainsailOS release 2.2.2 (bookworm)
[09/16/26 09:07:48] crowsnest: Host Info: Kernel: Linux 6.12.93+rpt-rpi-v8 aarch64
[09/16/26 09:07:48] crowsnest: Host Info: Model:  Raspberry Pi 4 Model B Rev 1.1
[09/16/26 09:07:48] crowsnest: Host Info: Available CPU Cores: 4
[09/16/26 09:07:48] crowsnest: Host Info: Available Memory: 748988 kB
[09/16/26 09:07:48] crowsnest: Host Info: Diskspace (avail. / total): 5.1G / 15G
[09/16/26 09:07:48] crowsnest: INFO: Checking Dependencies
[09/16/26 09:07:48] crowsnest: Dependency: 'crudini' found in /usr/bin/crudini.
[09/16/26 09:07:48] crowsnest: Dependency: 'find' found in /usr/bin/find.
[09/16/26 09:07:48] crowsnest: Dependency: 'xargs' found in /usr/bin/xargs.
[09/16/26 09:07:48] crowsnest: Dependency: 'ustreamer' found in bin/ustreamer/src/ustreamer.bin.
[09/16/26 09:07:48] crowsnest: Dependency: 'camera-streamer' found in bin/camera-streamer/camera-streamer.
[09/16/26 09:07:48] crowsnest: Version Control: ustreamer is up to date. (v6.36)
[09/16/26 09:07:48] crowsnest: Version Control: camera-streamer is up to date. ((2f71a28))
[09/16/26 09:07:48] crowsnest: INFO: Print Configfile: '/home/jay/printer_data/config/crowsnest.conf'
[09/16/26 09:07:48] crowsnest:		[crowsnest]
[09/16/26 09:07:48] crowsnest:		log_path: /home/jay/printer_data/logs/crowsnest.log
[09/16/26 09:07:48] crowsnest:		log_level: verbose
[09/16/26 09:07:48] crowsnest:		delete_log: false
[09/16/26 09:07:48] crowsnest:		no_proxy: false
[09/16/26 09:07:48] crowsnest:		
[09/16/26 09:07:48] crowsnest:		[cam 1]
[09/16/26 09:07:48] crowsnest:		mode: ustreamer
[09/16/26 09:07:48] crowsnest:		
[09/16/26 09:07:48] crowsnest:		port: 8080
[09/16/26 09:07:48] crowsnest:		device: /dev/video0
[09/16/26 09:07:48] crowsnest:		resolution: 640x480
[09/16/26 09:07:48] crowsnest:		max_fps: 15
[09/16/26 09:07:48] crowsnest: INFO: Detect available Devices
[09/16/26 09:07:48] crowsnest: ERROR: No usable Devices Found. Stopping crowsnest.
[09/16/26 09:07:54] crowsnest: crowsnest - A webcam Service for multiple Cams and Stream Services.
[09/16/26 09:07:54] crowsnest: Version: v4.1.17-1-g9cc3d4a
[09/16/26 09:07:54] crowsnest: Prepare Startup ...
[09/16/26 09:07:54] crowsnest: INFO: Host information:
[09/16/26 09:07:54] crowsnest: Host Info: Distribution: Debian GNU/Linux 12 (bookworm)
[09/16/26 09:07:54] crowsnest: Host Info: Release: MainsailOS release 2.2.2 (bookworm)
[09/16/26 09:07:54] crowsnest: Host Info: Kernel: Linux 6.12.93+rpt-rpi-v8 aarch64
[09/16/26 09:07:54] crowsnest: Host Info: Model:  Raspberry Pi 4 Model B Rev 1.1
[09/16/26 09:07:54] crowsnest: Host Info: Available CPU Cores: 4
[09/16/26 09:07:54] crowsnest: Host Info: Available Memory: 748988 kB
[09/16/26 09:07:54] crowsnest: Host Info: Diskspace (avail. / total): 5.1G / 15G
[09/16/26 09:07:54] crowsnest: INFO: Checking Dependencies
[09/16/26 09:07:54] crowsnest: Dependency: 'crudini' found in /usr/bin/crudini.
[09/16/26 09:07:54] crowsnest: Dependency: 'find' found in /usr/bin/find.
[09/16/26 09:07:54] crowsnest: Dependency: 'xargs' found in /usr/bin/xargs.
[09/16/26 09:07:54] crowsnest: Dependency: 'ustreamer' found in bin/ustreamer/src/ustreamer.bin.
[09/16/26 09:07:54] crowsnest: Dependency: 'camera-streamer' found in bin/camera-streamer/camera-streamer.
[09/16/26 09:07:54] crowsnest: Version Control: ustreamer is up to date. (v6.36)
[09/16/26 09:07:54] crowsnest: Version Control: camera-streamer is up to date. ((2f71a28))
[09/16/26 09:07:54] crowsnest: INFO: Print Configfile: '/home/jay/printer_data/config/crowsnest.conf'
[09/16/26 09:07:54] crowsnest:		[crowsnest]
[09/16/26 09:07:54] crowsnest:		log_path: /home/jay/printer_data/logs/crowsnest.log
[09/16/26 09:07:54] crowsnest:		log_level: verbose
[09/16/26 09:07:54] crowsnest:		delete_log: false
[09/16/26 09:07:54] crowsnest:		no_proxy: false
[09/16/26 09:07:54] crowsnest:		
[09/16/26 09:07:54] crowsnest:		[cam 1]
[09/16/26 09:07:54] crowsnest:		mode: ustreamer
[09/16/26 09:07:54] crowsnest:		
[09/16/26 09:07:54] crowsnest:		port: 8080
[09/16/26 09:07:54] crowsnest:		device: /dev/video0
[09/16/26 09:07:54] crowsnest:		resolution: 640x480
[09/16/26 09:07:54] crowsnest:		max_fps: 15
[09/16/26 09:07:54] crowsnest: INFO: Detect available Devices
[09/16/26 09:07:54] crowsnest: ERROR: No usable Devices Found. Stopping crowsnest.
[09/16/26 09:08:00] crowsnest: crowsnest - A webcam Service for multiple Cams and Stream Services.
[09/16/26 09:08:00] crowsnest: Version: v4.1.17-1-g9cc3d4a
[09/16/26 09:08:00] crowsnest: Prepare Startup ...
[09/16/26 09:08:00] crowsnest: INFO: Host information:
[09/16/26 09:08:00] crowsnest: Host Info: Distribution: Debian GNU/Linux 12 (bookworm)
[09/16/26 09:08:00] crowsnest: Host Info: Release: MainsailOS release 2.2.2 (bookworm)
[09/16/26 09:08:00] crowsnest: Host Info: Kernel: Linux 6.12.93+rpt-rpi-v8 aarch64
[09/16/26 09:08:00] crowsnest: Host Info: Model:  Raspberry Pi 4 Model B Rev 1.1
[09/16/26 09:08:00] crowsnest: Host Info: Available CPU Cores: 4
[09/16/26 09:08:00] crowsnest: Host Info: Available Memory: 748988 kB
[09/16/26 09:08:00] crowsnest: Host Info: Diskspace (avail. / total): 5.1G / 15G
[09/16/26 09:08:00] crowsnest: INFO: Checking Dependencies
[09/16/26 09:08:00] crowsnest: Dependency: 'crudini' found in /usr/bin/crudini.
[09/16/26 09:08:00] crowsnest: Dependency: 'find' found in /usr/bin/find.
[09/16/26 09:08:00] crowsnest: Dependency: 'xargs' found in /usr/bin/xargs.
[09/16/26 09:08:00] crowsnest: Dependency: 'ustreamer' found in bin/ustreamer/src/ustreamer.bin.
[09/16/26 09:08:00] crowsnest: Dependency: 'camera-streamer' found in bin/camera-streamer/camera-streamer.
[09/16/26 09:08:00] crowsnest: Version Control: ustreamer is up to date. (v6.36)
[09/16/26 09:08:00] crowsnest: Version Control: camera-streamer is up to date. ((2f71a28))
[09/16/26 09:08:00] crowsnest: INFO: Print Configfile: '/home/jay/printer_data/config/crowsnest.conf'
[09/16/26 09:08:00] crowsnest:		[crowsnest]
[09/16/26 09:08:00] crowsnest:		log_path: /home/jay/printer_data/logs/crowsnest.log
[09/16/26 09:08:00] crowsnest:		log_level: verbose
[09/16/26 09:08:00] crowsnest:		delete_log: false
[09/16/26 09:08:00] crowsnest:		no_proxy: false
[09/16/26 09:08:00] crowsnest:		
[09/16/26 09:08:00] crowsnest:		[cam 1]
[09/16/26 09:08:00] crowsnest:		mode: ustreamer
[09/16/26 09:08:00] crowsnest:		
[09/16/26 09:08:00] crowsnest:		port: 8080
[09/16/26 09:08:00] crowsnest:		device: /dev/video0
[09/16/26 09:08:00] crowsnest:		resolution: 640x480
[09/16/26 09:08:00] crowsnest:		max_fps: 15
[09/16/26 09:08:00] crowsnest: INFO: Detect available Devices
[09/16/26 09:08:00] crowsnest: ERROR: No usable Devices Found. Stopping crowsnest.
[09/16/26 09:53:01] crowsnest: crowsnest - A webcam Service for multiple Cams and Stream Services.
[09/16/26 09:53:01] crowsnest: Version: v4.1.17-1-g9cc3d4a
[09/16/26 09:53:01] crowsnest: Prepare Startup ...
[09/16/26 09:53:01] crowsnest: INFO: Host information:
[09/16/26 09:53:01] crowsnest: Host Info: Distribution: Debian GNU/Linux 12 (bookworm)
[09/16/26 09:53:01] crowsnest: Host Info: Release: MainsailOS release 2.2.2 (bookworm)
[09/16/26 09:53:01] crowsnest: Host Info: Kernel: Linux 6.12.93+rpt-rpi-v8 aarch64
[09/16/26 09:53:01] crowsnest: Host Info: Model:  Raspberry Pi 4 Model B Rev 1.1
[09/16/26 09:53:01] crowsnest: Host Info: Available CPU Cores: 4
[09/16/26 09:53:01] crowsnest: Host Info: Available Memory: 748988 kB
[09/16/26 09:53:01] crowsnest: Host Info: Diskspace (avail. / total): 5.1G / 15G
[09/16/26 09:53:01] crowsnest: INFO: Checking Dependencies
[09/16/26 09:53:02] crowsnest: Dependency: 'crudini' found in /usr/bin/crudini.
[09/16/26 09:53:02] crowsnest: Dependency: 'find' found in /usr/bin/find.
[09/16/26 09:53:02] crowsnest: Dependency: 'xargs' found in /usr/bin/xargs.
[09/16/26 09:53:02] crowsnest: Dependency: 'ustreamer' found in bin/ustreamer/src/ustreamer.bin.
[09/16/26 09:53:02] crowsnest: Dependency: 'camera-streamer' found in bin/camera-streamer/camera-streamer.
[09/16/26 09:53:02] crowsnest: Version Control: ustreamer is up to date. (v6.36)
[09/16/26 09:53:04] crowsnest: Version Control: camera-streamer is up to date. ((2f71a28))
[09/16/26 09:53:04] crowsnest: INFO: Print Configfile: '/home/jay/printer_data/config/crowsnest.conf'
[09/16/26 09:53:04] crowsnest:		[crowsnest]
[09/16/26 09:53:04] crowsnest:		log_path: /home/jay/printer_data/logs/crowsnest.log
[09/16/26 09:53:04] crowsnest:		log_level: verbose
[09/16/26 09:53:04] crowsnest:		delete_log: false
[09/16/26 09:53:04] crowsnest:		no_proxy: false
[09/16/26 09:53:04] crowsnest:		
[09/16/26 09:53:04] crowsnest:		[cam 1]
[09/16/26 09:53:04] crowsnest:		mode: ustreamer
[09/16/26 09:53:04] crowsnest:		
[09/16/26 09:53:04] crowsnest:		port: 8080
[09/16/26 09:53:04] crowsnest:		device: /dev/video0
[09/16/26 09:53:04] crowsnest:		resolution: 640x480
[09/16/26 09:53:04] crowsnest:		max_fps: 15
[09/16/26 09:53:04] crowsnest: INFO: Detect available Devices
[09/16/26 09:53:04] crowsnest: ERROR: No usable Devices Found. Stopping crowsnest.
[09/16/26 09:53:10] crowsnest: crowsnest - A webcam Service for multiple Cams and Stream Services.
[09/16/26 09:53:10] crowsnest: Version: v4.1.17-1-g9cc3d4a
[09/16/26 09:53:10] crowsnest: Prepare Startup ...
[09/16/26 09:53:10] crowsnest: INFO: Host information:
[09/16/26 09:53:10] crowsnest: Host Info: Distribution: Debian GNU/Linux 12 (bookworm)
[09/16/26 09:53:10] crowsnest: Host Info: Release: MainsailOS release 2.2.2 (bookworm)
[09/16/26 09:53:10] crowsnest: Host Info: Kernel: Linux 6.12.93+rpt-rpi-v8 aarch64
[09/16/26 09:53:10] crowsnest: Host Info: Model:  Raspberry Pi 4 Model B Rev 1.1
[09/16/26 09:53:10] crowsnest: Host Info: Available CPU Cores: 4
[09/16/26 09:53:10] crowsnest: Host Info: Available Memory: 748988 kB
[09/16/26 09:53:10] crowsnest: Host Info: Diskspace (avail. / total): 5.1G / 15G
[09/16/26 09:53:10] crowsnest: INFO: Checking Dependencies
[09/16/26 09:53:10] crowsnest: Dependency: 'crudini' found in /usr/bin/crudini.
[09/16/26 09:53:10] crowsnest: Dependency: 'find' found in /usr/bin/find.
[09/16/26 09:53:10] crowsnest: Dependency: 'xargs' found in /usr/bin/xargs.
[09/16/26 09:53:10] crowsnest: Dependency: 'ustreamer' found in bin/ustreamer/src/ustreamer.bin.
[09/16/26 09:53:10] crowsnest: Dependency: 'camera-streamer' found in bin/camera-streamer/camera-streamer.
[09/16/26 09:53:10] crowsnest: Version Control: ustreamer is up to date. (v6.36)
[09/16/26 09:53:10] crowsnest: Version Control: camera-streamer is up to date. ((2f71a28))
[09/16/26 09:53:10] crowsnest: INFO: Print Configfile: '/home/jay/printer_data/config/crowsnest.conf'
[09/16/26 09:53:10] crowsnest:		[crowsnest]
[09/16/26 09:53:10] crowsnest:		log_path: /home/jay/printer_data/logs/crowsnest.log
[09/16/26 09:53:10] crowsnest:		log_level: verbose
[09/16/26 09:53:10] crowsnest:		delete_log: false
[09/16/26 09:53:10] crowsnest:		no_proxy: false
[09/16/26 09:53:10] crowsnest:		
[09/16/26 09:53:10] crowsnest:		[cam 1]
[09/16/26 09:53:10] crowsnest:		mode: ustreamer
[09/16/26 09:53:10] crowsnest:		
[09/16/26 09:53:10] crowsnest:		port: 8080
[09/16/26 09:53:10] crowsnest:		device: /dev/video0
[09/16/26 09:53:10] crowsnest:		resolution: 640x480
[09/16/26 09:53:10] crowsnest:		max_fps: 15
[09/16/26 09:53:10] crowsnest: INFO: Detect available Devices
[09/16/26 09:53:10] crowsnest: ERROR: No usable Devices Found. Stopping crowsnest.
[09/16/26 09:53:16] crowsnest: crowsnest - A webcam Service for multiple Cams and Stream Services.
[09/16/26 09:53:16] crowsnest: Version: v4.1.17-1-g9cc3d4a
[09/16/26 09:53:16] crowsnest: Prepare Startup ...
[09/16/26 09:53:16] crowsnest: INFO: Host information:
[09/16/26 09:53:16] crowsnest: Host Info: Distribution: Debian GNU/Linux 12 (bookworm)
[09/16/26 09:53:16] crowsnest: Host Info: Release: MainsailOS release 2.2.2 (bookworm)
[09/16/26 09:53:16] crowsnest: Host Info: Kernel: Linux 6.12.93+rpt-rpi-v8 aarch64
[09/16/26 09:53:16] crowsnest: Host Info: Model:  Raspberry Pi 4 Model B Rev 1.1
[09/16/26 09:53:16] crowsnest: Host Info: Available CPU Cores: 4
[09/16/26 09:53:16] crowsnest: Host Info: Available Memory: 748988 kB
[09/16/26 09:53:16] crowsnest: Host Info: Diskspace (avail. / total): 5.1G / 15G
[09/16/26 09:53:16] crowsnest: INFO: Checking Dependencies
[09/16/26 09:53:16] crowsnest: Dependency: 'crudini' found in /usr/bin/crudini.
[09/16/26 09:53:16] crowsnest: Dependency: 'find' found in /usr/bin/find.
[09/16/26 09:53:16] crowsnest: Dependency: 'xargs' found in /usr/bin/xargs.
[09/16/26 09:53:16] crowsnest: Dependency: 'ustreamer' found in bin/ustreamer/src/ustreamer.bin.
[09/16/26 09:53:16] crowsnest: Dependency: 'camera-streamer' found in bin/camera-streamer/camera-streamer.
[09/16/26 09:53:16] crowsnest: Version Control: ustreamer is up to date. (v6.36)
[09/16/26 09:53:16] crowsnest: Version Control: camera-streamer is up to date. ((2f71a28))
[09/16/26 09:53:16] crowsnest: INFO: Print Configfile: '/home/jay/printer_data/config/crowsnest.conf'
[09/16/26 09:53:16] crowsnest:		[crowsnest]
[09/16/26 09:53:16] crowsnest:		log_path: /home/jay/printer_data/logs/crowsnest.log
[09/16/26 09:53:16] crowsnest:		log_level: verbose
[09/16/26 09:53:16] crowsnest:		delete_log: false
[09/16/26 09:53:16] crowsnest:		no_proxy: false
[09/16/26 09:53:16] crowsnest:		
[09/16/26 09:53:16] crowsnest:		[cam 1]
[09/16/26 09:53:16] crowsnest:		mode: ustreamer
[09/16/26 09:53:16] crowsnest:		
[09/16/26 09:53:16] crowsnest:		port: 8080
[09/16/26 09:53:16] crowsnest:		device: /dev/video0
[09/16/26 09:53:16] crowsnest:		resolution: 640x480
[09/16/26 09:53:16] crowsnest:		max_fps: 15
[09/16/26 09:53:16] crowsnest: INFO: Detect available Devices
[09/16/26 09:53:16] crowsnest: ERROR: No usable Devices Found. Stopping crowsnest.
[09/16/26 09:53:22] crowsnest: crowsnest - A webcam Service for multiple Cams and Stream Services.
[09/16/26 09:53:22] crowsnest: Version: v4.1.17-1-g9cc3d4a
[09/16/26 09:53:22] crowsnest: Prepare Startup ...
[09/16/26 09:53:22] crowsnest: INFO: Host information:
[09/16/26 09:53:22] crowsnest: Host Info: Distribution: Debian GNU/Linux 12 (bookworm)
[09/16/26 09:53:22] crowsnest: Host Info: Release: MainsailOS release 2.2.2 (bookworm)
[09/16/26 09:53:22] crowsnest: Host Info: Kernel: Linux 6.12.93+rpt-rpi-v8 aarch64
[09/16/26 09:53:22] crowsnest: Host Info: Model:  Raspberry Pi 4 Model B Rev 1.1
[09/16/26 09:53:22] crowsnest: Host Info: Available CPU Cores: 4
[09/16/26 09:53:22] crowsnest: Host Info: Available Memory: 748988 kB
[09/16/26 09:53:22] crowsnest: Host Info: Diskspace (avail. / total): 5.1G / 15G
[09/16/26 09:53:22] crowsnest: INFO: Checking Dependencies
[09/16/26 09:53:22] crowsnest: Dependency: 'crudini' found in /usr/bin/crudini.
[09/16/26 09:53:22] crowsnest: Dependency: 'find' found in /usr/bin/find.
[09/16/26 09:53:22] crowsnest: Dependency: 'xargs' found in /usr/bin/xargs.
[09/16/26 09:53:22] crowsnest: Dependency: 'ustreamer' found in bin/ustreamer/src/ustreamer.bin.
[09/16/26 09:53:22] crowsnest: Dependency: 'camera-streamer' found in bin/camera-streamer/camera-streamer.
[09/16/26 09:53:22] crowsnest: Version Control: ustreamer is up to date. (v6.36)
[09/16/26 09:53:22] crowsnest: Version Control: camera-streamer is up to date. ((2f71a28))
[09/16/26 09:53:22] crowsnest: INFO: Print Configfile: '/home/jay/printer_data/config/crowsnest.conf'
[09/16/26 09:53:22] crowsnest:		[crowsnest]
[09/16/26 09:53:22] crowsnest:		log_path: /home/jay/printer_data/logs/crowsnest.log
[09/16/26 09:53:22] crowsnest:		log_level: verbose
[09/16/26 09:53:22] crowsnest:		delete_log: false
[09/16/26 09:53:22] crowsnest:		no_proxy: false
[09/16/26 09:53:22] crowsnest:		
[09/16/26 09:53:22] crowsnest:		[cam 1]
[09/16/26 09:53:22] crowsnest:		mode: ustreamer
[09/16/26 09:53:22] crowsnest:		
[09/16/26 09:53:22] crowsnest:		port: 8080
[09/16/26 09:53:22] crowsnest:		device: /dev/video0
[09/16/26 09:53:22] crowsnest:		resolution: 640x480
[09/16/26 09:53:22] crowsnest:		max_fps: 15
[09/16/26 09:53:22] crowsnest: INFO: Detect available Devices
[09/16/26 09:53:22] crowsnest: ERROR: No usable Devices Found. Stopping crowsnest.
[09/16/26 09:53:28] crowsnest: crowsnest - A webcam Service for multiple Cams and Stream Services.
[09/16/26 09:53:28] crowsnest: Version: v4.1.17-1-g9cc3d4a
[09/16/26 09:53:28] crowsnest: Prepare Startup ...
[09/16/26 09:53:28] crowsnest: INFO: Host information:
[09/16/26 09:53:28] crowsnest: Host Info: Distribution: Debian GNU/Linux 12 (bookworm)
[09/16/26 09:53:28] crowsnest: Host Info: Release: MainsailOS release 2.2.2 (bookworm)
[09/16/26 09:53:28] crowsnest: Host Info: Kernel: Linux 6.12.93+rpt-rpi-v8 aarch64
[09/16/26 09:53:28] crowsnest: Host Info: Model:  Raspberry Pi 4 Model B Rev 1.1
[09/16/26 09:53:28] crowsnest: Host Info: Available CPU Cores: 4
[09/16/26 09:53:28] crowsnest: Host Info: Available Memory: 748988 kB
[09/16/26 09:53:28] crowsnest: Host Info: Diskspace (avail. / total): 5.1G / 15G
[09/16/26 09:53:28] crowsnest: INFO: Checking Dependencies
[09/16/26 09:53:28] crowsnest: Dependency: 'crudini' found in /usr/bin/crudini.
[09/16/26 09:53:28] crowsnest: Dependency: 'find' found in /usr/bin/find.
[09/16/26 09:53:28] crowsnest: Dependency: 'xargs' found in /usr/bin/xargs.
[09/16/26 09:53:28] crowsnest: Dependency: 'ustreamer' found in bin/ustreamer/src/ustreamer.bin.
[09/16/26 09:53:28] crowsnest: Dependency: 'camera-streamer' found in bin/camera-streamer/camera-streamer.
[09/16/26 09:53:28] crowsnest: Version Control: ustreamer is up to date. (v6.36)
[09/16/26 09:53:28] crowsnest: Version Control: camera-streamer is up to date. ((2f71a28))
[09/16/26 09:53:28] crowsnest: INFO: Print Configfile: '/home/jay/printer_data/config/crowsnest.conf'
[09/16/26 09:53:28] crowsnest:		[crowsnest]
[09/16/26 09:53:28] crowsnest:		log_path: /home/jay/printer_data/logs/crowsnest.log
[09/16/26 09:53:28] crowsnest:		log_level: verbose
[09/16/26 09:53:28] crowsnest:		delete_log: false
[09/16/26 09:53:28] crowsnest:		no_proxy: false
[09/16/26 09:53:28] crowsnest:		
[09/16/26 09:53:28] crowsnest:		[cam 1]
[09/16/26 09:53:28] crowsnest:		mode: ustreamer
[09/16/26 09:53:28] crowsnest:		
[09/16/26 09:53:28] crowsnest:		port: 8080
[09/16/26 09:53:28] crowsnest:		device: /dev/video0
[09/16/26 09:53:28] crowsnest:		resolution: 640x480
[09/16/26 09:53:28] crowsnest:		max_fps: 15
[09/16/26 09:53:28] crowsnest: INFO: Detect available Devices
[09/16/26 09:53:28] crowsnest: ERROR: No usable Devices Found. Stopping crowsnest.
[09/16/26 09:53:34] crowsnest: crowsnest - A webcam Service for multiple Cams and Stream Services.
[09/16/26 09:53:34] crowsnest: Version: v4.1.17-1-g9cc3d4a
[09/16/26 09:53:34] crowsnest: Prepare Startup ...
[09/16/26 09:53:34] crowsnest: INFO: Host information:
[09/16/26 09:53:34] crowsnest: Host Info: Distribution: Debian GNU/Linux 12 (bookworm)
[09/16/26 09:53:34] crowsnest: Host Info: Release: MainsailOS release 2.2.2 (bookworm)
[09/16/26 09:53:34] crowsnest: Host Info: Kernel: Linux 6.12.93+rpt-rpi-v8 aarch64
[09/16/26 09:53:34] crowsnest: Host Info: Model:  Raspberry Pi 4 Model B Rev 1.1
[09/16/26 09:53:34] crowsnest: Host Info: Available CPU Cores: 4
[09/16/26 09:53:34] crowsnest: Host Info: Available Memory: 748988 kB
[09/16/26 09:53:34] crowsnest: Host Info: Diskspace (avail. / total): 5.1G / 15G
[09/16/26 09:53:34] crowsnest: INFO: Checking Dependencies
[09/16/26 09:53:34] crowsnest: Dependency: 'crudini' found in /usr/bin/crudini.
[09/16/26 09:53:34] crowsnest: Dependency: 'find' found in /usr/bin/find.
[09/16/26 09:53:34] crowsnest: Dependency: 'xargs' found in /usr/bin/xargs.
[09/16/26 09:53:34] crowsnest: Dependency: 'ustreamer' found in bin/ustreamer/src/ustreamer.bin.
[09/16/26 09:53:34] crowsnest: Dependency: 'camera-streamer' found in bin/camera-streamer/camera-streamer.
[09/16/26 09:53:34] crowsnest: Version Control: ustreamer is up to date. (v6.36)
[09/16/26 09:53:34] crowsnest: Version Control: camera-streamer is up to date. ((2f71a28))
[09/16/26 09:53:34] crowsnest: INFO: Print Configfile: '/home/jay/printer_data/config/crowsnest.conf'
[09/16/26 09:53:34] crowsnest:		[crowsnest]
[09/16/26 09:53:34] crowsnest:		log_path: /home/jay/printer_data/logs/crowsnest.log
[09/16/26 09:53:34] crowsnest:		log_level: verbose
[09/16/26 09:53:34] crowsnest:		delete_log: false
[09/16/26 09:53:34] crowsnest:		no_proxy: false
[09/16/26 09:53:34] crowsnest:		
[09/16/26 09:53:34] crowsnest:		[cam 1]
[09/16/26 09:53:34] crowsnest:		mode: ustreamer
[09/16/26 09:53:34] crowsnest:		
[09/16/26 09:53:34] crowsnest:		port: 8080
[09/16/26 09:53:34] crowsnest:		device: /dev/video0
[09/16/26 09:53:34] crowsnest:		resolution: 640x480
[09/16/26 09:53:34] crowsnest:		max_fps: 15
[09/16/26 09:53:34] crowsnest: INFO: Detect available Devices
[09/16/26 09:53:34] crowsnest: ERROR: No usable Devices Found. Stopping crowsnest.
[09/16/26 09:53:40] crowsnest: crowsnest - A webcam Service for multiple Cams and Stream Services.
[09/16/26 09:53:40] crowsnest: Version: v4.1.17-1-g9cc3d4a
[09/16/26 09:53:40] crowsnest: Prepare Startup ...
[09/16/26 09:53:40] crowsnest: INFO: Host information:
[09/16/26 09:53:40] crowsnest: Host Info: Distribution: Debian GNU/Linux 12 (bookworm)
[09/16/26 09:53:40] crowsnest: Host Info: Release: MainsailOS release 2.2.2 (bookworm)
[09/16/26 09:53:40] crowsnest: Host Info: Kernel: Linux 6.12.93+rpt-rpi-v8 aarch64
[09/16/26 09:53:40] crowsnest: Host Info: Model:  Raspberry Pi 4 Model B Rev 1.1
[09/16/26 09:53:40] crowsnest: Host Info: Available CPU Cores: 4
[09/16/26 09:53:40] crowsnest: Host Info: Available Memory: 748988 kB
[09/16/26 09:53:40] crowsnest: Host Info: Diskspace (avail. / total): 5.1G / 15G
[09/16/26 09:53:40] crowsnest: INFO: Checking Dependencies
[09/16/26 09:53:40] crowsnest: Dependency: 'crudini' found in /usr/bin/crudini.
[09/16/26 09:53:40] crowsnest: Dependency: 'find' found in /usr/bin/find.
[09/16/26 09:53:40] crowsnest: Dependency: 'xargs' found in /usr/bin/xargs.
[09/16/26 09:53:40] crowsnest: Dependency: 'ustreamer' found in bin/ustreamer/src/ustreamer.bin.
[09/16/26 09:53:40] crowsnest: Dependency: 'camera-streamer' found in bin/camera-streamer/camera-streamer.
[09/16/26 09:53:40] crowsnest: Version Control: ustreamer is up to date. (v6.36)
[09/16/26 09:53:40] crowsnest: Version Control: camera-streamer is up to date. ((2f71a28))
[09/16/26 09:53:40] crowsnest: INFO: Print Configfile: '/home/jay/printer_data/config/crowsnest.conf'
[09/16/26 09:53:40] crowsnest:		[crowsnest]
[09/16/26 09:53:40] crowsnest:		log_path: /home/jay/printer_data/logs/crowsnest.log
[09/16/26 09:53:40] crowsnest:		log_level: verbose
[09/16/26 09:53:40] crowsnest:		delete_log: false
[09/16/26 09:53:40] crowsnest:		no_proxy: false
[09/16/26 09:53:40] crowsnest:		
[09/16/26 09:53:40] crowsnest:		[cam 1]
[09/16/26 09:53:40] crowsnest:		mode: ustreamer
[09/16/26 09:53:40] crowsnest:		
[09/16/26 09:53:40] crowsnest:		port: 8080
[09/16/26 09:53:40] crowsnest:		device: /dev/video0
[09/16/26 09:53:40] crowsnest:		resolution: 640x480
[09/16/26 09:53:40] crowsnest:		max_fps: 15
[09/16/26 09:53:40] crowsnest: INFO: Detect available Devices
[09/16/26 09:53:40] crowsnest: ERROR: No usable Devices Found. Stopping crowsnest.
[09/16/26 09:53:46] crowsnest: crowsnest - A webcam Service for multiple Cams and Stream Services.
[09/16/26 09:53:46] crowsnest: Version: v4.1.17-1-g9cc3d4a
[09/16/26 09:53:46] crowsnest: Prepare Startup ...
[09/16/26 09:53:46] crowsnest: INFO: Host information:
[09/16/26 09:53:46] crowsnest: Host Info: Distribution: Debian GNU/Linux 12 (bookworm)
[09/16/26 09:53:46] crowsnest: Host Info: Release: MainsailOS release 2.2.2 (bookworm)
[09/16/26 09:53:46] crowsnest: Host Info: Kernel: Linux 6.12.93+rpt-rpi-v8 aarch64
[09/16/26 09:53:46] crowsnest: Host Info: Model:  Raspberry Pi 4 Model B Rev 1.1
[09/16/26 09:53:46] crowsnest: Host Info: Available CPU Cores: 4
[09/16/26 09:53:46] crowsnest: Host Info: Available Memory: 748988 kB
[09/16/26 09:53:46] crowsnest: Host Info: Diskspace (avail. / total): 5.1G / 15G
[09/16/26 09:53:46] crowsnest: INFO: Checking Dependencies
[09/16/26 09:53:46] crowsnest: Dependency: 'crudini' found in /usr/bin/crudini.
[09/16/26 09:53:46] crowsnest: Dependency: 'find' found in /usr/bin/find.
[09/16/26 09:53:46] crowsnest: Dependency: 'xargs' found in /usr/bin/xargs.
[09/16/26 09:53:46] crowsnest: Dependency: 'ustreamer' found in bin/ustreamer/src/ustreamer.bin.
[09/16/26 09:53:46] crowsnest: Dependency: 'camera-streamer' found in bin/camera-streamer/camera-streamer.
[09/16/26 09:53:46] crowsnest: Version Control: ustreamer is up to date. (v6.36)
[09/16/26 09:53:46] crowsnest: Version Control: camera-streamer is up to date. ((2f71a28))
[09/16/26 09:53:46] crowsnest: INFO: Print Configfile: '/home/jay/printer_data/config/crowsnest.conf'
[09/16/26 09:53:46] crowsnest:		[crowsnest]
[09/16/26 09:53:46] crowsnest:		log_path: /home/jay/printer_data/logs/crowsnest.log
[09/16/26 09:53:46] crowsnest:		log_level: verbose
[09/16/26 09:53:46] crowsnest:		delete_log: false
[09/16/26 09:53:46] crowsnest:		no_proxy: false
[09/16/26 09:53:46] crowsnest:		
[09/16/26 09:53:46] crowsnest:		[cam 1]
[09/16/26 09:53:46] crowsnest:		mode: ustreamer
[09/16/26 09:53:46] crowsnest:		
[09/16/26 09:53:46] crowsnest:		port: 8080
[09/16/26 09:53:46] crowsnest:		device: /dev/video0
[09/16/26 09:53:46] crowsnest:		resolution: 640x480
[09/16/26 09:53:46] crowsnest:		max_fps: 15
[09/16/26 09:53:46] crowsnest: INFO: Detect available Devices
[09/16/26 09:53:46] crowsnest: ERROR: No usable Devices Found. Stopping crowsnest.
[09/16/26 09:53:52] crowsnest: crowsnest - A webcam Service for multiple Cams and Stream Services.
[09/16/26 09:53:52] crowsnest: Version: v4.1.17-1-g9cc3d4a
[09/16/26 09:53:52] crowsnest: Prepare Startup ...
[09/16/26 09:53:52] crowsnest: INFO: Host information:
[09/16/26 09:53:52] crowsnest: Host Info: Distribution: Debian GNU/Linux 12 (bookworm)
[09/16/26 09:53:52] crowsnest: Host Info: Release: MainsailOS release 2.2.2 (bookworm)
[09/16/26 09:53:52] crowsnest: Host Info: Kernel: Linux 6.12.93+rpt-rpi-v8 aarch64
[09/16/26 09:53:52] crowsnest: Host Info: Model:  Raspberry Pi 4 Model B Rev 1.1
[09/16/26 09:53:52] crowsnest: Host Info: Available CPU Cores: 4
[09/16/26 09:53:52] crowsnest: Host Info: Available Memory: 748988 kB
[09/16/26 09:53:52] crowsnest: Host Info: Diskspace (avail. / total): 5.1G / 15G
[09/16/26 09:53:52] crowsnest: INFO: Checking Dependencies
[09/16/26 09:53:52] crowsnest: Dependency: 'crudini' found in /usr/bin/crudini.
[09/16/26 09:53:52] crowsnest: Dependency: 'find' found in /usr/bin/find.
[09/16/26 09:53:52] crowsnest: Dependency: 'xargs' found in /usr/bin/xargs.
[09/16/26 09:53:52] crowsnest: Dependency: 'ustreamer' found in bin/ustreamer/src/ustreamer.bin.
[09/16/26 09:53:52] crowsnest: Dependency: 'camera-streamer' found in bin/camera-streamer/camera-streamer.
[09/16/26 09:53:52] crowsnest: Version Control: ustreamer is up to date. (v6.36)
[09/16/26 09:53:52] crowsnest: Version Control: camera-streamer is up to date. ((2f71a28))
[09/16/26 09:53:52] crowsnest: INFO: Print Configfile: '/home/jay/printer_data/config/crowsnest.conf'
[09/16/26 09:53:52] crowsnest:		[crowsnest]
[09/16/26 09:53:52] crowsnest:		log_path: /home/jay/printer_data/logs/crowsnest.log
[09/16/26 09:53:52] crowsnest:		log_level: verbose
[09/16/26 09:53:52] crowsnest:		delete_log: false
[09/16/26 09:53:52] crowsnest:		no_proxy: false
[09/16/26 09:53:52] crowsnest:		
[09/16/26 09:53:52] crowsnest:		[cam 1]
[09/16/26 09:53:52] crowsnest:		mode: ustreamer
[09/16/26 09:53:52] crowsnest:		
[09/16/26 09:53:52] crowsnest:		port: 8080
[09/16/26 09:53:52] crowsnest:		device: /dev/video0
[09/16/26 09:53:52] crowsnest:		resolution: 640x480
[09/16/26 09:53:52] crowsnest:		max_fps: 15
[09/16/26 09:53:52] crowsnest: INFO: Detect available Devices
[09/16/26 09:53:52] crowsnest: ERROR: No usable Devices Found. Stopping crowsnest.
[09/16/26 09:55:17] crowsnest: crowsnest - A webcam Service for multiple Cams and Stream Services.
[09/16/26 09:55:17] crowsnest: Version: v4.1.17-1-g9cc3d4a
[09/16/26 09:55:17] crowsnest: Prepare Startup ...
[09/16/26 09:55:17] crowsnest: INFO: Host information:
[09/16/26 09:55:17] crowsnest: Host Info: Distribution: Debian GNU/Linux 12 (bookworm)
[09/16/26 09:55:17] crowsnest: Host Info: Release: MainsailOS release 2.2.2 (bookworm)
[09/16/26 09:55:17] crowsnest: Host Info: Kernel: Linux 6.12.93+rpt-rpi-v8 aarch64
[09/16/26 09:55:17] crowsnest: Host Info: Model:  Raspberry Pi 4 Model B Rev 1.1
[09/16/26 09:55:17] crowsnest: Host Info: Available CPU Cores: 4
[09/16/26 09:55:17] crowsnest: Host Info: Available Memory: 748988 kB
[09/16/26 09:55:17] crowsnest: Host Info: Diskspace (avail. / total): 5.1G / 15G
[09/16/26 09:55:17] crowsnest: INFO: Checking Dependencies
[09/16/26 09:55:17] crowsnest: Dependency: 'crudini' found in /usr/bin/crudini.
[09/16/26 09:55:17] crowsnest: Dependency: 'find' found in /usr/bin/find.
[09/16/26 09:55:17] crowsnest: Dependency: 'xargs' found in /usr/bin/xargs.
[09/16/26 09:55:17] crowsnest: Dependency: 'ustreamer' found in bin/ustreamer/src/ustreamer.bin.
[09/16/26 09:55:17] crowsnest: Dependency: 'camera-streamer' found in bin/camera-streamer/camera-streamer.
[09/16/26 09:55:17] crowsnest: Version Control: ustreamer is up to date. (v6.36)
[09/16/26 09:55:17] crowsnest: Version Control: camera-streamer is up to date. ((2f71a28))
[09/16/26 09:55:17] crowsnest: INFO: Print Configfile: '/home/jay/printer_data/config/crowsnest.conf'
[09/16/26 09:55:17] crowsnest:		[crowsnest]
[09/16/26 09:55:17] crowsnest:		log_path: /home/jay/printer_data/logs/crowsnest.log
[09/16/26 09:55:17] crowsnest:		log_level: verbose
[09/16/26 09:55:17] crowsnest:		delete_log: false
[09/16/26 09:55:17] crowsnest:		no_proxy: false
[09/16/26 09:55:17] crowsnest:		
[09/16/26 09:55:17] crowsnest:		[cam 1]
[09/16/26 09:55:17] crowsnest:		mode: ustreamer
[09/16/26 09:55:17] crowsnest:		
[09/16/26 09:55:17] crowsnest:		port: 8080
[09/16/26 09:55:17] crowsnest:		device: /dev/video0
[09/16/26 09:55:17] crowsnest:		resolution: 640x480
[09/16/26 09:55:17] crowsnest:		max_fps: 15
[09/16/26 09:55:17] crowsnest: INFO: Detect available Devices
[09/16/26 09:55:17] crowsnest: ERROR: No usable Devices Found. Stopping crowsnest.
