-------------------- Log Start | Wed Sep 16 03:05:04 2026 --------------------
platform: Linux-6.12.93+rpt-rpi-v8-aarch64-with-glibc2.36
data_path: /home/jay/printer_data
is_default_data_path: False
config_file: /home/jay/printer_data/config/moonraker.conf
backup_config: /home/jay/printer_data/config/.moonraker.conf.bkp
startup_warnings: []
verbose: False
debug: False
asyncio_debug: False
is_backup_config: False
is_python_package: True
instance_uuid: b16af6156b6b4e7997b9aa3e543490ce
unix_socket_path: /home/jay/printer_data/comms/moonraker.sock
structured_logging: False
software_version: v0.10.0-29-g8e948f1
git_branch: master
git_remote: origin
git_repo_url: https://github.com/Arksine/moonraker.git
modified_files: []
unofficial_components: []
log_file: /home/jay/printer_data/logs/moonraker.log
python_version: 3.11.2 (main, Apr  8 2026, 01:58:00) [GCC 12.2.0]
launch_args: /home/jay/moonraker-env/bin/python /home/jay/moonraker/moonraker/__main__.py
msgspec_enabled: True
uvloop_enabled: True

#################### Moonraker Configuration ####################

[server]
host = 0.0.0.0
port = 7125
max_upload_size = 1024
klippy_uds_address = ~/printer_data/comms/klippy.sock

[file_manager]
enable_object_processing = False

[authorization]
cors_domains = 
	https://my.mainsail.xyz
	http://my.mainsail.xyz
	http://*.local
	http://*.lan
trusted_clients = 
	10.0.0.0/8
	127.0.0.0/8
	169.254.0.0/16
	172.16.0.0/12
	192.168.0.0/16
	FE80::/10
	::1/128

[octoprint_compat]

[history]

[announcements]
subscriptions = 
	mainsail

[update_manager]
refresh_interval = 168
enable_auto_refresh = True

[update_manager mainsail]
type = web
channel = stable
repo = mainsail-crew/mainsail
path = ~/mainsail

[update_manager mainsail-config]
type = git_repo
primary_branch = master
path = ~/mainsail-config
origin = https://github.com/mainsail-crew/mainsail-config.git
managed_services = klipper

#################################################################
All Configuration Files:
/home/jay/printer_data/config/moonraker.conf
#################################################################
Loading Sqlite database provider. Sqlite Version: 3.40.1
Unsafe Shutdown Count: 11

System Info:

***python***
  version: (3, 11, 2, 'final', 0)
  version_string: 3.11.2 (main, Apr  8 2026, 01:58:00) [GCC 12.2.0]

***cpu_info***
  cpu_count: 4
  bits: 64bit
  processor: aarch64
  cpu_desc: 
  serial_number: 100000009a565b05
  hardware_desc: 
  model: Raspberry Pi 4 Model B Rev 1.1
  total_memory: 748988
  memory_units: kB

***sd_info***
  manufacturer_id: 03
  manufacturer: Sandisk
  oem_id: 5344
  product_name: SU16G
  product_revision: 8.0
  serial_number: 1044cc4e
  manufacturer_date: 9/2013
  capacity: 14.8 GiB
  total_bytes: 15931539456

***distribution***
  name: Debian GNU/Linux 12 (bookworm)
  id: debian
  version: 12
  version_parts: {'major': '12', 'minor': '', 'build_number': ''}
  like: 
  codename: bookworm
  release_info: {'name': 'MainsailOS', 'version_id': '2.2.2', 'codename': 'bookworm', 'id': 'mainsailos'}
  kernel_version: 6.12.93+rpt-rpi-v8

***virtualization***
  virt_type: none
  virt_identifier: none

***network***

***canbus***

***Allowed Services***
  klipper_mcu
  webcamd
  MoonCord
  KlipperScreen
  moonraker-telegram-bot
  moonraker-obico
  sonar
  crowsnest
  octoeverywhere
  ratos-configurator
Found libcamera Python module, version: v0.5.2+99-bfd68f78

Systemd unit moonraker.service:
unit_name: moonraker.service
is_default: True
manager: systemd
Properties:
**Requires=['network-online.target', 'sysinit.target', 'system.slice']
**After=['system.slice', 'basic.target', 'systemd-journald.socket', 'sysinit.target', 'klipper.service', 'network-online.target']
**SupplementaryGroups=['moonraker-admin']
**EnvironmentFiles=/home/jay/printer_data/systemd/moonraker.env
**ExecStart=/home/jay/moonraker-env/bin/python $MOONRAKER_ARGS
**WorkingDirectory=
**FragmentPath=/etc/systemd/system/moonraker.service
**Description=API Server for Klipper SV1
**User=jay

Systemd unit klipper.service:
unit_name: klipper.service
is_default: True
manager: systemd
Properties:
**Requires=['sysinit.target', '-.mount', 'system.slice']
**After=['system.slice', '-.mount', 'systemd-journald.socket', 'sysinit.target', 'network-online.target', 'basic.target']
**SupplementaryGroups=[]
**EnvironmentFiles=/home/jay/printer_data/systemd/klipper.env
**ExecStart=/home/jay/klippy-env/bin/python $KLIPPER_ARGS
**WorkingDirectory=/home/jay/klipper
**FragmentPath=/etc/systemd/system/klipper.service
**Description=Klipper 3D Printer Firmware SV1
**User=jay
Git Repo moonraker: Warnings detected:
  Repo has untracked source files: ['moonraker/components/timelapse.py']
Git Repo klipper: No warnings detected
Git Repo mainsail-config: No warnings detected
Klipper Version: v0.13.0-699-gc707dd192
2026-09-16 00:05:04,080 [announcements.py:_fetch_moonlight()] - Failed to update subscription 'moonraker': [Errno -3] Temporary failure in name resolution
2026-09-16 00:05:06,091 [announcements.py:_fetch_moonlight()] - Failed to update subscription 'klipper': [Errno -3] Temporary failure in name resolution
2026-09-16 00:05:08,104 [announcements.py:_fetch_moonlight()] - Failed to update subscription 'mainsail': [Errno -3] Temporary failure in name resolution
2026-09-16 00:35:04,080 [announcements.py:_fetch_moonlight()] - Failed to update subscription 'moonraker': [Errno -3] Temporary failure in name resolution
2026-09-16 00:35:06,092 [announcements.py:_fetch_moonlight()] - Failed to update subscription 'klipper': [Errno -3] Temporary failure in name resolution
2026-09-16 00:35:08,103 [announcements.py:_fetch_moonlight()] - Failed to update subscription 'mainsail': [Errno -3] Temporary failure in name resolution
2026-09-16 01:05:04,080 [announcements.py:_fetch_moonlight()] - Failed to update subscription 'moonraker': [Errno -3] Temporary failure in name resolution
2026-09-16 01:05:06,090 [announcements.py:_fetch_moonlight()] - Failed to update subscription 'klipper': [Errno -3] Temporary failure in name resolution
2026-09-16 01:05:08,102 [announcements.py:_fetch_moonlight()] - Failed to update subscription 'mainsail': [Errno -3] Temporary failure in name resolution
2026-09-16 01:35:04,079 [announcements.py:_fetch_moonlight()] - Failed to update subscription 'moonraker': [Errno -3] Temporary failure in name resolution
2026-09-16 01:35:06,091 [announcements.py:_fetch_moonlight()] - Failed to update subscription 'klipper': [Errno -3] Temporary failure in name resolution
2026-09-16 01:35:08,103 [announcements.py:_fetch_moonlight()] - Failed to update subscription 'mainsail': [Errno -3] Temporary failure in name resolution
2026-09-16 02:05:04,079 [announcements.py:_fetch_moonlight()] - Failed to update subscription 'moonraker': [Errno -3] Temporary failure in name resolution
2026-09-16 02:05:06,089 [announcements.py:_fetch_moonlight()] - Failed to update subscription 'klipper': [Errno -3] Temporary failure in name resolution
2026-09-16 02:05:08,100 [announcements.py:_fetch_moonlight()] - Failed to update subscription 'mainsail': [Errno -3] Temporary failure in name resolution
2026-09-16 02:35:04,079 [announcements.py:_fetch_moonlight()] - Failed to update subscription 'moonraker': [Errno -3] Temporary failure in name resolution
2026-09-16 02:35:06,089 [announcements.py:_fetch_moonlight()] - Failed to update subscription 'klipper': [Errno -3] Temporary failure in name resolution
2026-09-16 02:35:08,099 [announcements.py:_fetch_moonlight()] - Failed to update subscription 'mainsail': [Errno -3] Temporary failure in name resolution
2026-09-16 03:05:04,080 [announcements.py:_fetch_moonlight()] - Failed to update subscription 'moonraker': [Errno -3] Temporary failure in name resolution
2026-09-16 03:05:06,089 [announcements.py:_fetch_moonlight()] - Failed to update subscription 'klipper': [Errno -3] Temporary failure in name resolution
2026-09-16 03:05:08,098 [announcements.py:_fetch_moonlight()] - Failed to update subscription 'mainsail': [Errno -3] Temporary failure in name resolution
2026-09-16 03:35:04,082 [announcements.py:_fetch_moonlight()] - Failed to update subscription 'moonraker': [Errno -3] Temporary failure in name resolution
2026-09-16 03:35:06,091 [announcements.py:_fetch_moonlight()] - Failed to update subscription 'klipper': [Errno -3] Temporary failure in name resolution
2026-09-16 03:35:08,101 [announcements.py:_fetch_moonlight()] - Failed to update subscription 'mainsail': [Errno -3] Temporary failure in name resolution
2026-09-16 04:05:04,083 [announcements.py:_fetch_moonlight()] - Failed to update subscription 'moonraker': [Errno -3] Temporary failure in name resolution
2026-09-16 04:05:06,096 [announcements.py:_fetch_moonlight()] - Failed to update subscription 'klipper': [Errno -3] Temporary failure in name resolution
2026-09-16 04:05:08,105 [announcements.py:_fetch_moonlight()] - Failed to update subscription 'mainsail': [Errno -3] Temporary failure in name resolution
2026-09-16 04:35:04,083 [announcements.py:_fetch_moonlight()] - Failed to update subscription 'moonraker': [Errno -3] Temporary failure in name resolution
2026-09-16 04:35:06,095 [announcements.py:_fetch_moonlight()] - Failed to update subscription 'klipper': [Errno -3] Temporary failure in name resolution
2026-09-16 04:35:08,106 [announcements.py:_fetch_moonlight()] - Failed to update subscription 'mainsail': [Errno -3] Temporary failure in name resolution
2026-09-16 05:05:04,082 [announcements.py:_fetch_moonlight()] - Failed to update subscription 'moonraker': [Errno -3] Temporary failure in name resolution
2026-09-16 05:05:06,093 [announcements.py:_fetch_moonlight()] - Failed to update subscription 'klipper': [Errno -3] Temporary failure in name resolution
2026-09-16 05:05:08,105 [announcements.py:_fetch_moonlight()] - Failed to update subscription 'mainsail': [Errno -3] Temporary failure in name resolution
2026-09-16 05:35:04,082 [announcements.py:_fetch_moonlight()] - Failed to update subscription 'moonraker': [Errno -3] Temporary failure in name resolution
2026-09-16 05:35:06,094 [announcements.py:_fetch_moonlight()] - Failed to update subscription 'klipper': [Errno -3] Temporary failure in name resolution
2026-09-16 05:35:08,105 [announcements.py:_fetch_moonlight()] - Failed to update subscription 'mainsail': [Errno -3] Temporary failure in name resolution
2026-09-16 06:05:04,083 [announcements.py:_fetch_moonlight()] - Failed to update subscription 'moonraker': [Errno -3] Temporary failure in name resolution
2026-09-16 06:05:06,096 [announcements.py:_fetch_moonlight()] - Failed to update subscription 'klipper': [Errno -3] Temporary failure in name resolution
2026-09-16 06:05:08,107 [announcements.py:_fetch_moonlight()] - Failed to update subscription 'mainsail': [Errno -3] Temporary failure in name resolution
2026-09-16 06:35:04,082 [announcements.py:_fetch_moonlight()] - Failed to update subscription 'moonraker': [Errno -3] Temporary failure in name resolution
2026-09-16 06:35:06,094 [announcements.py:_fetch_moonlight()] - Failed to update subscription 'klipper': [Errno -3] Temporary failure in name resolution
2026-09-16 06:35:08,105 [announcements.py:_fetch_moonlight()] - Failed to update subscription 'mainsail': [Errno -3] Temporary failure in name resolution
2026-09-16 07:05:04,083 [announcements.py:_fetch_moonlight()] - Failed to update subscription 'moonraker': [Errno -3] Temporary failure in name resolution
2026-09-16 07:05:06,096 [announcements.py:_fetch_moonlight()] - Failed to update subscription 'klipper': [Errno -3] Temporary failure in name resolution
2026-09-16 07:05:08,107 [announcements.py:_fetch_moonlight()] - Failed to update subscription 'mainsail': [Errno -3] Temporary failure in name resolution
2026-09-16 07:35:04,083 [announcements.py:_fetch_moonlight()] - Failed to update subscription 'moonraker': [Errno -3] Temporary failure in name resolution
2026-09-16 07:35:06,095 [announcements.py:_fetch_moonlight()] - Failed to update subscription 'klipper': [Errno -3] Temporary failure in name resolution
2026-09-16 07:35:08,105 [announcements.py:_fetch_moonlight()] - Failed to update subscription 'mainsail': [Errno -3] Temporary failure in name resolution
2026-09-16 08:05:04,085 [announcements.py:_fetch_moonlight()] - Failed to update subscription 'moonraker': [Errno -3] Temporary failure in name resolution
2026-09-16 08:05:06,094 [announcements.py:_fetch_moonlight()] - Failed to update subscription 'klipper': [Errno -3] Temporary failure in name resolution
2026-09-16 08:05:08,107 [announcements.py:_fetch_moonlight()] - Failed to update subscription 'mainsail': [Errno -3] Temporary failure in name resolution
2026-09-16 08:35:04,085 [announcements.py:_fetch_moonlight()] - Failed to update subscription 'moonraker': [Errno -3] Temporary failure in name resolution
2026-09-16 08:35:06,097 [announcements.py:_fetch_moonlight()] - Failed to update subscription 'klipper': [Errno -3] Temporary failure in name resolution
2026-09-16 08:35:08,109 [announcements.py:_fetch_moonlight()] - Failed to update subscription 'mainsail': [Errno -3] Temporary failure in name resolution
2026-09-16 09:05:04,086 [announcements.py:_fetch_moonlight()] - Failed to update subscription 'moonraker': [Errno -3] Temporary failure in name resolution
2026-09-16 09:05:06,096 [announcements.py:_fetch_moonlight()] - Failed to update subscription 'klipper': [Errno -3] Temporary failure in name resolution
2026-09-16 09:05:08,106 [announcements.py:_fetch_moonlight()] - Failed to update subscription 'mainsail': [Errno -3] Temporary failure in name resolution
-------------------- Log Start | Wed Sep 16 12:05:27 2026 --------------------
platform: Linux-6.12.93+rpt-rpi-v8-aarch64-with-glibc2.36
data_path: /home/jay/printer_data
is_default_data_path: False
config_file: /home/jay/printer_data/config/moonraker.conf
backup_config: /home/jay/printer_data/config/.moonraker.conf.bkp
startup_warnings: []
verbose: False
debug: False
asyncio_debug: False
is_backup_config: False
is_python_package: True
instance_uuid: b16af6156b6b4e7997b9aa3e543490ce
unix_socket_path: /home/jay/printer_data/comms/moonraker.sock
structured_logging: False
software_version: v0.10.0-29-g8e948f1
git_branch: master
git_remote: origin
git_repo_url: https://github.com/Arksine/moonraker.git
modified_files: []
unofficial_components: []
log_file: /home/jay/printer_data/logs/moonraker.log
python_version: 3.11.2 (main, Apr  8 2026, 01:58:00) [GCC 12.2.0]
launch_args: /home/jay/moonraker-env/bin/python /home/jay/moonraker/moonraker/__main__.py
msgspec_enabled: True
uvloop_enabled: True
2026-09-16 09:05:27,356 [confighelper.py:read_file()] - Configuration File '/home/jay/printer_data/config/moonraker.conf' parsed, total size: 1240 B
2026-09-16 09:05:27,356 [server.py:add_log_rollover_item()] - 
#################### Moonraker Configuration ####################

[server]
host = 0.0.0.0
port = 7125
max_upload_size = 1024
klippy_uds_address = ~/printer_data/comms/klippy.sock

[file_manager]
enable_object_processing = False

[authorization]
cors_domains = 
	https://my.mainsail.xyz
	http://my.mainsail.xyz
	http://*.local
	http://*.lan
trusted_clients = 
	10.0.0.0/8
	127.0.0.0/8
	169.254.0.0/16
	172.16.0.0/12
	192.168.0.0/16
	FE80::/10
	::1/128

[octoprint_compat]

[history]

[announcements]
subscriptions = 
	mainsail

[update_manager]
refresh_interval = 168
enable_auto_refresh = True

[update_manager mainsail]
type = web
channel = stable
repo = mainsail-crew/mainsail
path = ~/mainsail

[update_manager mainsail-config]
type = git_repo
primary_branch = master
path = ~/mainsail-config
origin = https://github.com/mainsail-crew/mainsail-config.git
managed_services = klipper

#################################################################
All Configuration Files:
/home/jay/printer_data/config/moonraker.conf
#################################################################
2026-09-16 09:05:27,550 [server.py:load_component()] - Component (secrets) loaded
2026-09-16 09:05:27,561 [server.py:load_component()] - Component (template) loaded
2026-09-16 09:05:27,567 [server.py:load_component()] - Component (klippy_connection) loaded
2026-09-16 09:05:29,193 [application.py:__init__()] - Detected Tornado Version 6.5.6
2026-09-16 09:05:29,195 [server.py:load_component()] - Component (application) loaded
2026-09-16 09:05:29,234 [server.py:load_component()] - Component (websockets) loaded
2026-09-16 09:05:29,398 [server.py:add_log_rollover_item()] - Loading Sqlite database provider. Sqlite Version: 3.40.1
2026-09-16 09:05:29,413 [server.py:add_log_rollover_item()] - Unsafe Shutdown Count: 12
2026-09-16 09:05:29,418 [server.py:load_component()] - Component (database) loaded
2026-09-16 09:05:29,728 [server.py:load_component()] - Component (dbus_manager) loaded
2026-09-16 09:05:29,782 [file_manager.py:__init__()] - Using File System Observer: inotify
2026-09-16 09:05:29,830 [server.py:load_component()] - Component (file_manager) loaded
2026-09-16 09:05:29,885 [database.py:register_table()] - Found registered table authorized_users
2026-09-16 09:05:29,893 [authorization.py:__init__()] - Authorization Configuration Loaded
Trusted Clients:
10.0.0.0/8
127.0.0.0/8
169.254.0.0/16
172.16.0.0/12
192.168.0.0/16
fe80::/10
::1/128
CORS Domains:
https://my\.mainsail\.xyz
http://my\.mainsail\.xyz
http://.*\.local
http://.*\.lan
2026-09-16 09:05:29,895 [server.py:load_component()] - Component (authorization) loaded
2026-09-16 09:05:29,900 [server.py:load_component()] - Component (klippy_apis) loaded
2026-09-16 09:05:30,094 [server.py:add_log_rollover_item()] - 
System Info:

***python***
  version: (3, 11, 2, 'final', 0)
  version_string: 3.11.2 (main, Apr  8 2026, 01:58:00) [GCC 12.2.0]

***cpu_info***
  cpu_count: 4
  bits: 64bit
  processor: aarch64
  cpu_desc: 
  serial_number: 100000009a565b05
  hardware_desc: 
  model: Raspberry Pi 4 Model B Rev 1.1
  total_memory: 748988
  memory_units: kB

***sd_info***
  manufacturer_id: 03
  manufacturer: Sandisk
  oem_id: 5344
  product_name: SU16G
  product_revision: 8.0
  serial_number: 1044cc4e
  manufacturer_date: 9/2013
  capacity: 14.8 GiB
  total_bytes: 15931539456

***distribution***
  name: Debian GNU/Linux 12 (bookworm)
  id: debian
  version: 12
  version_parts: {'major': '12', 'minor': '', 'build_number': ''}
  like: 
  codename: bookworm
  release_info: {'name': 'MainsailOS', 'version_id': '2.2.2', 'codename': 'bookworm', 'id': 'mainsailos'}
  kernel_version: 6.12.93+rpt-rpi-v8

***virtualization***
  virt_type: none
  virt_identifier: none

***network***

***canbus***

***Allowed Services***
  klipper_mcu
  webcamd
  MoonCord
  KlipperScreen
  moonraker-telegram-bot
  moonraker-obico
  sonar
  crowsnest
  octoeverywhere
  ratos-configurator
2026-09-16 09:05:30,098 [server.py:load_component()] - Component (shell_command) loaded
2026-09-16 09:05:30,098 [machine.py:__init__()] - Using System Provider: systemd_dbus
2026-09-16 09:05:30,233 [server.py:add_log_rollover_item()] - Found libcamera Python module, version: v0.5.2+99-bfd68f78
2026-09-16 09:05:30,233 [server.py:load_component()] - Component (machine) loaded
2026-09-16 09:05:30,237 [server.py:load_component()] - Component (data_store) loaded
2026-09-16 09:05:30,239 [proc_stats.py:__init__()] - Detected 'vcgencmd', throttle checking enabled
2026-09-16 09:05:30,240 [proc_stats.py:_get_cpu_thermal_file()] - Monitoring temperature for Raspberry Pi CPU
2026-09-16 09:05:30,241 [server.py:load_component()] - Component (proc_stats) loaded
2026-09-16 09:05:30,243 [server.py:load_component()] - Component (job_state) loaded
2026-09-16 09:05:30,247 [server.py:load_component()] - Component (job_queue) loaded
2026-09-16 09:05:30,250 [database.py:register_table()] - Found registered table job_history
2026-09-16 09:05:30,251 [database.py:register_table()] - Found registered table job_totals
2026-09-16 09:05:30,252 [server.py:load_component()] - Component (history) loaded
2026-09-16 09:05:30,262 [server.py:load_component()] - Component (http_client) loaded
2026-09-16 09:05:30,267 [server.py:load_component()] - Component (announcements) loaded
2026-09-16 09:05:30,271 [server.py:load_component()] - Component (webcam) loaded
2026-09-16 09:05:30,274 [server.py:load_component()] - Component (extensions) loaded
2026-09-16 09:05:30,343 [base_deploy.py:log_info()] - Git Repo moonraker: Detected virtualenv: /home/jay/moonraker-env
2026-09-16 09:05:30,346 [base_deploy.py:log_info()] - Git Repo klipper: Detected virtualenv: /home/jay/klippy-env
2026-09-16 09:05:30,354 [server.py:load_component()] - Component (update_manager) loaded
2026-09-16 09:05:30,359 [server.py:load_component()] - Component (octoprint_compat) loaded
2026-09-16 09:05:30,359 [server.py:_initialize_component()] - Performing Component Post Init: [database]
2026-09-16 09:05:30,381 [server.py:_initialize_component()] - Performing Component Post Init: [dbus_manager]
2026-09-16 09:05:30,391 [server.py:_initialize_component()] - Performing Component Post Init: [authorization]
2026-09-16 09:05:30,392 [server.py:_initialize_component()] - Performing Component Post Init: [machine]
2026-09-16 09:05:30,394 [machine.py:validation_init()] - Installation version in database up to date
2026-09-16 09:05:30,771 [machine.py:check_virt_status()] - No Virtualization Detected
2026-09-16 09:05:30,818 [machine.py:_find_public_ip()] - Detected Local IP: 192.168.2.197
2026-09-16 09:05:30,820 [webcam.py:_set_default_host_ip()] - Default public webcam address set: http://192.168.2.197
2026-09-16 09:05:30,858 [server.py:add_log_rollover_item()] - 
Systemd unit moonraker.service:
unit_name: moonraker.service
is_default: True
manager: systemd
Properties:
**Requires=['system.slice', 'sysinit.target', 'network-online.target']
**After=['system.slice', 'network-online.target', 'systemd-journald.socket', 'klipper.service', 'sysinit.target', 'basic.target']
**SupplementaryGroups=['moonraker-admin']
**EnvironmentFiles=/home/jay/printer_data/systemd/moonraker.env
**ExecStart=/home/jay/moonraker-env/bin/python $MOONRAKER_ARGS
**WorkingDirectory=
**FragmentPath=/etc/systemd/system/moonraker.service
**Description=API Server for Klipper SV1
**User=jay
2026-09-16 09:05:30,858 [server.py:_initialize_component()] - Performing Component Post Init: [proc_stats]
2026-09-16 09:05:30,858 [server.py:_initialize_component()] - Performing Component Post Init: [history]
2026-09-16 09:05:30,866 [server.py:_initialize_component()] - Performing Component Post Init: [announcements]
2026-09-16 09:05:30,881 [server.py:_initialize_component()] - Performing Component Post Init: [webcam]
2026-09-16 09:05:30,882 [webcam.py:_set_default_host_ip()] - Default public webcam address set: http://192.168.2.197
2026-09-16 09:05:30,885 [server.py:_initialize_component()] - Performing Component Post Init: [klippy_connection]
2026-09-16 09:05:30,885 [server.py:add_log_rollover_item()] - 
Systemd unit klipper.service:
unit_name: klipper.service
is_default: True
manager: systemd
Properties:
**Requires=['sysinit.target', '-.mount', 'system.slice']
**After=['system.slice', '-.mount', 'systemd-journald.socket', 'sysinit.target', 'network-online.target', 'basic.target']
**SupplementaryGroups=[]
**EnvironmentFiles=/home/jay/printer_data/systemd/klipper.env
**ExecStart=/home/jay/klippy-env/bin/python $KLIPPER_ARGS
**WorkingDirectory=/home/jay/klipper
**FragmentPath=/etc/systemd/system/klipper.service
**Description=Klipper 3D Printer Firmware SV1
**User=jay
2026-09-16 09:05:30,885 [server.py:_initialize_component()] - Performing Component Post Init: [update_manager]
2026-09-16 09:05:31,256 [base_deploy.py:log_info()] - PackageDeploy: PackageKit Provider Configured
2026-09-16 09:05:31,258 [base_deploy.py:log_info()] - Git Repo moonraker: Pip Version: 25.2, Python Version: 3.11
Last checked on 2026-06-16 03:29:47.708957+00:00
2026-09-16 09:05:31,259 [git_deploy.py:log_repo_info()] - Git Repo moonraker Detected:
Owner: Arksine
Repository Name: moonraker
Path: /home/jay/moonraker
Remote: origin
Branch: master
Remote URL: https://github.com/Arksine/moonraker.git
Recovery URL: https://github.com/Arksine/moonraker.git
Current Commit SHA: ?
Upstream Commit SHA: ?
Current Version: ?
Upstream Version: ?
Rollback Commit: 9bceead932e7d0afa1a8394a3171d81e71fcda9b
Rollback Branch: master
Rollback Version: v0.10.0-21-g9bceead9
Is Dirty: False
Is Detached: False
Is Shallow: False
Commits Behind Count: 2
Diverged: False
Pinned Commit: None
Repo Warnings:
  Repo has untracked source files: ['moonraker/components/timelapse.py']
2026-09-16 09:05:31,260 [git_deploy.py:log_repo_info()] - Git Repo klipper Detected:
Owner: Klipper3d
Repository Name: klipper
Path: /home/jay/klipper
Remote: origin
Branch: master
Remote URL: https://github.com/Klipper3d/klipper.git
Recovery URL: https://github.com/Klipper3d/klipper.git
Current Commit SHA: ?
Upstream Commit SHA: ?
Current Version: ?
Upstream Version: ?
Rollback Commit: 0d1445a7236717c6ab77b020e9950817461227d2
Rollback Branch: master
Rollback Version: v0.13.0-594-g0d1445a7
Is Dirty: False
Is Detached: False
Is Shallow: False
Commits Behind Count: 19
Diverged: False
Pinned Commit: None
2026-09-16 09:05:31,267 [base_deploy.py:log_info()] - Web Client mainsail: Detected
Repo: mainsail-crew/mainsail
Channel: stable
Path: /home/jay/mainsail
Local Version: v2.18.0
Remote Version: v2.18.2
Valid: True
Fallback Detected: False
Pre-release: False
Download Url: https://github.com/mainsail-crew/mainsail/releases/download/v2.18.2/mainsail.zip
Download Size: 3133520
Content Type: application/zip
Rollback Version: v2.17.0
Rollback Repo: mainsail-crew/mainsail
2026-09-16 09:05:31,269 [git_deploy.py:log_repo_info()] - Git Repo mainsail-config Detected:
Owner: mainsail-crew
Repository Name: mainsail-config
Path: /home/jay/mainsail-config
Remote: origin
Branch: master
Remote URL: https://github.com/mainsail-crew/mainsail-config.git
Recovery URL: https://github.com/mainsail-crew/mainsail-config.git
Current Commit SHA: ?
Upstream Commit SHA: ?
Current Version: ?
Upstream Version: ?
Rollback Commit: ff3869a621db17ce3ef660adbbd3fa321995ac42
Rollback Branch: master
Rollback Version: v1.2.1-1-gff3869a6
Is Dirty: False
Is Detached: False
Is Shallow: False
Commits Behind Count: 0
Diverged: False
Pinned Commit: None
2026-09-16 09:05:31,270 [base_deploy.py:log_info()] - PackageKit: Next refresh in: 4 Days, 15 Hours, 29 Minutes, 32 Seconds
2026-09-16 09:05:31,270 [base_deploy.py:log_info()] - Git Repo moonraker: Next refresh in: 4 Days, 15 Hours, 29 Minutes, 35 Seconds
2026-09-16 09:05:31,270 [base_deploy.py:log_info()] - Git Repo klipper: Next refresh in: 4 Days, 15 Hours, 29 Minutes, 38 Seconds
2026-09-16 09:05:31,270 [base_deploy.py:log_info()] - Web Client mainsail: Next refresh in: 4 Days, 15 Hours, 29 Minutes, 39 Seconds
2026-09-16 09:05:31,270 [base_deploy.py:log_info()] - Git Repo mainsail-config: Next refresh in: 4 Days, 15 Hours, 29 Minutes, 41 Seconds
2026-09-16 09:05:31,288 [extensions.py:start_unix_server()] - Creating Unix Domain Socket at '/home/jay/printer_data/comms/moonraker.sock'
2026-09-16 09:05:31,289 [server.py:start_server()] - Starting Moonraker on (0.0.0.0, 7125), Hostname: ares-am8
2026-09-16 09:05:31,289 [application.py:listen()] - SSL Certificate/Key not configured, aborting HTTPS Server startup
2026-09-16 09:05:31,541 [klippy_connection.py:_do_connect()] - Klippy Connection Established
2026-09-16 09:05:31,578 [server.py:add_log_rollover_item()] - 
Systemd unit klipper.service:
unit_name: klipper.service
is_default: True
manager: systemd
Properties:
**Requires=['sysinit.target', '-.mount', 'system.slice']
**After=['systemd-journald.socket', 'basic.target', 'network-online.target', 'sysinit.target', 'system.slice', '-.mount']
**SupplementaryGroups=[]
**EnvironmentFiles=/home/jay/printer_data/systemd/klipper.env
**ExecStart=/home/jay/klippy-env/bin/python $KLIPPER_ARGS
**WorkingDirectory=/home/jay/klipper
**FragmentPath=/etc/systemd/system/klipper.service
**Description=Klipper 3D Printer Firmware SV1
**User=jay
2026-09-16 09:05:31,830 [server.py:add_log_rollover_item()] - Klipper Version: v0.13.0-699-gc707dd192
2026-09-16 09:05:31,841 [klippy_connection.py:_request_initial_subscriptions()] - Webhooks Subscribed
2026-09-16 09:05:31,842 [klippy_connection.py:_request_initial_subscriptions()] - GCode Output Subscribed
2026-09-16 09:05:32,092 [job_state.py:_handle_started()] - Job state initialized: standby
2026-09-16 09:05:32,346 [klippy_connection.py:_check_ready()] - Klippy ready
2026-09-16 09:05:32,843 [data_store.py:_init_sensors()] - Configuring available sensors: ['heater_bed', 'extruder']
2026-09-16 09:05:53,173 [authorization.py:_check_trusted_connection()] - Trusted Connection Detected, IP: 192.168.2.252
2026-09-16 09:05:53,176 [application.py:log_request()] - 101 GET /websocket (192.168.2.252) [_TRUSTED_USER_] 3.81ms
2026-09-16 09:05:53,176 [websockets.py:open()] - Websocket Opened: ID: 548503729872, Proxied: True, User Agent: Mozilla/5.0 (Windows NT 10.0; Win64; x64) AppleWebKit/537.36 (KHTML, like Gecko) Chrome/107.0.0.0 Safari/537.36 Edg/107.0.1418.52 BBL-Slicer/v01.10.01.50 (dark) BBL-Language/en, Host Name: ares-am8.local
2026-09-16 09:05:53,190 [websockets.py:_handle_identify()] - Websocket 548503729872 Client Identified - Name: mainsail, Version: 2.18.0, Type: web
2026-09-16 09:10:33,494 [shell_command.py:_check_proc_success()] - Command (git -C /home/jay/moonraker checkout -q master) successfully finished
2026-09-16 09:10:33,569 [shell_command.py:_check_proc_success()] - Command (git -C /home/jay/moonraker reset --hard origin/master) successfully finished
2026-09-16 09:10:33,598 [shell_command.py:_check_proc_success()] - Command (git -C /home/jay/moonraker status --porcelain -b) successfully finished
2026-09-16 09:10:33,619 [shell_command.py:_check_proc_success()] - Command (git -C /home/jay/moonraker branch --list --no-color) successfully finished
2026-09-16 09:10:33,658 [shell_command.py:_check_proc_success()] - Command (git -C /home/jay/moonraker remote get-url origin) successfully finished
2026-09-16 09:10:34,825 [shell_command.py:_check_proc_success()] - Command (git -C /home/jay/moonraker fetch origin --prune --progress) successfully finished
2026-09-16 09:10:34,846 [shell_command.py:_check_proc_success()] - Command (git -C /home/jay/moonraker merge-base --is-ancestor HEAD origin/master) successfully finished
2026-09-16 09:10:34,862 [shell_command.py:_check_proc_success()] - Command (git -C /home/jay/moonraker rev-parse HEAD) successfully finished
2026-09-16 09:10:34,884 [shell_command.py:_check_proc_success()] - Command (git -C /home/jay/moonraker describe --always --tags --long --dirty --abbrev=8) successfully finished
2026-09-16 09:10:34,900 [shell_command.py:_check_proc_success()] - Command (git -C /home/jay/moonraker rev-parse origin/master) successfully finished
2026-09-16 09:10:34,917 [shell_command.py:_check_proc_success()] - Command (git -C /home/jay/moonraker describe origin/master --always --tags --long --abbrev=8) successfully finished
2026-09-16 09:10:34,935 [shell_command.py:_check_proc_success()] - Command (git -C /home/jay/moonraker rev-list HEAD..1cfb0c41e468645951a371621f06d32777b6107c --count) successfully finished
2026-09-16 09:10:34,952 [shell_command.py:_check_proc_success()] - Command (git -C /home/jay/moonraker log d5ee17128bb88434aacdab90c2e9e990e2b64e4a..origin/master --format="sha:%H%x1Dauthor:%an%x1Ddate:%ct%x1Dsubject:%s%x1Dmessage:%b%x1E" --max-count=100) successfully finished
2026-09-16 09:10:35,025 [shell_command.py:_check_proc_success()] - Command (git -C /home/jay/moonraker for-each-ref --count=100 --sort='-creatordate' --contains=HEAD --merged=origin/master --format='%(if)%(*objecttype)%(then)%(*objecttype) %(*objectname)%(else)%(objecttype) %(objectname)%(end) %(refname)' 'refs/tags') successfully finished
2026-09-16 09:10:35,026 [git_deploy.py:log_repo_info()] - Git Repo moonraker Detected:
Owner: Arksine
Repository Name: moonraker
Path: /home/jay/moonraker
Remote: origin
Branch: master
Remote URL: https://github.com/Arksine/moonraker.git
Recovery URL: https://github.com/Arksine/moonraker.git
Current Commit SHA: d5ee17128bb88434aacdab90c2e9e990e2b64e4a
Upstream Commit SHA: 1cfb0c41e468645951a371621f06d32777b6107c
Current Version: v0.10.0-31-gd5ee1712
Upstream Version: v0.11.0-1-g1cfb0c41
Rollback Commit: 9bceead932e7d0afa1a8394a3171d81e71fcda9b
Rollback Branch: master
Rollback Version: v0.10.0-21-g9bceead9
Is Dirty: False
Is Detached: False
Is Shallow: False
Commits Behind Count: 8
Diverged: False
Pinned Commit: None
Repo Warnings:
  Repo has untracked source files: ['moonraker/components/timelapse.py']
2026-09-16 09:10:35,026 [base_deploy.py:log_info()] - Git Repo moonraker: Channel: dev
2026-09-16 09:10:35,026 [base_deploy.py:log_info()] - Git Repo moonraker: Validity check for git repo passed
2026-09-16 09:10:35,059 [server.py:_handle_term_signal()] - Exiting with signal SIGTERM
2026-09-16 09:10:35,398 [websockets.py:write_to_socket()] - Websocket closed while writing: 548503729872
2026-09-16 09:10:35,595 [websockets.py:on_close()] - Websocket Closed: ID: 548503729872 Close Code: 1001, Close Reason: Server Shutdown, Pong Time Elapsed: 5.50
2026-09-16 09:10:35,596 [klippy_connection.py:_on_connection_closed()] - Klippy Connection Removed
2026-09-16 09:10:35,617 [server.py:main()] - Server Shutdown
-------------------- Log Start | Wed Sep 16 12:10:36 2026 --------------------
platform: Linux-6.12.93+rpt-rpi-v8-aarch64-with-glibc2.36
data_path: /home/jay/printer_data
is_default_data_path: False
config_file: /home/jay/printer_data/config/moonraker.conf
backup_config: /home/jay/printer_data/config/.moonraker.conf.bkp
startup_warnings: []
verbose: False
debug: False
asyncio_debug: False
is_backup_config: False
is_python_package: True
instance_uuid: b16af6156b6b4e7997b9aa3e543490ce
unix_socket_path: /home/jay/printer_data/comms/moonraker.sock
structured_logging: False
software_version: v0.10.0-31-gd5ee171
git_branch: master
git_remote: origin
git_repo_url: https://github.com/Arksine/moonraker.git
modified_files: []
unofficial_components: []
log_file: /home/jay/printer_data/logs/moonraker.log
python_version: 3.11.2 (main, Apr  8 2026, 01:58:00) [GCC 12.2.0]
launch_args: /home/jay/moonraker-env/bin/python /home/jay/moonraker/moonraker/__main__.py
msgspec_enabled: True
uvloop_enabled: True
2026-09-16 09:10:36,272 [confighelper.py:read_file()] - Configuration File '/home/jay/printer_data/config/moonraker.conf' parsed, total size: 1240 B
2026-09-16 09:10:36,272 [server.py:add_log_rollover_item()] - 
#################### Moonraker Configuration ####################

[server]
host = 0.0.0.0
port = 7125
max_upload_size = 1024
klippy_uds_address = ~/printer_data/comms/klippy.sock

[file_manager]
enable_object_processing = False

[authorization]
cors_domains = 
	https://my.mainsail.xyz
	http://my.mainsail.xyz
	http://*.local
	http://*.lan
trusted_clients = 
	10.0.0.0/8
	127.0.0.0/8
	169.254.0.0/16
	172.16.0.0/12
	192.168.0.0/16
	FE80::/10
	::1/128

[octoprint_compat]

[history]

[announcements]
subscriptions = 
	mainsail

[update_manager]
refresh_interval = 168
enable_auto_refresh = True

[update_manager mainsail]
type = web
channel = stable
repo = mainsail-crew/mainsail
path = ~/mainsail

[update_manager mainsail-config]
type = git_repo
primary_branch = master
path = ~/mainsail-config
origin = https://github.com/mainsail-crew/mainsail-config.git
managed_services = klipper

#################################################################
All Configuration Files:
/home/jay/printer_data/config/moonraker.conf
#################################################################
2026-09-16 09:10:36,341 [server.py:load_component()] - Component (secrets) loaded
2026-09-16 09:10:36,346 [server.py:load_component()] - Component (template) loaded
2026-09-16 09:10:36,352 [server.py:load_component()] - Component (klippy_connection) loaded
2026-09-16 09:10:36,791 [application.py:__init__()] - Detected Tornado Version 6.5.6
2026-09-16 09:10:36,792 [server.py:load_component()] - Component (application) loaded
2026-09-16 09:10:36,808 [server.py:load_component()] - Component (websockets) loaded
2026-09-16 09:10:36,821 [server.py:add_log_rollover_item()] - Loading Sqlite database provider. Sqlite Version: 3.40.1
2026-09-16 09:10:36,823 [server.py:add_log_rollover_item()] - Unsafe Shutdown Count: 12
2026-09-16 09:10:36,825 [server.py:load_component()] - Component (database) loaded
2026-09-16 09:10:36,864 [server.py:load_component()] - Component (dbus_manager) loaded
2026-09-16 09:10:36,879 [file_manager.py:__init__()] - Using File System Observer: inotify
2026-09-16 09:10:36,891 [server.py:load_component()] - Component (file_manager) loaded
2026-09-16 09:10:36,903 [database.py:register_table()] - Found registered table authorized_users
2026-09-16 09:10:36,904 [authorization.py:__init__()] - Authorization Configuration Loaded
Trusted Clients:
10.0.0.0/8
127.0.0.0/8
169.254.0.0/16
172.16.0.0/12
192.168.0.0/16
fe80::/10
::1/128
CORS Domains:
https://my\.mainsail\.xyz
http://my\.mainsail\.xyz
http://.*\.local
http://.*\.lan
2026-09-16 09:10:36,907 [server.py:load_component()] - Component (authorization) loaded
2026-09-16 09:10:36,909 [server.py:load_component()] - Component (klippy_apis) loaded
2026-09-16 09:10:36,966 [server.py:add_log_rollover_item()] - 
System Info:

***python***
  version: (3, 11, 2, 'final', 0)
  version_string: 3.11.2 (main, Apr  8 2026, 01:58:00) [GCC 12.2.0]

***cpu_info***
  cpu_count: 4
  bits: 64bit
  processor: aarch64
  cpu_desc: 
  serial_number: 100000009a565b05
  hardware_desc: 
  model: Raspberry Pi 4 Model B Rev 1.1
  total_memory: 748988
  memory_units: kB

***sd_info***
  manufacturer_id: 03
  manufacturer: Sandisk
  oem_id: 5344
  product_name: SU16G
  product_revision: 8.0
  serial_number: 1044cc4e
  manufacturer_date: 9/2013
  capacity: 14.8 GiB
  total_bytes: 15931539456

***distribution***
  name: Debian GNU/Linux 12 (bookworm)
  id: debian
  version: 12
  version_parts: {'major': '12', 'minor': '', 'build_number': ''}
  like: 
  codename: bookworm
  release_info: {'name': 'MainsailOS', 'version_id': '2.2.2', 'codename': 'bookworm', 'id': 'mainsailos'}
  kernel_version: 6.12.93+rpt-rpi-v8

***virtualization***
  virt_type: none
  virt_identifier: none

***network***

***canbus***

***Allowed Services***
  klipper_mcu
  webcamd
  MoonCord
  KlipperScreen
  moonraker-telegram-bot
  moonraker-obico
  sonar
  crowsnest
  octoeverywhere
  ratos-configurator
2026-09-16 09:10:36,968 [server.py:load_component()] - Component (shell_command) loaded
2026-09-16 09:10:36,968 [machine.py:__init__()] - Using System Provider: systemd_dbus
2026-09-16 09:10:37,055 [server.py:add_log_rollover_item()] - Found libcamera Python module, version: v0.5.2+99-bfd68f78
2026-09-16 09:10:37,055 [server.py:load_component()] - Component (machine) loaded
2026-09-16 09:10:37,058 [server.py:load_component()] - Component (data_store) loaded
2026-09-16 09:10:37,059 [proc_stats.py:__init__()] - Detected 'vcgencmd', throttle checking enabled
2026-09-16 09:10:37,060 [proc_stats.py:_get_cpu_thermal_file()] - Monitoring temperature for Raspberry Pi CPU
2026-09-16 09:10:37,061 [server.py:load_component()] - Component (proc_stats) loaded
2026-09-16 09:10:37,062 [server.py:load_component()] - Component (job_state) loaded
2026-09-16 09:10:37,064 [server.py:load_component()] - Component (job_queue) loaded
2026-09-16 09:10:37,067 [database.py:register_table()] - Found registered table job_history
2026-09-16 09:10:37,067 [database.py:register_table()] - Found registered table job_totals
2026-09-16 09:10:37,069 [server.py:load_component()] - Component (history) loaded
2026-09-16 09:10:37,073 [server.py:load_component()] - Component (http_client) loaded
2026-09-16 09:10:37,077 [server.py:load_component()] - Component (announcements) loaded
2026-09-16 09:10:37,079 [server.py:load_component()] - Component (webcam) loaded
2026-09-16 09:10:37,081 [server.py:load_component()] - Component (extensions) loaded
2026-09-16 09:10:37,128 [base_deploy.py:log_info()] - Git Repo moonraker: Detected virtualenv: /home/jay/moonraker-env
2026-09-16 09:10:37,131 [base_deploy.py:log_info()] - Git Repo klipper: Detected virtualenv: /home/jay/klippy-env
2026-09-16 09:10:37,137 [server.py:load_component()] - Component (update_manager) loaded
2026-09-16 09:10:37,141 [server.py:load_component()] - Component (octoprint_compat) loaded
2026-09-16 09:10:37,141 [server.py:_initialize_component()] - Performing Component Post Init: [database]
2026-09-16 09:10:37,156 [server.py:_initialize_component()] - Performing Component Post Init: [dbus_manager]
2026-09-16 09:10:37,163 [server.py:_initialize_component()] - Performing Component Post Init: [authorization]
2026-09-16 09:10:37,165 [server.py:_initialize_component()] - Performing Component Post Init: [machine]
2026-09-16 09:10:37,166 [machine.py:validation_init()] - Installation version in database up to date
2026-09-16 09:10:37,473 [machine.py:check_virt_status()] - No Virtualization Detected
2026-09-16 09:10:37,489 [machine.py:_find_public_ip()] - Detected Local IP: 192.168.2.197
2026-09-16 09:10:37,490 [webcam.py:_set_default_host_ip()] - Default public webcam address set: http://192.168.2.197
2026-09-16 09:10:37,528 [server.py:add_log_rollover_item()] - 
Systemd unit moonraker.service:
unit_name: moonraker.service
is_default: True
manager: systemd
Properties:
**Requires=['system.slice', 'sysinit.target', 'network-online.target']
**After=['system.slice', 'network-online.target', 'systemd-journald.socket', 'klipper.service', 'sysinit.target', 'basic.target']
**SupplementaryGroups=['moonraker-admin']
**EnvironmentFiles=/home/jay/printer_data/systemd/moonraker.env
**ExecStart=/home/jay/moonraker-env/bin/python $MOONRAKER_ARGS
**WorkingDirectory=
**FragmentPath=/etc/systemd/system/moonraker.service
**Description=API Server for Klipper SV1
**User=jay
2026-09-16 09:10:37,528 [server.py:_initialize_component()] - Performing Component Post Init: [proc_stats]
2026-09-16 09:10:37,528 [server.py:_initialize_component()] - Performing Component Post Init: [history]
2026-09-16 09:10:37,533 [server.py:_initialize_component()] - Performing Component Post Init: [announcements]
2026-09-16 09:10:37,551 [server.py:_initialize_component()] - Performing Component Post Init: [webcam]
2026-09-16 09:10:37,551 [webcam.py:_set_default_host_ip()] - Default public webcam address set: http://192.168.2.197
2026-09-16 09:10:37,555 [server.py:_initialize_component()] - Performing Component Post Init: [klippy_connection]
2026-09-16 09:10:37,555 [server.py:add_log_rollover_item()] - 
Systemd unit klipper.service:
unit_name: klipper.service
is_default: True
manager: systemd
Properties:
**Requires=['sysinit.target', '-.mount', 'system.slice']
**After=['systemd-journald.socket', 'basic.target', 'network-online.target', 'sysinit.target', 'system.slice', '-.mount']
**SupplementaryGroups=[]
**EnvironmentFiles=/home/jay/printer_data/systemd/klipper.env
**ExecStart=/home/jay/klippy-env/bin/python $KLIPPER_ARGS
**WorkingDirectory=/home/jay/klipper
**FragmentPath=/etc/systemd/system/klipper.service
**Description=Klipper 3D Printer Firmware SV1
**User=jay
2026-09-16 09:10:37,556 [server.py:_initialize_component()] - Performing Component Post Init: [update_manager]
2026-09-16 09:10:37,657 [base_deploy.py:log_info()] - PackageDeploy: PackageKit Provider Configured
2026-09-16 09:10:37,659 [base_deploy.py:log_info()] - Git Repo moonraker: Pip Version: 25.2, Python Version: 3.11
Last checked on 2026-06-16 03:29:47.708957+00:00
2026-09-16 09:10:37,660 [git_deploy.py:log_repo_info()] - Git Repo moonraker Detected:
Owner: Arksine
Repository Name: moonraker
Path: /home/jay/moonraker
Remote: origin
Branch: master
Remote URL: https://github.com/Arksine/moonraker.git
Recovery URL: https://github.com/Arksine/moonraker.git
Current Commit SHA: d5ee17128bb88434aacdab90c2e9e990e2b64e4a
Upstream Commit SHA: 1cfb0c41e468645951a371621f06d32777b6107c
Current Version: v0.10.0-31-gd5ee1712
Upstream Version: v0.11.0-1-g1cfb0c41
Rollback Commit: 9bceead932e7d0afa1a8394a3171d81e71fcda9b
Rollback Branch: master
Rollback Version: v0.10.0-21-g9bceead9
Is Dirty: False
Is Detached: False
Is Shallow: False
Commits Behind Count: 8
Diverged: False
Pinned Commit: None
Repo Warnings:
  Repo has untracked source files: ['moonraker/components/timelapse.py']
2026-09-16 09:10:37,663 [git_deploy.py:log_repo_info()] - Git Repo klipper Detected:
Owner: Klipper3d
Repository Name: klipper
Path: /home/jay/klipper
Remote: origin
Branch: master
Remote URL: https://github.com/Klipper3d/klipper.git
Recovery URL: https://github.com/Klipper3d/klipper.git
Current Commit SHA: ?
Upstream Commit SHA: ?
Current Version: ?
Upstream Version: ?
Rollback Commit: 0d1445a7236717c6ab77b020e9950817461227d2
Rollback Branch: master
Rollback Version: v0.13.0-594-g0d1445a7
Is Dirty: False
Is Detached: False
Is Shallow: False
Commits Behind Count: 19
Diverged: False
Pinned Commit: None
2026-09-16 09:10:37,667 [base_deploy.py:log_info()] - Web Client mainsail: Detected
Repo: mainsail-crew/mainsail
Channel: stable
Path: /home/jay/mainsail
Local Version: v2.18.0
Remote Version: v2.18.2
Valid: True
Fallback Detected: False
Pre-release: False
Download Url: https://github.com/mainsail-crew/mainsail/releases/download/v2.18.2/mainsail.zip
Download Size: 3133520
Content Type: application/zip
Rollback Version: v2.17.0
Rollback Repo: mainsail-crew/mainsail
2026-09-16 09:10:37,669 [git_deploy.py:log_repo_info()] - Git Repo mainsail-config Detected:
Owner: mainsail-crew
Repository Name: mainsail-config
Path: /home/jay/mainsail-config
Remote: origin
Branch: master
Remote URL: https://github.com/mainsail-crew/mainsail-config.git
Recovery URL: https://github.com/mainsail-crew/mainsail-config.git
Current Commit SHA: ?
Upstream Commit SHA: ?
Current Version: ?
Upstream Version: ?
Rollback Commit: ff3869a621db17ce3ef660adbbd3fa321995ac42
Rollback Branch: master
Rollback Version: v1.2.1-1-gff3869a6
Is Dirty: False
Is Detached: False
Is Shallow: False
Commits Behind Count: 0
Diverged: False
Pinned Commit: None
2026-09-16 09:10:37,670 [base_deploy.py:log_info()] - PackageKit: Next refresh in: 4 Days, 15 Hours, 24 Minutes, 26 Seconds
2026-09-16 09:10:37,670 [base_deploy.py:log_info()] - Git Repo moonraker: Next refresh in: 6 Days, 23 Hours, 59 Minutes, 57 Seconds
2026-09-16 09:10:37,670 [base_deploy.py:log_info()] - Git Repo klipper: Next refresh in: 4 Days, 15 Hours, 24 Minutes, 31 Seconds
2026-09-16 09:10:37,670 [base_deploy.py:log_info()] - Web Client mainsail: Next refresh in: 4 Days, 15 Hours, 24 Minutes, 32 Seconds
2026-09-16 09:10:37,670 [base_deploy.py:log_info()] - Git Repo mainsail-config: Next refresh in: 4 Days, 15 Hours, 24 Minutes, 35 Seconds
2026-09-16 09:10:37,693 [extensions.py:start_unix_server()] - Creating Unix Domain Socket at '/home/jay/printer_data/comms/moonraker.sock'
2026-09-16 09:10:37,694 [server.py:start_server()] - Starting Moonraker on (0.0.0.0, 7125), Hostname: ares-am8
2026-09-16 09:10:37,695 [application.py:listen()] - SSL Certificate/Key not configured, aborting HTTPS Server startup
2026-09-16 09:10:37,946 [klippy_connection.py:_do_connect()] - Klippy Connection Established
2026-09-16 09:10:38,235 [server.py:add_log_rollover_item()] - Klipper Version: v0.13.0-699-gc707dd192
2026-09-16 09:10:38,246 [klippy_connection.py:_request_initial_subscriptions()] - Webhooks Subscribed
2026-09-16 09:10:38,246 [klippy_connection.py:_request_initial_subscriptions()] - GCode Output Subscribed
2026-09-16 09:10:38,497 [job_state.py:_handle_started()] - Job state initialized: standby
2026-09-16 09:10:38,752 [klippy_connection.py:_check_ready()] - Klippy ready
2026-09-16 09:10:39,250 [data_store.py:_init_sensors()] - Configuring available sensors: ['heater_bed', 'extruder']
2026-09-16 09:10:39,768 [authorization.py:_check_trusted_connection()] - Trusted Connection Detected, IP: 192.168.2.252
2026-09-16 09:10:39,772 [application.py:log_request()] - 101 GET /websocket (192.168.2.252) [_TRUSTED_USER_] 5.58ms
2026-09-16 09:10:39,772 [websockets.py:open()] - Websocket Opened: ID: 548451762384, Proxied: True, User Agent: Mozilla/5.0 (Windows NT 10.0; Win64; x64) AppleWebKit/537.36 (KHTML, like Gecko) Chrome/107.0.0.0 Safari/537.36 Edg/107.0.1418.52 BBL-Slicer/v01.10.01.50 (dark) BBL-Language/en, Host Name: ares-am8.local
2026-09-16 09:10:39,778 [websockets.py:_handle_identify()] - Websocket 548451762384 Client Identified - Name: mainsail, Version: 2.18.0, Type: web
2026-09-16 09:10:45,837 [shell_command.py:_check_proc_success()] - Command (git -C /home/jay/mainsail-config checkout -q master) successfully finished
2026-09-16 09:10:45,869 [shell_command.py:_check_proc_success()] - Command (git -C /home/jay/mainsail-config reset --hard origin/master) successfully finished
2026-09-16 09:10:45,891 [shell_command.py:_check_proc_success()] - Command (git -C /home/jay/mainsail-config status --porcelain -b) successfully finished
2026-09-16 09:10:45,912 [shell_command.py:_check_proc_success()] - Command (git -C /home/jay/mainsail-config branch --list --no-color) successfully finished
2026-09-16 09:10:45,951 [shell_command.py:_check_proc_success()] - Command (git -C /home/jay/mainsail-config remote get-url origin) successfully finished
2026-09-16 09:10:46,439 [shell_command.py:_check_proc_success()] - Command (git -C /home/jay/mainsail-config fetch origin --prune --progress) successfully finished
2026-09-16 09:10:46,455 [shell_command.py:_check_proc_success()] - Command (git -C /home/jay/mainsail-config merge-base --is-ancestor HEAD origin/master) successfully finished
2026-09-16 09:10:46,471 [shell_command.py:_check_proc_success()] - Command (git -C /home/jay/mainsail-config rev-parse HEAD) successfully finished
2026-09-16 09:10:46,489 [shell_command.py:_check_proc_success()] - Command (git -C /home/jay/mainsail-config describe --always --tags --long --dirty --abbrev=8) successfully finished
2026-09-16 09:10:46,504 [shell_command.py:_check_proc_success()] - Command (git -C /home/jay/mainsail-config rev-parse origin/master) successfully finished
2026-09-16 09:10:46,521 [shell_command.py:_check_proc_success()] - Command (git -C /home/jay/mainsail-config describe origin/master --always --tags --long --abbrev=8) successfully finished
2026-09-16 09:10:46,538 [shell_command.py:_check_proc_success()] - Command (git -C /home/jay/mainsail-config rev-list HEAD..ff3869a621db17ce3ef660adbbd3fa321995ac42 --count) successfully finished
2026-09-16 09:10:46,539 [git_deploy.py:log_repo_info()] - Git Repo mainsail-config Detected:
Owner: mainsail-crew
Repository Name: mainsail-config
Path: /home/jay/mainsail-config
Remote: origin
Branch: master
Remote URL: https://github.com/mainsail-crew/mainsail-config.git
Recovery URL: https://github.com/mainsail-crew/mainsail-config.git
Current Commit SHA: ff3869a621db17ce3ef660adbbd3fa321995ac42
Upstream Commit SHA: ff3869a621db17ce3ef660adbbd3fa321995ac42
Current Version: v1.2.1-1-gff3869a6
Upstream Version: v1.2.1-1-gff3869a6
Rollback Commit: ff3869a621db17ce3ef660adbbd3fa321995ac42
Rollback Branch: master
Rollback Version: v1.2.1-1-gff3869a6
Is Dirty: False
Is Detached: False
Is Shallow: False
Commits Behind Count: 0
Diverged: False
Pinned Commit: None
2026-09-16 09:10:46,539 [base_deploy.py:log_info()] - Git Repo mainsail-config: Channel: dev
2026-09-16 09:10:46,539 [base_deploy.py:log_info()] - Git Repo mainsail-config: Validity check for git repo passed
2026-09-16 09:10:46,580 [klippy_connection.py:_on_connection_closed()] - Klippy Connection Removed
2026-09-16 09:10:47,340 [klippy_connection.py:_do_connect()] - Klippy Connection Established
2026-09-16 09:10:48,860 [klippy_connection.py:_request_initial_subscriptions()] - Webhooks Subscribed
2026-09-16 09:10:48,861 [klippy_connection.py:_request_initial_subscriptions()] - GCode Output Subscribed
2026-09-16 09:10:49,112 [job_state.py:_handle_started()] - Job state initialized: standby
2026-09-16 09:10:49,366 [klippy_connection.py:_check_ready()] - Klippy ready
2026-09-16 09:10:49,867 [data_store.py:_init_sensors()] - Configuring available sensors: ['heater_bed', 'extruder']
2026-09-16 09:10:52,205 [shell_command.py:_check_proc_success()] - Command (git -C /home/jay/klipper checkout -q master) successfully finished
2026-09-16 09:10:52,526 [shell_command.py:_check_proc_success()] - Command (git -C /home/jay/klipper reset --hard origin/master) successfully finished
2026-09-16 09:10:52,593 [shell_command.py:_check_proc_success()] - Command (git -C /home/jay/klipper status --porcelain -b) successfully finished
2026-09-16 09:10:52,616 [shell_command.py:_check_proc_success()] - Command (git -C /home/jay/klipper branch --list --no-color) successfully finished
2026-09-16 09:10:52,659 [shell_command.py:_check_proc_success()] - Command (git -C /home/jay/klipper remote get-url origin) successfully finished
2026-09-16 09:10:57,055 [shell_command.py:_check_proc_success()] - Command (git -C /home/jay/klipper fetch origin --prune --progress) successfully finished
2026-09-16 09:10:57,073 [shell_command.py:_check_proc_success()] - Command (git -C /home/jay/klipper merge-base --is-ancestor HEAD origin/master) successfully finished
2026-09-16 09:10:57,089 [shell_command.py:_check_proc_success()] - Command (git -C /home/jay/klipper rev-parse HEAD) successfully finished
2026-09-16 09:10:57,221 [shell_command.py:_check_proc_success()] - Command (git -C /home/jay/klipper describe --always --tags --long --dirty --abbrev=8) successfully finished
2026-09-16 09:10:57,236 [shell_command.py:_check_proc_success()] - Command (git -C /home/jay/klipper rev-parse origin/master) successfully finished
2026-09-16 09:10:57,355 [shell_command.py:_check_proc_success()] - Command (git -C /home/jay/klipper describe origin/master --always --tags --long --abbrev=8) successfully finished
2026-09-16 09:10:57,372 [shell_command.py:_check_proc_success()] - Command (git -C /home/jay/klipper rev-list HEAD..9871eeef13b7e9d37287b0df4106b25d7e47bdf8 --count) successfully finished
2026-09-16 09:10:57,393 [shell_command.py:_check_proc_success()] - Command (git -C /home/jay/klipper log d865997403cad36d105026f73a4b76dcacec4c76..origin/master --format="sha:%H%x1Dauthor:%an%x1Ddate:%ct%x1Dsubject:%s%x1Dmessage:%b%x1E" --max-count=100) successfully finished
2026-09-16 09:10:57,523 [shell_command.py:_check_proc_success()] - Command (git -C /home/jay/klipper for-each-ref --count=100 --sort='-creatordate' --contains=HEAD --merged=origin/master --format='%(if)%(*objecttype)%(then)%(*objecttype) %(*objectname)%(else)%(objecttype) %(objectname)%(end) %(refname)' 'refs/tags') successfully finished
2026-09-16 09:10:57,523 [git_deploy.py:log_repo_info()] - Git Repo klipper Detected:
Owner: Klipper3d
Repository Name: klipper
Path: /home/jay/klipper
Remote: origin
Branch: master
Remote URL: https://github.com/Klipper3d/klipper.git
Recovery URL: https://github.com/Klipper3d/klipper.git
Current Commit SHA: d865997403cad36d105026f73a4b76dcacec4c76
Upstream Commit SHA: 9871eeef13b7e9d37287b0df4106b25d7e47bdf8
Current Version: v0.13.0-718-gd8659974
Upstream Version: v0.13.0-762-g9871eeef
Rollback Commit: 0d1445a7236717c6ab77b020e9950817461227d2
Rollback Branch: master
Rollback Version: v0.13.0-594-g0d1445a7
Is Dirty: False
Is Detached: False
Is Shallow: False
Commits Behind Count: 44
Diverged: False
Pinned Commit: None
2026-09-16 09:10:57,523 [base_deploy.py:log_info()] - Git Repo klipper: Channel: dev
2026-09-16 09:10:57,523 [base_deploy.py:log_info()] - Git Repo klipper: Validity check for git repo passed
2026-09-16 09:10:57,580 [klippy_connection.py:_on_connection_closed()] - Klippy Connection Removed
2026-09-16 09:11:16,131 [klippy_connection.py:_do_connect()] - Klippy Connection Established
2026-09-16 09:11:16,520 [server.py:add_log_rollover_item()] - Klipper Version: v0.13.0-718-gd86599740
2026-09-16 09:11:17,856 [klippy_connection.py:_request_initial_subscriptions()] - Webhooks Subscribed
2026-09-16 09:11:17,857 [klippy_connection.py:_request_initial_subscriptions()] - GCode Output Subscribed
2026-09-16 09:11:18,108 [job_state.py:_handle_started()] - Job state initialized: standby
2026-09-16 09:11:18,364 [klippy_connection.py:_check_ready()] - Klippy ready
2026-09-16 09:11:18,865 [data_store.py:_init_sensors()] - Configuring available sensors: ['heater_bed', 'extruder']
2026-09-16 09:12:17,934 [shell_command.py:_check_proc_success()] - Command (git -C /home/jay/moonraker fetch origin --prune --progress) successfully finished
2026-09-16 09:12:17,951 [shell_command.py:_check_proc_success()] - Command (git -C /home/jay/moonraker merge-base --is-ancestor HEAD origin/master) successfully finished
2026-09-16 09:12:18,431 [shell_command.py:_check_proc_success()] - Command (git -C /home/jay/moonraker pull --progress) successfully finished
2026-09-16 09:12:19,290 [shell_command.py:_check_proc_success()] - Command (/home/jay/moonraker-env/bin/python -m pip --version) successfully finished
2026-09-16 09:13:45,661 [shell_command.py:pipe_data_received()] - 
[notice] A new release of pip is available: 25.2 -> 26.2.1
[notice] To update, run: /home/jay/moonraker-env/bin/python -m pip install --upgrade pip

2026-09-16 09:13:46,619 [shell_command.py:_check_proc_success()] - Command (/home/jay/moonraker-env/bin/python -m pip install -U -r /home/jay/moonraker/scripts/moonraker-requirements.txt) successfully finished
2026-09-16 09:13:46,857 [shell_command.py:_check_proc_success()] - Command (git -C /home/jay/moonraker status --porcelain -b) successfully finished
2026-09-16 09:13:46,873 [shell_command.py:_check_proc_success()] - Command (git -C /home/jay/moonraker branch --list --no-color) successfully finished
2026-09-16 09:13:46,909 [shell_command.py:_check_proc_success()] - Command (git -C /home/jay/moonraker remote get-url origin) successfully finished
2026-09-16 09:13:46,931 [shell_command.py:_check_proc_success()] - Command (git -C /home/jay/moonraker merge-base --is-ancestor HEAD origin/master) successfully finished
2026-09-16 09:13:46,947 [shell_command.py:_check_proc_success()] - Command (git -C /home/jay/moonraker rev-parse HEAD) successfully finished
2026-09-16 09:13:46,991 [shell_command.py:_check_proc_success()] - Command (git -C /home/jay/moonraker describe --always --tags --long --dirty --abbrev=8) successfully finished
2026-09-16 09:13:47,007 [shell_command.py:_check_proc_success()] - Command (git -C /home/jay/moonraker rev-parse origin/master) successfully finished
2026-09-16 09:13:47,025 [shell_command.py:_check_proc_success()] - Command (git -C /home/jay/moonraker describe origin/master --always --tags --long --abbrev=8) successfully finished
2026-09-16 09:13:47,048 [shell_command.py:_check_proc_success()] - Command (git -C /home/jay/moonraker rev-list HEAD..1cfb0c41e468645951a371621f06d32777b6107c --count) successfully finished
2026-09-16 09:13:47,049 [git_deploy.py:log_repo_info()] - Git Repo moonraker Detected:
Owner: Arksine
Repository Name: moonraker
Path: /home/jay/moonraker
Remote: origin
Branch: master
Remote URL: https://github.com/Arksine/moonraker.git
Recovery URL: https://github.com/Arksine/moonraker.git
Current Commit SHA: 1cfb0c41e468645951a371621f06d32777b6107c
Upstream Commit SHA: 1cfb0c41e468645951a371621f06d32777b6107c
Current Version: v0.11.0-1-g1cfb0c41
Upstream Version: v0.11.0-1-g1cfb0c41
Rollback Commit: d5ee17128bb88434aacdab90c2e9e990e2b64e4a
Rollback Branch: master
Rollback Version: v0.10.0-31-gd5ee1712
Is Dirty: False
Is Detached: False
Is Shallow: False
Commits Behind Count: 0
Diverged: False
Pinned Commit: None
Repo Warnings:
  Repo has untracked source files: ['moonraker/components/timelapse.py']
2026-09-16 09:13:47,049 [base_deploy.py:log_info()] - Git Repo moonraker: Channel: dev
2026-09-16 09:13:47,049 [base_deploy.py:log_info()] - Git Repo moonraker: Validity check for git repo passed
2026-09-16 09:13:47,344 [server.py:_handle_term_signal()] - Exiting with signal SIGTERM
2026-09-16 09:13:47,457 [websockets.py:on_close()] - Websocket Closed: ID: 548451762384 Close Code: 1001, Close Reason: Server Shutdown, Pong Time Elapsed: 7.67
2026-09-16 09:13:47,458 [klippy_connection.py:_on_connection_closed()] - Klippy Connection Removed
2026-09-16 09:13:47,511 [server.py:main()] - Server Shutdown
-------------------- Log Start | Wed Sep 16 12:13:48 2026 --------------------
platform: Linux-6.12.93+rpt-rpi-v8-aarch64-with-glibc2.36
data_path: /home/jay/printer_data
is_default_data_path: False
config_file: /home/jay/printer_data/config/moonraker.conf
backup_config: /home/jay/printer_data/config/.moonraker.conf.bkp
startup_warnings: []
verbose: False
debug: False
asyncio_debug: False
is_backup_config: False
is_python_package: True
instance_uuid: b16af6156b6b4e7997b9aa3e543490ce
unix_socket_path: /home/jay/printer_data/comms/moonraker.sock
structured_logging: False
software_version: v0.11.0-1-g1cfb0c4
git_branch: master
git_remote: origin
git_repo_url: https://github.com/Arksine/moonraker.git
modified_files: []
unofficial_components: []
log_file: /home/jay/printer_data/logs/moonraker.log
python_version: 3.11.2 (main, Apr  8 2026, 01:58:00) [GCC 12.2.0]
launch_args: /home/jay/moonraker-env/bin/python /home/jay/moonraker/moonraker/__main__.py
msgspec_enabled: True
uvloop_enabled: True
2026-09-16 09:13:48,905 [confighelper.py:read_file()] - Configuration File '/home/jay/printer_data/config/moonraker.conf' parsed, total size: 1240 B
2026-09-16 09:13:48,905 [server.py:add_log_rollover_item()] - 
#################### Moonraker Configuration ####################

[server]
host = 0.0.0.0
port = 7125
max_upload_size = 1024
klippy_uds_address = ~/printer_data/comms/klippy.sock

[file_manager]
enable_object_processing = False

[authorization]
cors_domains = 
	https://my.mainsail.xyz
	http://my.mainsail.xyz
	http://*.local
	http://*.lan
trusted_clients = 
	10.0.0.0/8
	127.0.0.0/8
	169.254.0.0/16
	172.16.0.0/12
	192.168.0.0/16
	FE80::/10
	::1/128

[octoprint_compat]

[history]

[announcements]
subscriptions = 
	mainsail

[update_manager]
refresh_interval = 168
enable_auto_refresh = True

[update_manager mainsail]
type = web
channel = stable
repo = mainsail-crew/mainsail
path = ~/mainsail

[update_manager mainsail-config]
type = git_repo
primary_branch = master
path = ~/mainsail-config
origin = https://github.com/mainsail-crew/mainsail-config.git
managed_services = klipper

#################################################################
All Configuration Files:
/home/jay/printer_data/config/moonraker.conf
#################################################################
2026-09-16 09:13:49,015 [server.py:load_component()] - Component (secrets) loaded
2026-09-16 09:13:49,023 [server.py:load_component()] - Component (template) loaded
2026-09-16 09:13:49,029 [server.py:load_component()] - Component (klippy_connection) loaded
2026-09-16 09:13:51,742 [application.py:__init__()] - Detected Tornado Version 6.5.8
2026-09-16 09:13:51,744 [server.py:load_component()] - Component (application) loaded
2026-09-16 09:13:51,778 [server.py:load_component()] - Component (websockets) loaded
2026-09-16 09:13:51,802 [server.py:add_log_rollover_item()] - Loading Sqlite database provider. Sqlite Version: 3.40.1
2026-09-16 09:13:51,808 [server.py:add_log_rollover_item()] - Unsafe Shutdown Count: 12
2026-09-16 09:13:51,811 [server.py:load_component()] - Component (database) loaded
2026-09-16 09:13:51,867 [server.py:load_component()] - Component (dbus_manager) loaded
2026-09-16 09:13:51,894 [file_manager.py:__init__()] - Using File System Observer: inotify
2026-09-16 09:13:51,930 [server.py:load_component()] - Component (file_manager) loaded
2026-09-16 09:13:51,987 [database.py:register_table()] - Found registered table authorized_users
2026-09-16 09:13:51,995 [authorization.py:__init__()] - Authorization Configuration Loaded
Trusted Clients:
10.0.0.0/8
127.0.0.0/8
169.254.0.0/16
172.16.0.0/12
192.168.0.0/16
fe80::/10
::1/128
CORS Domains:
https://my\.mainsail\.xyz
http://my\.mainsail\.xyz
http://.*\.local
http://.*\.lan
2026-09-16 09:13:51,997 [server.py:load_component()] - Component (authorization) loaded
2026-09-16 09:13:52,001 [server.py:load_component()] - Component (klippy_apis) loaded
2026-09-16 09:13:52,183 [server.py:add_log_rollover_item()] - 
System Info:

***python***
  version: (3, 11, 2, 'final', 0)
  version_string: 3.11.2 (main, Apr  8 2026, 01:58:00) [GCC 12.2.0]

***cpu_info***
  cpu_count: 4
  bits: 64bit
  processor: aarch64
  cpu_desc: 
  serial_number: 100000009a565b05
  hardware_desc: 
  model: Raspberry Pi 4 Model B Rev 1.1
  total_memory: 748988
  memory_units: kB

***sd_info***
  manufacturer_id: 03
  manufacturer: Sandisk
  oem_id: 5344
  product_name: SU16G
  product_revision: 8.0
  serial_number: 1044cc4e
  manufacturer_date: 9/2013
  capacity: 14.8 GiB
  total_bytes: 15931539456

***distribution***
  name: Debian GNU/Linux 12 (bookworm)
  id: debian
  version: 12
  version_parts: {'major': '12', 'minor': '', 'build_number': ''}
  like: 
  codename: bookworm
  release_info: {'name': 'MainsailOS', 'version_id': '2.2.2', 'codename': 'bookworm', 'id': 'mainsailos'}
  kernel_version: 6.12.93+rpt-rpi-v8

***virtualization***
  virt_type: none
  virt_identifier: none

***network***

***canbus***

***Allowed Services***
  klipper_mcu
  webcamd
  MoonCord
  KlipperScreen
  moonraker-telegram-bot
  moonraker-obico
  sonar
  crowsnest
  octoeverywhere
  ratos-configurator
2026-09-16 09:13:52,186 [server.py:load_component()] - Component (shell_command) loaded
2026-09-16 09:13:52,187 [machine.py:__init__()] - Using System Provider: systemd_dbus
2026-09-16 09:13:52,393 [server.py:add_log_rollover_item()] - Found libcamera Python module, version: v0.5.2+99-bfd68f78
2026-09-16 09:13:52,393 [server.py:load_component()] - Component (machine) loaded
2026-09-16 09:13:52,397 [server.py:load_component()] - Component (data_store) loaded
2026-09-16 09:13:52,399 [proc_stats.py:__init__()] - Detected 'vcgencmd', throttle checking enabled
2026-09-16 09:13:52,400 [proc_stats.py:_get_cpu_thermal_file()] - Monitoring temperature for Raspberry Pi CPU
2026-09-16 09:13:52,401 [server.py:load_component()] - Component (proc_stats) loaded
2026-09-16 09:13:52,403 [server.py:load_component()] - Component (job_state) loaded
2026-09-16 09:13:52,407 [server.py:load_component()] - Component (job_queue) loaded
2026-09-16 09:13:52,410 [database.py:register_table()] - Found registered table job_history
2026-09-16 09:13:52,411 [database.py:register_table()] - Found registered table job_totals
2026-09-16 09:13:52,412 [server.py:load_component()] - Component (history) loaded
2026-09-16 09:13:52,418 [server.py:load_component()] - Component (http_client) loaded
2026-09-16 09:13:52,423 [server.py:load_component()] - Component (announcements) loaded
2026-09-16 09:13:52,428 [server.py:load_component()] - Component (webcam) loaded
2026-09-16 09:13:52,431 [server.py:load_component()] - Component (extensions) loaded
2026-09-16 09:13:52,436 [server.py:load_component()] - Component (octoprint_compat) loaded
2026-09-16 09:13:52,581 [base_deploy.py:log_info()] - Git Repo moonraker: Detected virtualenv: /home/jay/moonraker-env
2026-09-16 09:13:52,585 [base_deploy.py:log_info()] - Git Repo klipper: Detected virtualenv: /home/jay/klippy-env
2026-09-16 09:13:52,602 [server.py:load_component()] - Component (update_manager) loaded
2026-09-16 09:13:52,602 [server.py:_initialize_component()] - Performing Component Post Init: [database]
2026-09-16 09:13:52,616 [server.py:_initialize_component()] - Performing Component Post Init: [dbus_manager]
2026-09-16 09:13:52,623 [server.py:_initialize_component()] - Performing Component Post Init: [authorization]
2026-09-16 09:13:52,624 [server.py:_initialize_component()] - Performing Component Post Init: [machine]
2026-09-16 09:13:52,626 [machine.py:validation_init()] - Installation version in database up to date
2026-09-16 09:13:52,880 [machine.py:check_virt_status()] - No Virtualization Detected
2026-09-16 09:13:52,896 [machine.py:_find_public_ip()] - Detected Local IP: 192.168.2.197
2026-09-16 09:13:52,898 [webcam.py:_set_default_host_ip()] - Default public webcam address set: http://192.168.2.197
2026-09-16 09:13:52,936 [server.py:add_log_rollover_item()] - 
Systemd unit moonraker.service:
unit_name: moonraker.service
is_default: True
manager: systemd
Properties:
**Requires=['system.slice', 'sysinit.target', 'network-online.target']
**After=['system.slice', 'network-online.target', 'systemd-journald.socket', 'klipper.service', 'sysinit.target', 'basic.target']
**SupplementaryGroups=['moonraker-admin']
**EnvironmentFiles=/home/jay/printer_data/systemd/moonraker.env
**ExecStart=/home/jay/moonraker-env/bin/python $MOONRAKER_ARGS
**WorkingDirectory=
**FragmentPath=/etc/systemd/system/moonraker.service
**Description=API Server for Klipper SV1
**User=jay
2026-09-16 09:13:52,936 [server.py:_initialize_component()] - Performing Component Post Init: [proc_stats]
2026-09-16 09:13:52,936 [server.py:_initialize_component()] - Performing Component Post Init: [history]
2026-09-16 09:13:52,943 [server.py:_initialize_component()] - Performing Component Post Init: [announcements]
2026-09-16 09:13:52,962 [server.py:_initialize_component()] - Performing Component Post Init: [webcam]
2026-09-16 09:13:52,963 [webcam.py:_set_default_host_ip()] - Default public webcam address set: http://192.168.2.197
2026-09-16 09:13:52,965 [server.py:_initialize_component()] - Performing Component Post Init: [klippy_connection]
2026-09-16 09:13:52,966 [server.py:add_log_rollover_item()] - 
Systemd unit klipper.service:
unit_name: klipper.service
is_default: True
manager: systemd
Properties:
**Requires=['sysinit.target', '-.mount', 'system.slice']
**After=['systemd-journald.socket', 'basic.target', 'network-online.target', 'sysinit.target', 'system.slice', '-.mount']
**SupplementaryGroups=[]
**EnvironmentFiles=/home/jay/printer_data/systemd/klipper.env
**ExecStart=/home/jay/klippy-env/bin/python $KLIPPER_ARGS
**WorkingDirectory=/home/jay/klipper
**FragmentPath=/etc/systemd/system/klipper.service
**Description=Klipper 3D Printer Firmware SV1
**User=jay
2026-09-16 09:13:52,966 [server.py:_initialize_component()] - Performing Component Post Init: [update_manager]
2026-09-16 09:13:53,417 [base_deploy.py:log_info()] - PackageDeploy: PackageKit Provider Configured
2026-09-16 09:13:53,418 [base_deploy.py:log_info()] - Git Repo moonraker: Pip Version: 25.2, Python Version: 3.11
Last checked on 2026-09-16 12:12:19.291381+00:00
2026-09-16 09:13:53,419 [git_deploy.py:log_repo_info()] - Git Repo moonraker Detected:
Owner: Arksine
Repository Name: moonraker
Path: /home/jay/moonraker
Remote: origin
Branch: master
Remote URL: https://github.com/Arksine/moonraker.git
Recovery URL: https://github.com/Arksine/moonraker.git
Current Commit SHA: 1cfb0c41e468645951a371621f06d32777b6107c
Upstream Commit SHA: 1cfb0c41e468645951a371621f06d32777b6107c
Current Version: v0.11.0-1-g1cfb0c41
Upstream Version: v0.11.0-1-g1cfb0c41
Rollback Commit: d5ee17128bb88434aacdab90c2e9e990e2b64e4a
Rollback Branch: master
Rollback Version: v0.10.0-31-gd5ee1712
Is Dirty: False
Is Detached: False
Is Shallow: False
Commits Behind Count: 0
Diverged: False
Pinned Commit: None
Repo Warnings:
  Repo has untracked source files: ['moonraker/components/timelapse.py']
2026-09-16 09:13:53,422 [git_deploy.py:log_repo_info()] - Git Repo klipper Detected:
Owner: Klipper3d
Repository Name: klipper
Path: /home/jay/klipper
Remote: origin
Branch: master
Remote URL: https://github.com/Klipper3d/klipper.git
Recovery URL: https://github.com/Klipper3d/klipper.git
Current Commit SHA: d865997403cad36d105026f73a4b76dcacec4c76
Upstream Commit SHA: 9871eeef13b7e9d37287b0df4106b25d7e47bdf8
Current Version: v0.13.0-718-gd8659974
Upstream Version: v0.13.0-762-g9871eeef
Rollback Commit: 0d1445a7236717c6ab77b020e9950817461227d2
Rollback Branch: master
Rollback Version: v0.13.0-594-g0d1445a7
Is Dirty: False
Is Detached: False
Is Shallow: False
Commits Behind Count: 44
Diverged: False
Pinned Commit: None
2026-09-16 09:13:53,427 [base_deploy.py:log_info()] - Web Client mainsail: Detected
Repo: mainsail-crew/mainsail
Channel: stable
Path: /home/jay/mainsail
Local Version: v2.18.0
Remote Version: v2.18.2
Valid: True
Fallback Detected: False
Pre-release: False
Download Url: https://github.com/mainsail-crew/mainsail/releases/download/v2.18.2/mainsail.zip
Download Size: 3133520
Content Type: application/zip
Rollback Version: v2.17.0
Rollback Repo: mainsail-crew/mainsail
2026-09-16 09:13:53,429 [git_deploy.py:log_repo_info()] - Git Repo mainsail-config Detected:
Owner: mainsail-crew
Repository Name: mainsail-config
Path: /home/jay/mainsail-config
Remote: origin
Branch: master
Remote URL: https://github.com/mainsail-crew/mainsail-config.git
Recovery URL: https://github.com/mainsail-crew/mainsail-config.git
Current Commit SHA: ff3869a621db17ce3ef660adbbd3fa321995ac42
Upstream Commit SHA: ff3869a621db17ce3ef660adbbd3fa321995ac42
Current Version: v1.2.1-1-gff3869a6
Upstream Version: v1.2.1-1-gff3869a6
Rollback Commit: ff3869a621db17ce3ef660adbbd3fa321995ac42
Rollback Branch: master
Rollback Version: v1.2.1-1-gff3869a6
Is Dirty: False
Is Detached: False
Is Shallow: False
Commits Behind Count: 0
Diverged: False
Pinned Commit: None
2026-09-16 09:13:53,429 [base_deploy.py:log_info()] - PackageKit: Next refresh in: 4 Days, 15 Hours, 21 Minutes, 10 Seconds
2026-09-16 09:13:53,429 [base_deploy.py:log_info()] - Git Repo moonraker: Next refresh in: 6 Days, 23 Hours, 59 Minutes, 54 Seconds
2026-09-16 09:13:53,429 [base_deploy.py:log_info()] - Git Repo klipper: Next refresh in: 6 Days, 23 Hours, 57 Minutes, 4 Seconds
2026-09-16 09:13:53,429 [base_deploy.py:log_info()] - Web Client mainsail: Next refresh in: 4 Days, 15 Hours, 21 Minutes, 17 Seconds
2026-09-16 09:13:53,429 [base_deploy.py:log_info()] - Git Repo mainsail-config: Next refresh in: 6 Days, 23 Hours, 56 Minutes, 53 Seconds
2026-09-16 09:13:53,455 [extensions.py:start_unix_server()] - Creating Unix Domain Socket at '/home/jay/printer_data/comms/moonraker.sock'
2026-09-16 09:13:53,456 [server.py:start_server()] - Starting Moonraker on (0.0.0.0, 7125), Hostname: ares-am8
2026-09-16 09:13:53,457 [application.py:listen()] - SSL Certificate/Key not configured, aborting HTTPS Server startup
2026-09-16 09:13:53,708 [klippy_connection.py:_do_connect()] - Klippy Connection Established
2026-09-16 09:13:54,004 [server.py:add_log_rollover_item()] - Klipper Version: v0.13.0-718-gd86599740
2026-09-16 09:13:54,029 [klippy_connection.py:_request_initial_subscriptions()] - Webhooks Subscribed
2026-09-16 09:13:54,029 [klippy_connection.py:_request_initial_subscriptions()] - GCode Output Subscribed
2026-09-16 09:13:54,283 [job_state.py:_handle_started()] - Job state initialized: standby
2026-09-16 09:13:54,534 [klippy_connection.py:_check_ready()] - Klippy ready
2026-09-16 09:13:55,033 [data_store.py:_init_sensors()] - Configuring available sensors: ['heater_bed', 'extruder']
2026-09-16 09:15:26,860 [web.py:log_exception()] - 401 GET /api/job (192.168.2.2): Invalid API Key
2026-09-16 09:15:26,873 [application.py:log_request()] - 401 GET /api/job (192.168.2.2 via 127.0.0.1) [No User] 16.15ms
2026-09-16 09:19:36,350 [authorization.py:_check_trusted_connection()] - Trusted Connection Detected, IP: 192.168.2.252
2026-09-16 09:19:36,354 [application.py:log_request()] - 101 GET /websocket (192.168.2.252 via 127.0.0.1) [_TRUSTED_USER_] 6.94ms
2026-09-16 09:19:36,355 [websockets.py:open()] - Websocket Opened: ID: 547575391184, Proxied: True, User Agent: Mozilla/5.0 (Windows NT 10.0; Win64; x64) AppleWebKit/537.36 (KHTML, like Gecko) Chrome/107.0.0.0 Safari/537.36 Edg/107.0.1418.52 BBL-Slicer/v01.10.01.50 (dark) BBL-Language/en, Host Name: ares-am8.local
2026-09-16 09:19:36,360 [websockets.py:_handle_identify()] - Websocket 547575391184 Client Identified - Name: mainsail, Version: 2.18.0, Type: web
2026-09-16 09:19:51,093 [base_deploy.py:log_info()] - Web Client mainsail: Detected
Repo: mainsail-crew/mainsail
Channel: stable
Path: /home/jay/mainsail
Local Version: v2.18.2
Remote Version: v2.18.2
Valid: True
Fallback Detected: False
Pre-release: False
Download Url: https://github.com/mainsail-crew/mainsail/releases/download/v2.18.2/mainsail.zip
Download Size: 3133520
Content Type: application/zip
Rollback Version: v2.18.0
Rollback Repo: mainsail-crew/mainsail
2026-09-16 09:25:27,255 [web.py:log_exception()] - 401 GET /api/job (192.168.2.2): Invalid API Key
2026-09-16 09:25:27,262 [application.py:log_request()] - 401 GET /api/job (192.168.2.2 via 127.0.0.1) [No User] 8.98ms
2026-09-16 09:26:04,484 [websockets.py:on_close()] - Websocket Closed: ID: 547575391184 Close Code: 1001, Close Reason: None, Pong Time Elapsed: 8.10
2026-09-16 09:26:05,694 [application.py:log_request()] - 101 GET /websocket (192.168.2.252 via 127.0.0.1) [_TRUSTED_USER_] 1.84ms
2026-09-16 09:26:05,694 [websockets.py:open()] - Websocket Opened: ID: 547575279120, Proxied: True, User Agent: Mozilla/5.0 (Windows NT 10.0; Win64; x64) AppleWebKit/537.36 (KHTML, like Gecko) Chrome/107.0.0.0 Safari/537.36 Edg/107.0.1418.52 BBL-Slicer/v01.10.01.50 (dark) BBL-Language/en, Host Name: ares-am8.local
2026-09-16 09:26:05,705 [websockets.py:_handle_identify()] - Websocket 547575279120 Client Identified - Name: mainsail, Version: 2.18.2, Type: web
2026-09-16 09:27:10,630 [application.py:prepare()] - Upload Request Received from 192.168.2.252
Content-Type: multipart/form-data; boundary=----WebKitFormBoundaryRAr2SAiJeaHsCgQm
2026-09-16 09:27:10,649 [application.py:post()] - Processing Uploaded File: printer.cfg
2026-09-16 09:27:10,661 [application.py:log_request()] - 201 POST /server/files/upload (192.168.2.252 via 127.0.0.1) [_TRUSTED_USER_] 32.18ms
2026-09-16 09:27:11,512 [klippy_connection.py:_on_connection_closed()] - Klippy Connection Removed
2026-09-16 09:27:12,769 [klippy_connection.py:_do_connect()] - Klippy Connection Established
2026-09-16 09:27:19,097 [klippy_connection.py:_request_initial_subscriptions()] - Webhooks Subscribed
2026-09-16 09:27:19,098 [klippy_connection.py:_request_initial_subscriptions()] - GCode Output Subscribed
2026-09-16 09:27:19,349 [job_state.py:_handle_started()] - Job state initialized: standby
2026-09-16 09:27:19,615 [klippy_connection.py:_check_ready()] - Klippy ready
2026-09-16 09:27:20,107 [data_store.py:_init_sensors()] - Configuring available sensors: ['heater_bed', 'extruder']
2026-09-16 09:34:06,938 [application.py:prepare()] - Upload Request Received from 192.168.2.252
Content-Type: multipart/form-data; boundary=----WebKitFormBoundaryodrbnEeNfXaznLpn
2026-09-16 09:34:06,956 [application.py:post()] - Processing Uploaded File: printer.cfg
2026-09-16 09:34:06,965 [application.py:log_request()] - 201 POST /server/files/upload (192.168.2.252 via 127.0.0.1) [_TRUSTED_USER_] 28.90ms
2026-09-16 09:35:04,968 [application.py:prepare()] - Upload Request Received from 192.168.2.252
Content-Type: multipart/form-data; boundary=----WebKitFormBoundaryn1oW4gUjk93AOMYu
2026-09-16 09:35:04,985 [application.py:post()] - Processing Uploaded File: printer.cfg
2026-09-16 09:35:04,995 [application.py:log_request()] - 201 POST /server/files/upload (192.168.2.252 via 127.0.0.1) [_TRUSTED_USER_] 29.30ms
2026-09-16 09:35:06,038 [klippy_connection.py:_on_connection_closed()] - Klippy Connection Removed
2026-09-16 09:35:07,295 [klippy_connection.py:_do_connect()] - Klippy Connection Established
2026-09-16 09:35:14,380 [klippy_connection.py:_request_initial_subscriptions()] - Webhooks Subscribed
2026-09-16 09:35:14,381 [klippy_connection.py:_request_initial_subscriptions()] - GCode Output Subscribed
2026-09-16 09:35:14,631 [job_state.py:_handle_started()] - Job state initialized: standby
2026-09-16 09:35:14,890 [klippy_connection.py:_check_ready()] - Klippy ready
2026-09-16 09:35:15,390 [data_store.py:_init_sensors()] - Configuring available sensors: ['heater_bed', 'extruder']
2026-09-16 09:35:27,518 [web.py:log_exception()] - 401 GET /api/job (192.168.2.2): Invalid API Key
2026-09-16 09:35:27,523 [application.py:log_request()] - 401 GET /api/job (192.168.2.2 via 127.0.0.1) [No User] 7.44ms
2026-09-16 09:36:56,956 [klippy_connection.py:wait()] - Request 'gcode/script' pending: 60.00 seconds
2026-09-16 09:37:56,957 [klippy_connection.py:wait()] - Request 'gcode/script' pending: 120.00 seconds
2026-09-16 09:38:56,958 [klippy_connection.py:wait()] - Request 'gcode/script' pending: 180.00 seconds
2026-09-16 09:39:56,959 [klippy_connection.py:wait()] - Request 'gcode/script' pending: 240.00 seconds
2026-09-16 09:41:28,170 [klippy_connection.py:_process_status_update()] - Klippy has shutdown
2026-09-16 09:41:28,175 [proc_stats.py:_handle_shutdown()] - 
Moonraker System Usage Statistics:
System Time: 1789562458.431964, Usage: 1.34%, Memory: 68576 kB
System Time: 1789562459.431771, Usage: 1.36%, Memory: 68576 kB
System Time: 1789562460.431538, Usage: 1.32%, Memory: 68576 kB
System Time: 1789562461.432186, Usage: 1.35%, Memory: 68576 kB
System Time: 1789562462.433942, Usage: 1.35%, Memory: 68576 kB
System Time: 1789562463.433243, Usage: 1.36%, Memory: 68576 kB
System Time: 1789562464.434181, Usage: 2.59%, Memory: 68576 kB
System Time: 1789562465.435072, Usage: 1.46%, Memory: 68576 kB
System Time: 1789562466.435175, Usage: 1.52%, Memory: 68576 kB
System Time: 1789562467.435635, Usage: 1.38%, Memory: 68576 kB
System Time: 1789562468.435822, Usage: 1.33%, Memory: 68576 kB
System Time: 1789562469.435850, Usage: 1.34%, Memory: 68576 kB
System Time: 1789562470.436209, Usage: 1.33%, Memory: 68576 kB
System Time: 1789562471.436406, Usage: 1.36%, Memory: 68576 kB
System Time: 1789562472.436669, Usage: 1.34%, Memory: 68576 kB
System Time: 1789562473.436468, Usage: 1.38%, Memory: 68576 kB
System Time: 1789562474.437955, Usage: 2.64%, Memory: 68576 kB
System Time: 1789562475.437658, Usage: 1.46%, Memory: 68576 kB
System Time: 1789562476.437629, Usage: 1.51%, Memory: 68576 kB
System Time: 1789562477.437803, Usage: 1.37%, Memory: 68576 kB
System Time: 1789562478.437369, Usage: 1.34%, Memory: 68576 kB
System Time: 1789562479.437169, Usage: 1.38%, Memory: 68576 kB
System Time: 1789562480.437649, Usage: 1.33%, Memory: 68576 kB
System Time: 1789562481.437275, Usage: 1.35%, Memory: 68576 kB
System Time: 1789562482.437178, Usage: 1.33%, Memory: 68576 kB
System Time: 1789562483.436356, Usage: 1.32%, Memory: 68576 kB
System Time: 1789562484.438585, Usage: 2.37%, Memory: 68576 kB
System Time: 1789562485.437558, Usage: 1.46%, Memory: 68576 kB
System Time: 1789562486.437872, Usage: 1.5%, Memory: 68576 kB
System Time: 1789562487.437504, Usage: 1.38%, Memory: 68576 kB
CPU Temperature: 45.277
2026-09-16 09:41:28,178 [proc_stats.py:_handle_shutdown()] - Throttled Flags: 
2026-09-16 09:42:37,747 [klippy_connection.py:_on_connection_closed()] - Klippy Connection Removed
2026-09-16 09:42:39,003 [klippy_connection.py:_do_connect()] - Klippy Connection Established
2026-09-16 09:42:40,554 [klippy_connection.py:_request_initial_subscriptions()] - Webhooks Subscribed
2026-09-16 09:42:40,554 [klippy_connection.py:_request_initial_subscriptions()] - GCode Output Subscribed
2026-09-16 09:42:40,556 [klippy_connection.py:_check_ready()] - 
Can not update MCU 'mcu' config as it is shutdown
Once the underlying issue is corrected, use the
"FIRMWARE_RESTART" command to reset the firmware, reload the
config, and restart the host software.
Error configuring printer

2026-09-16 09:42:46,657 [klippy_connection.py:_on_connection_closed()] - Klippy Connection Removed
2026-09-16 09:42:47,914 [klippy_connection.py:_do_connect()] - Klippy Connection Established
2026-09-16 09:42:54,097 [common.py:build_error()] - JSON-RPC Request Error - Requested Method: printer.gcode.script, Code: 400, Message: 
Printer is not ready
The klippy host software is attempting to connect.  Please
retry in a few moments.

2026-09-16 09:42:55,002 [klippy_connection.py:_request_initial_subscriptions()] - Webhooks Subscribed
2026-09-16 09:42:55,003 [klippy_connection.py:_request_initial_subscriptions()] - GCode Output Subscribed
2026-09-16 09:42:55,254 [job_state.py:_handle_started()] - Job state initialized: standby
2026-09-16 09:42:55,515 [klippy_connection.py:_check_ready()] - Klippy ready
2026-09-16 09:42:56,013 [data_store.py:_init_sensors()] - Configuring available sensors: ['heater_bed', 'extruder']
2026-09-16 09:43:04,252 [common.py:build_error()] - JSON-RPC Request Error - Requested Method: printer.gcode.script, Code: 400, Message: Must home axis first: 110.000 110.000 20.000 [0.000]
2026-09-16 09:44:23,534 [klippy_connection.py:wait()] - Request 'gcode/script' pending: 60.00 seconds
2026-09-16 09:45:23,555 [klippy_connection.py:wait()] - Request 'gcode/script' pending: 120.02 seconds
2026-09-16 09:45:27,868 [web.py:log_exception()] - 401 GET /api/job (192.168.2.2): Invalid API Key
2026-09-16 09:45:27,874 [application.py:log_request()] - 401 GET /api/job (192.168.2.2 via 127.0.0.1) [No User] 8.56ms
2026-09-16 09:46:23,568 [klippy_connection.py:wait()] - Request 'gcode/script' pending: 180.04 seconds
2026-09-16 09:47:23,582 [klippy_connection.py:wait()] - Request 'gcode/script' pending: 240.05 seconds
2026-09-16 09:48:14,754 [klippy_connection.py:_on_connection_closed()] - Klippy Connection Removed
2026-09-16 09:48:16,012 [klippy_connection.py:_do_connect()] - Klippy Connection Established
2026-09-16 09:48:18,074 [klippy_connection.py:_request_initial_subscriptions()] - Webhooks Subscribed
2026-09-16 09:48:18,075 [klippy_connection.py:_request_initial_subscriptions()] - GCode Output Subscribed
2026-09-16 09:48:18,325 [job_state.py:_handle_started()] - Job state initialized: standby
2026-09-16 09:48:18,579 [klippy_connection.py:_check_ready()] - Klippy ready
2026-09-16 09:48:19,080 [data_store.py:_init_sensors()] - Configuring available sensors: ['heater_bed', 'extruder']
2026-09-16 09:52:20,251 [klippy_connection.py:_process_status_update()] - Klippy has shutdown
2026-09-16 09:52:20,255 [proc_stats.py:_handle_shutdown()] - 
Moonraker System Usage Statistics:
System Time: 1789563110.636246, Usage: 1.34%, Memory: 69616 kB
System Time: 1789563111.637167, Usage: 1.36%, Memory: 69616 kB
System Time: 1789563112.638108, Usage: 1.34%, Memory: 69616 kB
System Time: 1789563113.639265, Usage: 1.37%, Memory: 69616 kB
System Time: 1789563114.640616, Usage: 2.65%, Memory: 69616 kB
System Time: 1789563115.640221, Usage: 1.47%, Memory: 69616 kB
System Time: 1789563116.640926, Usage: 1.53%, Memory: 69616 kB
System Time: 1789563117.641108, Usage: 1.38%, Memory: 69616 kB
System Time: 1789563118.641666, Usage: 1.35%, Memory: 69616 kB
System Time: 1789563119.641886, Usage: 1.37%, Memory: 69616 kB
System Time: 1789563120.641910, Usage: 1.35%, Memory: 69616 kB
System Time: 1789563121.641691, Usage: 1.35%, Memory: 69616 kB
System Time: 1789563122.641601, Usage: 1.33%, Memory: 69616 kB
System Time: 1789563123.641382, Usage: 1.38%, Memory: 69616 kB
System Time: 1789563124.642218, Usage: 2.66%, Memory: 69616 kB
System Time: 1789563125.641915, Usage: 1.48%, Memory: 69616 kB
System Time: 1789563126.641707, Usage: 1.5%, Memory: 69616 kB
System Time: 1789563127.641463, Usage: 1.37%, Memory: 69616 kB
System Time: 1789563128.641377, Usage: 1.34%, Memory: 69616 kB
System Time: 1789563129.641305, Usage: 1.37%, Memory: 69616 kB
System Time: 1789563130.642130, Usage: 1.35%, Memory: 69616 kB
System Time: 1789563131.643294, Usage: 1.37%, Memory: 69616 kB
System Time: 1789563132.644056, Usage: 1.33%, Memory: 69616 kB
System Time: 1789563133.644925, Usage: 1.37%, Memory: 69616 kB
System Time: 1789563134.645968, Usage: 2.64%, Memory: 69616 kB
System Time: 1789563135.646173, Usage: 1.46%, Memory: 69616 kB
System Time: 1789563136.644640, Usage: 1.43%, Memory: 69616 kB
System Time: 1789563137.644464, Usage: 1.12%, Memory: 69616 kB
System Time: 1789563138.644216, Usage: 1.1%, Memory: 69616 kB
System Time: 1789563139.644040, Usage: 1.12%, Memory: 69616 kB
CPU Temperature: 45.277
2026-09-16 09:52:20,257 [proc_stats.py:_handle_shutdown()] - Throttled Flags: 
2026-09-16 09:52:31,963 [klippy_connection.py:_on_connection_closed()] - Klippy Connection Removed
2026-09-16 09:52:33,218 [klippy_connection.py:_do_connect()] - Klippy Connection Established
2026-09-16 09:52:38,898 [klippy_connection.py:_on_connection_closed()] - Klippy Connection Removed
2026-09-16 09:52:40,153 [klippy_connection.py:_do_connect()] - Klippy Connection Established
                                                                                                                                                                                                                                                                                          -------------------- Log Start | Wed Sep 16 12:53:02 2026 --------------------
platform: Linux-6.12.93+rpt-rpi-v8-aarch64-with-glibc2.36
data_path: /home/jay/printer_data
is_default_data_path: False
config_file: /home/jay/printer_data/config/moonraker.conf
backup_config: /home/jay/printer_data/config/.moonraker.conf.bkp
startup_warnings: []
verbose: False
debug: False
asyncio_debug: False
is_backup_config: False
is_python_package: True
instance_uuid: b16af6156b6b4e7997b9aa3e543490ce
unix_socket_path: /home/jay/printer_data/comms/moonraker.sock
structured_logging: False
software_version: v0.11.0-1-g1cfb0c4
git_branch: master
git_remote: origin
git_repo_url: https://github.com/Arksine/moonraker.git
modified_files: []
unofficial_components: []
log_file: /home/jay/printer_data/logs/moonraker.log
python_version: 3.11.2 (main, Apr  8 2026, 01:58:00) [GCC 12.2.0]
launch_args: /home/jay/moonraker-env/bin/python /home/jay/moonraker/moonraker/__main__.py
msgspec_enabled: True
uvloop_enabled: True
2026-09-16 09:53:02,341 [confighelper.py:read_file()] - Configuration File '/home/jay/printer_data/config/moonraker.conf' parsed, total size: 1240 B
2026-09-16 09:53:02,341 [server.py:add_log_rollover_item()] - 
#################### Moonraker Configuration ####################

[server]
host = 0.0.0.0
port = 7125
max_upload_size = 1024
klippy_uds_address = ~/printer_data/comms/klippy.sock

[file_manager]
enable_object_processing = False

[authorization]
cors_domains = 
	https://my.mainsail.xyz
	http://my.mainsail.xyz
	http://*.local
	http://*.lan
trusted_clients = 
	10.0.0.0/8
	127.0.0.0/8
	169.254.0.0/16
	172.16.0.0/12
	192.168.0.0/16
	FE80::/10
	::1/128

[octoprint_compat]

[history]

[announcements]
subscriptions = 
	mainsail

[update_manager]
refresh_interval = 168
enable_auto_refresh = True

[update_manager mainsail]
type = web
channel = stable
repo = mainsail-crew/mainsail
path = ~/mainsail

[update_manager mainsail-config]
type = git_repo
primary_branch = master
path = ~/mainsail-config
origin = https://github.com/mainsail-crew/mainsail-config.git
managed_services = klipper

#################################################################
All Configuration Files:
/home/jay/printer_data/config/moonraker.conf
#################################################################
2026-09-16 09:53:02,530 [server.py:load_component()] - Component (secrets) loaded
2026-09-16 09:53:02,544 [server.py:load_component()] - Component (template) loaded
2026-09-16 09:53:02,551 [server.py:load_component()] - Component (klippy_connection) loaded
2026-09-16 09:53:04,087 [application.py:__init__()] - Detected Tornado Version 6.5.8
2026-09-16 09:53:04,089 [server.py:load_component()] - Component (application) loaded
2026-09-16 09:53:04,132 [server.py:load_component()] - Component (websockets) loaded
2026-09-16 09:53:04,261 [server.py:add_log_rollover_item()] - Loading Sqlite database provider. Sqlite Version: 3.40.1
2026-09-16 09:53:04,275 [server.py:add_log_rollover_item()] - Unsafe Shutdown Count: 13
2026-09-16 09:53:04,281 [server.py:load_component()] - Component (database) loaded
2026-09-16 09:53:04,577 [server.py:load_component()] - Component (dbus_manager) loaded
2026-09-16 09:53:04,632 [file_manager.py:__init__()] - Using File System Observer: inotify
2026-09-16 09:53:04,689 [server.py:load_component()] - Component (file_manager) loaded
2026-09-16 09:53:04,716 [database.py:register_table()] - Found registered table authorized_users
2026-09-16 09:53:04,725 [authorization.py:__init__()] - Authorization Configuration Loaded
Trusted Clients:
10.0.0.0/8
127.0.0.0/8
169.254.0.0/16
172.16.0.0/12
192.168.0.0/16
fe80::/10
::1/128
CORS Domains:
https://my\.mainsail\.xyz
http://my\.mainsail\.xyz
http://.*\.local
http://.*\.lan
2026-09-16 09:53:04,728 [server.py:load_component()] - Component (authorization) loaded
2026-09-16 09:53:04,733 [server.py:load_component()] - Component (klippy_apis) loaded
2026-09-16 09:53:04,893 [server.py:add_log_rollover_item()] - 
System Info:

***python***
  version: (3, 11, 2, 'final', 0)
  version_string: 3.11.2 (main, Apr  8 2026, 01:58:00) [GCC 12.2.0]

***cpu_info***
  cpu_count: 4
  bits: 64bit
  processor: aarch64
  cpu_desc: 
  serial_number: 100000009a565b05
  hardware_desc: 
  model: Raspberry Pi 4 Model B Rev 1.1
  total_memory: 748988
  memory_units: kB

***sd_info***
  manufacturer_id: 03
  manufacturer: Sandisk
  oem_id: 5344
  product_name: SU16G
  product_revision: 8.0
  serial_number: 1044cc4e
  manufacturer_date: 9/2013
  capacity: 14.8 GiB
  total_bytes: 15931539456

***distribution***
  name: Debian GNU/Linux 12 (bookworm)
  id: debian
  version: 12
  version_parts: {'major': '12', 'minor': '', 'build_number': ''}
  like: 
  codename: bookworm
  release_info: {'name': 'MainsailOS', 'version_id': '2.2.2', 'codename': 'bookworm', 'id': 'mainsailos'}
  kernel_version: 6.12.93+rpt-rpi-v8

***virtualization***
  virt_type: none
  virt_identifier: none

***network***

***canbus***

***Allowed Services***
  klipper_mcu
  webcamd
  MoonCord
  KlipperScreen
  moonraker-telegram-bot
  moonraker-obico
  sonar
  crowsnest
  octoeverywhere
  ratos-configurator
2026-09-16 09:53:04,897 [server.py:load_component()] - Component (shell_command) loaded
2026-09-16 09:53:04,897 [machine.py:__init__()] - Using System Provider: systemd_dbus
2026-09-16 09:53:05,026 [server.py:add_log_rollover_item()] - Found libcamera Python module, version: v0.5.2+99-bfd68f78
2026-09-16 09:53:05,026 [server.py:load_component()] - Component (machine) loaded
2026-09-16 09:53:05,030 [server.py:load_component()] - Component (data_store) loaded
2026-09-16 09:53:05,033 [proc_stats.py:__init__()] - Detected 'vcgencmd', throttle checking enabled
2026-09-16 09:53:05,034 [proc_stats.py:_get_cpu_thermal_file()] - Monitoring temperature for Raspberry Pi CPU
2026-09-16 09:53:05,034 [server.py:load_component()] - Component (proc_stats) loaded
2026-09-16 09:53:05,036 [server.py:load_component()] - Component (job_state) loaded
2026-09-16 09:53:05,040 [server.py:load_component()] - Component (job_queue) loaded
2026-09-16 09:53:05,044 [database.py:register_table()] - Found registered table job_history
2026-09-16 09:53:05,044 [database.py:register_table()] - Found registered table job_totals
2026-09-16 09:53:05,046 [server.py:load_component()] - Component (history) loaded
2026-09-16 09:53:05,055 [server.py:load_component()] - Component (http_client) loaded
2026-09-16 09:53:05,061 [server.py:load_component()] - Component (announcements) loaded
2026-09-16 09:53:05,065 [server.py:load_component()] - Component (webcam) loaded
2026-09-16 09:53:05,068 [server.py:load_component()] - Component (extensions) loaded
2026-09-16 09:53:05,073 [server.py:load_component()] - Component (octoprint_compat) loaded
2026-09-16 09:53:05,146 [base_deploy.py:log_info()] - Git Repo moonraker: Detected virtualenv: /home/jay/moonraker-env
2026-09-16 09:53:05,149 [base_deploy.py:log_info()] - Git Repo klipper: Detected virtualenv: /home/jay/klippy-env
2026-09-16 09:53:05,157 [server.py:load_component()] - Component (update_manager) loaded
2026-09-16 09:53:05,157 [server.py:_initialize_component()] - Performing Component Post Init: [database]
2026-09-16 09:53:05,191 [server.py:_initialize_component()] - Performing Component Post Init: [dbus_manager]
2026-09-16 09:53:05,242 [server.py:_initialize_component()] - Performing Component Post Init: [authorization]
2026-09-16 09:53:05,244 [server.py:_initialize_component()] - Performing Component Post Init: [machine]
2026-09-16 09:53:05,245 [machine.py:validation_init()] - Installation version in database up to date
2026-09-16 09:53:05,590 [machine.py:check_virt_status()] - No Virtualization Detected
2026-09-16 09:53:05,685 [server.py:add_log_rollover_item()] - 
Systemd unit moonraker.service:
unit_name: moonraker.service
is_default: True
manager: systemd
Properties:
**Requires=['system.slice', 'sysinit.target', 'network-online.target']
**After=['network-online.target', 'systemd-journald.socket', 'system.slice', 'sysinit.target', 'klipper.service', 'basic.target']
**SupplementaryGroups=['moonraker-admin']
**EnvironmentFiles=/home/jay/printer_data/systemd/moonraker.env
**ExecStart=/home/jay/moonraker-env/bin/python $MOONRAKER_ARGS
**WorkingDirectory=
**FragmentPath=/etc/systemd/system/moonraker.service
**Description=API Server for Klipper SV1
**User=jay
2026-09-16 09:53:05,685 [server.py:_initialize_component()] - Performing Component Post Init: [proc_stats]
2026-09-16 09:53:05,685 [server.py:_initialize_component()] - Performing Component Post Init: [history]
2026-09-16 09:53:05,709 [server.py:_initialize_component()] - Performing Component Post Init: [announcements]
2026-09-16 09:53:05,714 [server.py:_initialize_component()] - Performing Component Post Init: [webcam]
2026-09-16 09:53:05,718 [server.py:_initialize_component()] - Performing Component Post Init: [klippy_connection]
2026-09-16 09:53:05,718 [server.py:add_log_rollover_item()] - 
Systemd unit klipper.service:
unit_name: klipper.service
is_default: True
manager: systemd
Properties:
**Requires=['sysinit.target', '-.mount', 'system.slice']
**After=['systemd-journald.socket', 'basic.target', 'network-online.target', 'sysinit.target', 'system.slice', '-.mount']
**SupplementaryGroups=[]
**EnvironmentFiles=/home/jay/printer_data/systemd/klipper.env
**ExecStart=/home/jay/klippy-env/bin/python $KLIPPER_ARGS
**WorkingDirectory=/home/jay/klipper
**FragmentPath=/etc/systemd/system/klipper.service
**Description=Klipper 3D Printer Firmware SV1
**User=jay
2026-09-16 09:53:05,718 [server.py:_initialize_component()] - Performing Component Post Init: [update_manager]
2026-09-16 09:53:06,067 [base_deploy.py:log_info()] - PackageDeploy: PackageKit Provider Configured
2026-09-16 09:53:06,068 [base_deploy.py:log_info()] - Git Repo moonraker: Pip Version: 25.2, Python Version: 3.11
Last checked on 2026-09-16 12:12:19.291381+00:00
2026-09-16 09:53:06,069 [git_deploy.py:log_repo_info()] - Git Repo moonraker Detected:
Owner: Arksine
Repository Name: moonraker
Path: /home/jay/moonraker
Remote: origin
Branch: master
Remote URL: https://github.com/Arksine/moonraker.git
Recovery URL: https://github.com/Arksine/moonraker.git
Current Commit SHA: 1cfb0c41e468645951a371621f06d32777b6107c
Upstream Commit SHA: 1cfb0c41e468645951a371621f06d32777b6107c
Current Version: v0.11.0-1-g1cfb0c41
Upstream Version: v0.11.0-1-g1cfb0c41
Rollback Commit: d5ee17128bb88434aacdab90c2e9e990e2b64e4a
Rollback Branch: master
Rollback Version: v0.10.0-31-gd5ee1712
Is Dirty: False
Is Detached: False
Is Shallow: False
Commits Behind Count: 0
Diverged: False
Pinned Commit: None
Repo Warnings:
  Repo has untracked source files: ['moonraker/components/timelapse.py']
2026-09-16 09:53:06,070 [git_deploy.py:log_repo_info()] - Git Repo klipper Detected:
Owner: Klipper3d
Repository Name: klipper
Path: /home/jay/klipper
Remote: origin
Branch: master
Remote URL: https://github.com/Klipper3d/klipper.git
Recovery URL: https://github.com/Klipper3d/klipper.git
Current Commit SHA: d865997403cad36d105026f73a4b76dcacec4c76
Upstream Commit SHA: 9871eeef13b7e9d37287b0df4106b25d7e47bdf8
Current Version: v0.13.0-718-gd8659974
Upstream Version: v0.13.0-762-g9871eeef
Rollback Commit: 0d1445a7236717c6ab77b020e9950817461227d2
Rollback Branch: master
Rollback Version: v0.13.0-594-g0d1445a7
Is Dirty: False
Is Detached: False
Is Shallow: False
Commits Behind Count: 44
Diverged: False
Pinned Commit: None
2026-09-16 09:53:06,075 [base_deploy.py:log_info()] - Web Client mainsail: Detected
Repo: mainsail-crew/mainsail
Channel: stable
Path: /home/jay/mainsail
Local Version: v2.18.2
Remote Version: v2.18.2
Valid: True
Fallback Detected: False
Pre-release: False
Download Url: https://github.com/mainsail-crew/mainsail/releases/download/v2.18.2/mainsail.zip
Download Size: 3133520
Content Type: application/zip
Rollback Version: v2.18.0
Rollback Repo: mainsail-crew/mainsail
2026-09-16 09:53:06,077 [git_deploy.py:log_repo_info()] - Git Repo mainsail-config Detected:
Owner: mainsail-crew
Repository Name: mainsail-config
Path: /home/jay/mainsail-config
Remote: origin
Branch: master
Remote URL: https://github.com/mainsail-crew/mainsail-config.git
Recovery URL: https://github.com/mainsail-crew/mainsail-config.git
Current Commit SHA: ff3869a621db17ce3ef660adbbd3fa321995ac42
Upstream Commit SHA: ff3869a621db17ce3ef660adbbd3fa321995ac42
Current Version: v1.2.1-1-gff3869a6
Upstream Version: v1.2.1-1-gff3869a6
Rollback Commit: ff3869a621db17ce3ef660adbbd3fa321995ac42
Rollback Branch: master
Rollback Version: v1.2.1-1-gff3869a6
Is Dirty: False
Is Detached: False
Is Shallow: False
Commits Behind Count: 0
Diverged: False
Pinned Commit: None
2026-09-16 09:53:06,077 [base_deploy.py:log_info()] - PackageKit: Next refresh in: 4 Days, 14 Hours, 41 Minutes, 57 Seconds
2026-09-16 09:53:06,077 [base_deploy.py:log_info()] - Git Repo moonraker: Next refresh in: 6 Days, 23 Hours, 20 Minutes, 41 Seconds
2026-09-16 09:53:06,077 [base_deploy.py:log_info()] - Git Repo klipper: Next refresh in: 6 Days, 23 Hours, 17 Minutes, 51 Seconds
2026-09-16 09:53:06,077 [base_deploy.py:log_info()] - Web Client mainsail: Next refresh in: 6 Days, 23 Hours, 26 Minutes, 45 Seconds
2026-09-16 09:53:06,077 [base_deploy.py:log_info()] - Git Repo mainsail-config: Next refresh in: 6 Days, 23 Hours, 17 Minutes, 40 Seconds
2026-09-16 09:53:06,096 [extensions.py:start_unix_server()] - Creating Unix Domain Socket at '/home/jay/printer_data/comms/moonraker.sock'
2026-09-16 09:53:06,096 [server.py:start_server()] - Starting Moonraker on (0.0.0.0, 7125), Hostname: ares-am8
2026-09-16 09:53:06,097 [application.py:listen()] - SSL Certificate/Key not configured, aborting HTTPS Server startup
2026-09-16 09:53:06,348 [klippy_connection.py:_do_connect()] - Klippy Connection Established
2026-09-16 09:53:06,388 [server.py:add_log_rollover_item()] - 
Systemd unit klipper.service:
unit_name: klipper.service
is_default: True
manager: systemd
Properties:
**Requires=['sysinit.target', 'system.slice', '-.mount']
**After=['basic.target', 'system.slice', '-.mount', 'systemd-journald.socket', 'network-online.target', 'sysinit.target']
**SupplementaryGroups=[]
**EnvironmentFiles=/home/jay/printer_data/systemd/klipper.env
**ExecStart=/home/jay/klippy-env/bin/python $KLIPPER_ARGS
**WorkingDirectory=/home/jay/klipper
**FragmentPath=/etc/systemd/system/klipper.service
**Description=Klipper 3D Printer Firmware SV1
**User=jay
2026-09-16 09:53:06,640 [server.py:add_log_rollover_item()] - Klipper Version: v0.13.0-718-gd86599740
2026-09-16 09:53:06,651 [klippy_connection.py:_request_initial_subscriptions()] - Webhooks Subscribed
2026-09-16 09:53:06,652 [klippy_connection.py:_request_initial_subscriptions()] - GCode Output Subscribed
2026-09-16 09:53:06,902 [job_state.py:_handle_started()] - Job state initialized: standby
2026-09-16 09:53:07,157 [klippy_connection.py:_check_ready()] - Klippy ready
2026-09-16 09:53:07,655 [data_store.py:_init_sensors()] - Configuring available sensors: ['heater_bed', 'extruder']
2026-09-16 09:53:07,728 [announcements.py:_fetch_moonlight()] - Failed to update subscription 'moonraker': [Errno -3] Temporary failure in name resolution
2026-09-16 09:53:09,733 [announcements.py:_fetch_moonlight()] - Failed to update subscription 'klipper': [Errno -3] Temporary failure in name resolution
2026-09-16 09:53:11,741 [announcements.py:_fetch_moonlight()] - Failed to update subscription 'mainsail': [Errno -3] Temporary failure in name resolution
2026-09-16 09:53:15,705 [machine.py:_find_public_ip()] - Detected Local IP: 192.168.2.197
2026-09-16 09:53:15,706 [webcam.py:_set_default_host_ip()] - Default public webcam address set: http://192.168.2.197
2026-09-16 09:55:28,018 [web.py:log_exception()] - 401 GET /api/job (192.168.2.2): Invalid API Key
2026-09-16 09:55:28,040 [application.py:log_request()] - 401 GET /api/job (192.168.2.2 via 127.0.0.1) [No User] 25.18ms
2026-09-16 09:56:04,229 [authorization.py:_check_trusted_connection()] - Trusted Connection Detected, IP: 192.168.2.252
2026-09-16 09:56:04,235 [application.py:log_request()] - 101 GET /websocket (192.168.2.252 via 127.0.0.1) [_TRUSTED_USER_] 7.87ms
2026-09-16 09:56:04,235 [websockets.py:open()] - Websocket Opened: ID: 548070886416, Proxied: True, User Agent: Mozilla/5.0 (Windows NT 10.0; Win64; x64) AppleWebKit/537.36 (KHTML, like Gecko) Chrome/107.0.0.0 Safari/537.36 Edg/107.0.1418.52 BBL-Slicer/v01.10.01.50 (dark) BBL-Language/en, Host Name: ares-am8.local
2026-09-16 09:56:04,240 [websockets.py:_handle_identify()] - Websocket 548070886416 Client Identified - Name: mainsail, Version: 2.18.2, Type: web
2026-09-16 09:57:25,488 [klippy_connection.py:wait()] - Request 'gcode/script' pending: 60.00 seconds
2026-09-16 09:58:25,489 [klippy_connection.py:wait()] - Request 'gcode/script' pending: 120.00 seconds
2026-09-16 09:59:25,491 [klippy_connection.py:wait()] - Request 'gcode/script' pending: 180.00 seconds
2026-09-16 10:00:25,493 [klippy_connection.py:wait()] - Request 'gcode/script' pending: 240.00 seconds
2026-09-16 10:01:11,841 [klippy_connection.py:_on_connection_closed()] - Klippy Connection Removed
2026-09-16 10:01:13,099 [klippy_connection.py:_do_connect()] - Klippy Connection Established
2026-09-16 10:01:15,161 [klippy_connection.py:_request_initial_subscriptions()] - Webhooks Subscribed
2026-09-16 10:01:15,161 [klippy_connection.py:_request_initial_subscriptions()] - GCode Output Subscribed
2026-09-16 10:01:15,412 [job_state.py:_handle_started()] - Job state initialized: standby
2026-09-16 10:01:15,667 [klippy_connection.py:_check_ready()] - Klippy ready
2026-09-16 10:01:16,168 [data_store.py:_init_sensors()] - Configuring available sensors: ['heater_bed', 'extruder']
2026-09-16 10:02:13,089 [klippy_connection.py:_process_status_update()] - Klippy has shutdown
2026-09-16 10:02:13,093 [proc_stats.py:_handle_shutdown()] - 
Moonraker System Usage Statistics:
System Time: 1789563703.686697, Usage: 1.26%, Memory: 66732 kB
System Time: 1789563704.687481, Usage: 1.43%, Memory: 66732 kB
System Time: 1789563705.688879, Usage: 2.4%, Memory: 66732 kB
System Time: 1789563706.687584, Usage: 1.38%, Memory: 66732 kB
System Time: 1789563707.688282, Usage: 1.27%, Memory: 66732 kB
System Time: 1789563708.687993, Usage: 1.28%, Memory: 66732 kB
System Time: 1789563709.687894, Usage: 1.25%, Memory: 66732 kB
System Time: 1789563710.688084, Usage: 1.27%, Memory: 66732 kB
System Time: 1789563711.687920, Usage: 1.27%, Memory: 66732 kB
System Time: 1789563712.688093, Usage: 1.27%, Memory: 66732 kB
System Time: 1789563713.687923, Usage: 1.26%, Memory: 66732 kB
System Time: 1789563714.687985, Usage: 1.43%, Memory: 66732 kB
System Time: 1789563715.688487, Usage: 2.41%, Memory: 66732 kB
System Time: 1789563716.688071, Usage: 1.38%, Memory: 66732 kB
System Time: 1789563717.687817, Usage: 1.26%, Memory: 66732 kB
System Time: 1789563718.687961, Usage: 1.27%, Memory: 66732 kB
System Time: 1789563719.687768, Usage: 1.25%, Memory: 66732 kB
System Time: 1789563720.687799, Usage: 1.27%, Memory: 66732 kB
System Time: 1789563721.688328, Usage: 1.29%, Memory: 66732 kB
System Time: 1789563722.689510, Usage: 1.27%, Memory: 66732 kB
System Time: 1789563723.690119, Usage: 1.25%, Memory: 66732 kB
System Time: 1789563724.690021, Usage: 1.44%, Memory: 66732 kB
System Time: 1789563725.691075, Usage: 2.47%, Memory: 66732 kB
System Time: 1789563726.690246, Usage: 1.39%, Memory: 66732 kB
System Time: 1789563727.689603, Usage: 1.26%, Memory: 66732 kB
System Time: 1789563728.690157, Usage: 1.29%, Memory: 66732 kB
System Time: 1789563729.689646, Usage: 1.25%, Memory: 66732 kB
System Time: 1789563730.690643, Usage: 1.27%, Memory: 66732 kB
System Time: 1789563731.691492, Usage: 1.27%, Memory: 66732 kB
System Time: 1789563732.691692, Usage: 1.26%, Memory: 66732 kB
CPU Temperature: 44.79
2026-09-16 10:02:13,094 [proc_stats.py:_handle_shutdown()] - Throttled Flags: 
2026-09-16 10:04:06,067 [application.py:prepare()] - Upload Request Received from 192.168.2.252
Content-Type: multipart/form-data; boundary=----WebKitFormBoundaryUE1H0rCFpiurqRSO
2026-09-16 10:04:06,086 [application.py:post()] - Processing Uploaded File: printer.cfg
2026-09-16 10:04:06,096 [application.py:log_request()] - 201 POST /server/files/upload (192.168.2.252 via 127.0.0.1) [_TRUSTED_USER_] 31.17ms
2026-09-16 10:04:06,135 [klippy_connection.py:_on_connection_closed()] - Klippy Connection Removed
2026-09-16 10:04:07,392 [klippy_connection.py:_do_connect()] - Klippy Connection Established
2026-09-16 10:05:28,601 [web.py:log_exception()] - 401 GET /api/job (192.168.2.2): Invalid API Key
2026-09-16 10:05:28,607 [application.py:log_request()] - 401 GET /api/job (192.168.2.2 via 127.0.0.1) [No User] 9.60ms
2026-09-16 10:05:43,476 [klippy_connection.py:_request_initial_subscriptions()] - Webhooks Subscribed
2026-09-16 10:05:43,477 [klippy_connection.py:_request_initial_subscriptions()] - GCode Output Subscribed
2026-09-16 10:05:43,480 [klippy_connection.py:_check_ready()] - 
mcu 'btt_lis2dw': Unable to connect
Once the underlying issue is corrected, use the
"FIRMWARE_RESTART" command to reset the firmware, reload the
config, and restart the host software.
Error configuring printer

2026-09-16 10:11:35,226 [klippy_connection.py:_on_connection_closed()] - Klippy Connection Removed
2026-09-16 10:11:36,486 [klippy_connection.py:_do_connect()] - Klippy Connection Established
2026-09-16 10:11:41,064 [klippy_connection.py:_on_connection_closed()] - Klippy Connection Removed
2026-09-16 10:11:42,319 [klippy_connection.py:_do_connect()] - Klippy Connection Established
2026-09-16 10:11:44,162 [klippy_connection.py:_request_initial_subscriptions()] - Webhooks Subscribed
2026-09-16 10:11:44,162 [klippy_connection.py:_request_initial_subscriptions()] - GCode Output Subscribed
2026-09-16 10:11:44,413 [job_state.py:_handle_started()] - Job state initialized: standby
2026-09-16 10:11:44,669 [klippy_connection.py:_check_ready()] - Klippy ready
2026-09-16 10:11:45,169 [data_store.py:_init_sensors()] - Configuring available sensors: ['heater_bed', 'extruder']
2026-09-16 10:15:28,738 [web.py:log_exception()] - 401 GET /api/job (192.168.2.2): Invalid API Key
2026-09-16 10:15:28,744 [application.py:log_request()] - 401 GET /api/job (192.168.2.2 via 127.0.0.1) [No User] 8.40ms
2026-09-16 10:25:29,242 [web.py:log_exception()] - 401 GET /api/job (192.168.2.2): Invalid API Key
2026-09-16 10:25:29,248 [application.py:log_request()] - 401 GET /api/job (192.168.2.2 via 127.0.0.1) [No User] 8.95ms
